date,call_type,call_count,district,latitude,longitude,response_time,destruction_scale,event_category,event_name,event_radius_km,event_description,anomaly_flag
2023-04-27,Disaster,71,Varanasi,25.2219,83.1014,28.1,4.2,Natural,Heatwave,94,Prolonged period of extremely high temperatures affecting vulnerable populations.,False
2023-04-27,Medical,66,Bhubaneswar,20.4785,85.7693,11.9,6.9,Healthcare,Heatstroke Wave,91,"Multiple cases of heatstroke amid extreme temperatures, affecting vulnerable populations.",False
2023-04-27,Medical,32,Visakhapatnam,17.6663,83.2771,12.8,3.1,Healthcare,Heatstroke Wave,45,"Multiple cases of heatstroke amid extreme temperatures, affecting vulnerable populations.",False
2023-04-27,Medical,67,Mumbai,19.0623,73.0629,11.5,3.8,Healthcare,Gastroenteritis Outbreak,128,"Outbreak of gastroenteritis affecting multiple communities, likely from contaminated water.",False
2023-04-27,Fire,29,Shimla,31.2335,77.1357,14.7,9.4,Natural,Forest Fire,109,Wildfire spreading through forest areas threatening nearby settlements.,True
2023-04-27,Disaster,71,Varanasi,25.2219,83.1014,28.1,4.2,Natural,Heatwave,94,Prolonged period of extremely high temperatures affecting vulnerable populations.,False
2023-04-27,Medical,66,Bhubaneswar,20.4785,85.7693,11.9,6.9,Healthcare,Heatstroke Wave,91,Multiple cases of heatstroke amid extreme temperatures affecting vulnerable populations.,False
2023-04-27,Medical,32,Visakhapatnam,17.6663,83.2771,12.8,3.1,Healthcare,Heatstroke Wave,45,Multiple cases of heatstroke amid extreme temperatures affecting vulnerable populations.,False
2023-04-27,Medical,67,Mumbai,19.0623,73.0629,11.5,3.8,Healthcare,Gastroenteritis Outbreak,128,Outbreak of gastroenteritis affecting multiple communities likely from contaminated water.,False
2023-04-27,Fire,29,Shimla,31.2335,77.1357,14.7,9.4,Natural,Forest Fire,109,Wildfire spreading through forest areas threatening nearby settlements.,True
2025-04-27,Medical,90,Allahabad,25.4358,81.8463,18.5,5.3,Healthcare,Leptospirosis Cases,50,Post-monsoon outbreak in flood-affected areas,False
2025-04-27,Disaster,73,Agartala,23.8315,91.2868,22.3,6.15,Natural,Drought,120,Worst drought in decade affecting rice cultivation,True
2025-04-27,Disaster,90,Shimla,31.1048,77.1734,25.7,5.4,Natural,Drought,100,Water shortage in tourist areas,True
2025-04-27,Industrial,69,Vijayawada,16.5062,80.6480,30.2,8.0,Industrial,Power Plant Failure,15,Grid failure affecting 3 districts,True
2025-04-27,Disaster,49,Thiruvananthapuram,8.5241,76.9366,28.9,8.07,Industrial,Chemical Spill,20,Hazardous chemical spill at industrial facility,True
2025-04-27,Disaster,148,Visakhapatnam,17.6868,83.2185,35.5,8.5,Natural,Cyclone,150,Cyclone making landfall with destructive winds,True
2025-04-27,Medical,99,Bhubaneswar,20.2961,85.8245,15.2,6.7,Healthcare,Heatwave,80,Record-breaking temperatures (47°C),False
2025-04-27,Disaster,53,Aizawl,23.7271,92.7176,32.8,7.3,Environmental,Oil Spill,40,Oil pipeline rupture contaminating water sources,True
2025-04-27,Disaster,37,Imphal,24.8170,93.9368,19.5,9.35,Infrastructure,Structural Failure,5,Building collapse in urban area with casualties,True
2025-04-27,Disaster,187,Kolkata,22.5726,88.3639,27.3,6.0,Natural,Lightning Strike Incident,75,Multiple lightning strikes during thunderstorms,False
2025-04-28,Industrial,112,Chennai,13.0827,80.2707,32.1,7.8,Industrial,Chemical Plant Fire,8,Blast at petrochemical storage unit,True
2025-04-28,Medical,145,Patna,25.5941,85.1376,14.2,4.5,Healthcare,Heatstroke Wave,90,45°C temperatures overwhelming hospitals,False
2025-04-28,Disaster,66,Surat,21.1702,72.8311,26.5,6.8,Natural,Urban Flooding,25,Diamond district inundation,True
2025-04-28,Medical,81,Indore,22.7196,75.8577,17.8,4.1,Healthcare,Gastroenteritis,55,Contaminated water supply outbreak,False
2025-04-28,Disaster,203,Mumbai,19.0760,72.8777,45.0,9.2,Natural,Cyclone,180,Coastal evacuation ordered,True
2025-04-28,Medical,88,Hyderabad,17.3850,78.4867,16.7,3.8,Healthcare,Dengue Outbreak,60,Unseasonal mosquito breeding spike,False
2025-04-28,Disaster,57,Nagpur,21.1458,79.0882,24.3,5.6,Infrastructure,Bridge Collapse,12,Old British-era bridge failure,True
2025-04-28,Environmental,34,Kochi,9.9312,76.2673,21.5,5.9,Environmental,Oil Spill,25,Tourist beaches contaminated,True
2025-04-28,Medical,107,Ranchi,23.3441,85.3096,19.1,4.7,Healthcare,Encephalitis,70,Japanese encephalitis cluster,False
2025-04-28,Disaster,72,Jodhpur,26.2389,73.0243,28.7,6.5,Natural,Sandstorm,150,Visibility below 50m airport closed,True
2025-04-29,Medical,127,Delhi,28.7041,77.1025,19.8,4.1,Healthcare,Respiratory Crisis,110,AQI 500+ emergency,False
2025-04-29,Disaster,78,Dehradun,30.3165,78.0322,26.4,7.3,Natural,Landslide,45,Char Dham highway blocked,True
2025-04-29,Industrial,94,Kanpur,26.4499,80.3319,31.5,7.1,Industrial,Textile Factory Fire,6,Worker casualties reported,True
2025-04-29,Medical,95,Lucknow,26.8467,80.9462,17.3,5.0,Healthcare,Cholera Outbreak,70,Slum area sanitation failure,False
2025-04-29,Disaster,142,Puri,19.8134,85.8315,38.6,8.4,Natural,Coastal Flooding,95,Temple town inundation,True
2025-04-29,Industrial,63,Bengaluru,12.9716,77.5946,29.7,6.2,Industrial,Factory Explosion,15,Electronics unit blast,True
2025-04-29,Medical,108,Guwahati,26.1445,91.7362,15.9,4.3,Healthcare,Malaria Spike,85,Post-flood vector surge,False
2025-04-29,Disaster,55,Amritsar,31.6340,74.8723,23.8,5.8,Infrastructure,Building Collapse,8,Heritage structure collapse,True
2025-04-29,Environmental,41,Goa,15.2993,74.1240,20.6,5.2,Environmental,Beach Erosion,30,25m coastline lost overnight,True
2025-04-29,Medical,116,Varanasi,25.3176,82.9739,18.2,4.9,Healthcare,Heat Exhaustion,85,Pilgrimage season crisis,False
2025-04-30,Disaster,134,Chennai,13.0827,80.2707,33.7,8.1,Natural,Cyclone,160,Second cyclone in 72 hours,True
2025-04-30,Medical,102,Patna,25.5941,85.1376,16.4,4.6,Healthcare,Heatstroke,95,47°C with 80% humidity,False
2025-04-30,Industrial,71,Ahmedabad,23.0225,72.5714,27.9,6.9,Industrial,Gas Leak,10,Chemical unit accident,True
2025-04-30,Medical,89,Bhopal,23.2599,77.4126,17.1,4.0,Healthcare,Dysentery,60,Water treatment plant failure,False
2025-04-30,Disaster,158,Visakhapatnam,17.6868,83.2185,36.2,8.3,Natural,Storm Surge,140,3m wave height recorded,True
2025-04-30,Medical,113,Pune,18.5204,73.8567,15.8,4.2,Healthcare,Leptospirosis,65,Sewage mixing with floodwaters,False
2025-04-30,Disaster,48,Jaipur,26.9124,75.7873,25.3,6.0,Infrastructure,Metro Tunnel Collapse,4,Construction site accident,True
2025-04-30,Environmental,37,Mangalore,12.9141,74.8560,22.4,5.5,Environmental,Oil Spill,28,Fishing harbor contamination,True
2025-04-30,Medical,124,Kolkata,22.5726,88.3639,19.7,4.8,Healthcare,Respiratory Emergency,100,Post-cyclone mold infestation,False
2025-04-30,Disaster,83,Shillong,25.5788,91.8933,29.5,7.0,Natural,Landslide,50,Hill station access blocked,True
2025-05-01,Medical,138,Delhi,28.7041,77.1025,20.1,4.3,Healthcare,Smog Crisis,115,Winter pollution onset early,False
2025-05-01,Disaster,91,Dehradun,30.3165,78.0322,27.3,7.5,Natural,Flash Floods,55,Cloudburst in mountains,True
2025-05-01,Industrial,77,Kanpur,26.4499,80.3319,30.8,7.3,Industrial,Battery Plant Fire,7,Lithium battery explosion,True
2025-05-01,Medical,104,Lucknow,26.8467,80.9462,17.6,5.2,Healthcare,Cholera,75,Old city water contamination,False
2025-05-01,Disaster,167,Puri,19.8134,85.8315,39.1,8.7,Natural,Coastal Erosion,110,500m beach lost in 24h,True
2025-05-01,Industrial,69,Bengaluru,12.9716,77.5946,28.9,6.5,Industrial,Data Center Fire,9,Major IT outage,True
2025-05-01,Medical,117,Guwahati,26.1445,91.7362,16.2,4.5,Healthcare,Malaria,90,Post-monsoon vector surge,False
2025-05-01,Disaster,62,Amritsar,31.6340,74.8723,24.5,6.1,Infrastructure,Bridge Crack,10,Critical structural flaw found,True
2025-05-01,Environmental,45,Goa,15.2993,74.1240,21.3,5.5,Environmental,Coral Bleaching,35,70% reef damage reported,True
2025-05-01,Medical,129,Varanasi,25.3176,82.9739,18.7,5.1,Healthcare,Heatstroke,95,Pilgrim crowding during heat,False
2025-05-02,Disaster,147,Chennai,13.0827,80.2707,34.2,8.3,Natural,Cyclone,170,Third cyclone in week,True
2025-05-02,Medical,109,Patna,25.5941,85.1376,16.9,4.8,Healthcare,Heat Exhaustion,100,Record May temperatures,False
2025-05-02,Industrial,84,Ahmedabad,23.0225,72.5714,28.7,7.2,Industrial,Chemical Leak,12,Pesticide factory incident,True
2025-05-02,Medical,97,Bhopal,23.2599,77.4126,17.5,4.3,Healthcare,Gastroenteritis,70,Municipal water contamination,False
2025-05-02,Disaster,182,Visakhapatnam,17.6868,83.2185,37.5,8.9,Natural,Storm Surge,150,Port infrastructure damaged,True
2025-05-02,Medical,121,Pune,18.5204,73.8567,16.3,4.5,Healthcare,Leptospirosis,75,Flood-related cases spiking,False
2025-05-02,Disaster,57,Jaipur,26.9124,75.7873,26.1,6.3,Infrastructure,Heritage Wall Collapse,6,300-year-old structure failed,True
2025-05-02,Environmental,43,Mangalore,12.9141,74.8560,23.2,5.8,Environmental,Oil Slick,32,Tourist season impact,True
2025-05-02,Medical,135,Kolkata,22.5726,88.3639,20.3,5.0,Healthcare,Respiratory,110,Post-cyclone disease spike,False
2025-05-02,Disaster,96,Shillong,25.5788,91.8933,30.2,7.3,Natural,Landslide,55,Major highway blocked,True
2025-05-03,Medical,145,Delhi,28.7041,77.1025,21.0,4.6,Healthcare,Smog Emergency,125,Emergency measures enacted,False
2025-05-03,Disaster,105,Dehradun,30.3165,78.0322,28.1,7.8,Natural,Flash Flood,60,Pilgrimage routes affected,True
2025-05-03,Industrial,92,Kanpur,26.4499,80.3319,32.3,7.6,Industrial,Tannery Fire,8,Chemical runoff into Ganga,True
2025-05-03,Medical,113,Lucknow,26.8467,80.9462,18.1,5.5,Healthcare,Cholera,85,Old city outbreak worsening,False
2025-05-03,Disaster,193,Puri,19.8134,85.8315,40.3,9.1,Natural,Coastal Flooding,130,Temple submergence threat,True
2025-05-03,Industrial,78,Bengaluru,12.9716,77.5946,30.2,6.8,Industrial,IT Park Fire,10,Major tech company outage,True
2025-05-03,Medical,126,Guwahati,26.1445,91.7362,16.8,4.8,Healthcare,Malaria,100,Refugee camp outbreak,False
2025-05-03,Disaster,71,Amritsar,31.6340,74.8723,25.7,6.6,Infrastructure,Heritage Damage,12,Golden Temple perimeter crack,True
2025-05-03,Environmental,52,Goa,15.2993,74.1240,22.1,5.9,Environmental,Beach Loss,40,Resort areas eroding fast,True
2025-05-03,Medical,142,Varanasi,25.3176,82.9739,19.5,5.4,Healthcare,Heatstroke,105,Mass pilgrim hospitalization,False
2023-04-27,Disaster,79,Jaipur,26.9124,75.7873,26.9,4.4,Natural,Heatwave,70,Prolonged period of extremely high temperatures affecting vulnerable populations,False
2023-04-27,Medical,40,Vadodara,22.2294,73.261,13.3,4.0,Healthcare,Heatstroke Wave,82,"Multiple cases of heatstroke amid extreme temperatures, affecting vulnerable populations.",False
2023-04-27,Medical,138,Bengaluru,12.8313,77.6378,8.6,5.0,Healthcare,Heatstroke Wave,63,"Multiple cases of heatstroke amid extreme temperatures, affecting vulnerable populations.",False
2023-04-27,Disaster,93,Chennai,13.1878,80.1756,18.0,5.7,Natural,Drought,113,Prolonged dry period affecting agriculture and water availability.,False
2023-04-27,Medical,51,Odisha,20.6817,84.4343,14.6,4.6,Healthcare,Heatstroke Wave,129,"Multiple cases of heatstroke amid extreme temperatures, affecting vulnerable populations.",False
2023-04-28,Fire,14,Bhubaneswar,20.373,85.7077,19.8,6.3,Natural,Forest Fire,122,Wildfire spreading through forest areas threatening nearby settlements.,False
2023-04-28,Medical,144,Bengaluru,13.1339,77.4693,11.3,5.3,Healthcare,Heatstroke Wave,61,"Multiple cases of heatstroke amid extreme temperatures, affecting vulnerable populations.",False
2023-04-28,Fire,34,Agartala,23.8093,91.4524,14.3,4.8,Natural,Forest Fire,58,Wildfire spreading through forest areas threatening nearby settlements.,False
2023-04-28,Fire,17,Udaipur,24.4669,73.7296,21.6,4.8,Natural,Forest Fire,112,Wildfire spreading through forest areas threatening nearby settlements.,False
2023-04-28,Disaster,230,Delhi,28.7433,77.3383,16.9,7.4,Natural,Heatwave,99,Prolonged period of extremely high temperatures affecting vulnerable populations.,True
2023-04-28,Medical,56,Hyderabad,17.3192,78.6044,8.3,2.5,Healthcare,Gastroenteritis Outbreak,49,"Outbreak of gastroenteritis affecting multiple communities, likely from contaminated water.",False
2023-04-28,Disaster,44,Aizawl,23.6088,92.6777,25.4,9.0,Natural,Heatwave,99,Prolonged period of extremely high temperatures affecting vulnerable populations.,True
2023-04-28,Medical,31,Mangalore,12.7989,74.8606,12.7,4.0,Healthcare,Gastroenteritis Outbreak,51,"Outbreak of gastroenteritis affecting multiple communities, likely from contaminated water.",False
2023-04-29,Disaster,49,Agartala,23.6424,91.1631,31.4,4.3,Natural,Drought,97,Prolonged dry period affecting agriculture and water availability.,False
2023-04-29,Fire,18,Coimbatore,10.8865,76.7768,12.9,5.8,Natural,Forest Fire,38,Wildfire spreading through forest areas threatening nearby settlements.,False
2023-04-29,Disaster,80,Shimla,31.2418,77.1273,35.2,5.6,Natural,Drought,101,Prolonged dry period affecting agriculture and water availability.,False
2023-04-29,Disaster,96,Indore,22.5238,75.8019,22.3,9.0,Natural,Heatwave,132,Prolonged period of extremely high temperatures affecting vulnerable populations.,True
2023-04-29,Fire,15,Nagpur,21.1345,79.0092,15.0,6.3,Natural,Forest Fire,42,Wildfire spreading through forest areas threatening nearby settlements.,False
2023-04-29,Disaster,42,Shimla,31.2042,77.0461,20.9,6.5,Natural,Dust Storm,26,Severe dust storm reducing visibility and causing respiratory issues.,False
2023-04-29,Medical,62,Pune,18.5511,73.7957,11.6,5.1,Healthcare,Heatstroke Wave,6,"Multiple cases of heatstroke amid extreme temperatures, affecting vulnerable populations.",False
2023-04-30,Medical,69,Goa,15.2337,74.0798,13.7,6.0,Healthcare,Heatstroke Wave,73,"Multiple cases of heatstroke amid extreme temperatures, affecting vulnerable populations.",False
2023-04-30,Disaster,72,Leh,34.2152,77.5157,31.1,4.9,Natural,Dust Storm,148,Severe dust storm reducing visibility and causing respiratory issues.,False
2023-04-30,Medical,50,Agra,27.0331,78.1648,13.1,3.9,Healthcare,Heatstroke Wave,91,"Multiple cases of heatstroke amid extreme temperatures, affecting vulnerable populations.",False
2023-04-30,Disaster,80,Jaipur,26.7386,75.608,26.4,6.8,Natural,Heatwave,111,Prolonged period of extremely high temperatures affecting vulnerable populations.,False
2023-04-30,Disaster,93,Chandigarh,30.6076,76.8159,19.8,8.0,Natural,Dust Storm,35,Severe dust storm reducing visibility and causing respiratory issues.,False
2023-05-01,Disaster,90,Gangtok,27.1606,88.5297,21.4,4.2,Natural,Heatwave,65,Prolonged period of extremely high temperatures affecting vulnerable populations.,False
2023-05-01,Disaster,50,Bhopal,23.4249,77.2324,28.2,7.4,Natural,Heatwave,99,Prolonged period of extremely high temperatures affecting vulnerable populations.,False
2023-05-01,Medical,40,Kochi,9.9864,76.3917,12.6,3.6,Healthcare,Gastroenteritis Outbreak,57,"Outbreak of gastroenteritis affecting multiple communities, likely from contaminated water.",False
2023-05-01,Medical,67,Pune,18.5214,73.8268,10.0,4.9,Healthcare,Gastroenteritis Outbreak,108,"Outbreak of gastroenteritis affecting multiple communities, likely from contaminated water.",False
2023-05-01,Medical,123,Bengaluru,13.1199,77.687,8.3,6.3,Healthcare,Heatstroke Wave,124,"Multiple cases of heatstroke amid extreme temperatures, affecting vulnerable populations.",False
2023-05-02,Medical,78,Thiruvananthapuram,8.4273,76.8573,10.5,2.6,Healthcare,Gastroenteritis Outbreak,91,"Outbreak of gastroenteritis affecting multiple communities, likely from contaminated water.",False
2023-05-02,Disaster,94,Visakhapatnam,17.6452,83.3958,22.9,8.4,Natural,Heatwave,113,Prolonged period of extremely high temperatures affecting vulnerable populations.,True
2023-05-02,Medical,33,Gangtok,27.3723,88.4545,12.8,6.6,Healthcare,Heatstroke Wave,33,"Multiple cases of heatstroke amid extreme temperatures, affecting vulnerable populations.",False
2023-05-02,Disaster,72,Patna,25.7843,85.0392,25.5,8.0,Natural,Dust Storm,36,Severe dust storm reducing visibility and causing respiratory issues.,False
2023-05-03,Disaster,61,Varanasi,25.3514,82.9782,32.0,4.7,Natural,Drought,90,Prolonged dry period affecting agriculture and water availability.,False
2023-05-03,Fire,15,Gwalior,26.2204,78.0343,14.0,4.1,Natural,Forest Fire,101,Wildfire spreading through forest areas threatening nearby settlements.,False
2023-05-03,Medical,61,Bengaluru,12.9463,77.4094,11.9,4.8,Healthcare,Heatstroke Wave,73,"Multiple cases of heatstroke amid extreme temperatures, affecting vulnerable populations.",False
2023-05-03,Medical,40,Bhopal,23.3748,77.2678,15.5,4.6,Healthcare,Gastroenteritis Outbreak,134,"Outbreak of gastroenteritis affecting multiple communities, likely from contaminated water.",False
2023-05-03,Medical,66,Amritsar,31.7896,74.8696,12.6,2.6,Healthcare,Heatstroke Wave,77,"Multiple cases of heatstroke amid extreme temperatures, affecting vulnerable populations.",False
2023-05-03,Disaster,63,Mangalore,13.0809,74.6771,33.8,8.0,Natural,Drought,160,Prolonged dry period affecting agriculture and water availability.,False
2023-05-03,Medical,53,Gangtok,27.3947,88.4697,13.4,2.8,Healthcare,Heatstroke Wave,134,"Multiple cases of heatstroke amid extreme temperatures, affecting vulnerable populations.",False
2023-05-03,Disaster,71,Imphal,24.9315,93.7901,30.2,6.6,Natural,Heatwave,53,Prolonged period of extremely high temperatures affecting vulnerable populations.,False
2023-05-04,Medical,79,Coimbatore,10.8919,76.809,10.8,5.8,Healthcare,Gastroenteritis Outbreak,22,"Outbreak of gastroenteritis affecting multiple communities, likely from contaminated water.",False
2023-05-04,Disaster,64,Shillong,25.5506,91.8416,32.6,5.9,Natural,Heatwave,77,Prolonged period of extremely high temperatures affecting vulnerable populations.,False
2023-05-04,Medical,47,Surat,21.3265,72.7005,14.7,3.2,Healthcare,Heatstroke Wave,61,"Multiple cases of heatstroke amid extreme temperatures, affecting vulnerable populations.",False
2023-05-05,Disaster,121,Delhi,28.7299,77.3146,23.0,7.8,Natural,Dust Storm,14,Severe dust storm reducing visibility and causing respiratory issues.,False
2023-05-05,Fire,24,Agartala,23.7571,91.0983,19.2,4.0,Natural,Forest Fire,116,Wildfire spreading through forest areas threatening nearby settlements.,False
2023-05-05,Fire,20,Kohima,25.5156,93.9707,17.1,5.5,Natural,Forest Fire,88,Wildfire spreading through forest areas threatening nearby settlements.,False
2023-05-05,Medical,57,Nagpur,20.9867,79.0928,13.6,4.0,Healthcare,Gastroenteritis Outbreak,75,"Outbreak of gastroenteritis affecting multiple communities, likely from contaminated water.",False
2023-05-05,Fire,11,Visakhapatnam,17.6811,83.0453,17.6,5.4,Natural,Forest Fire,41,Wildfire spreading through forest areas threatening nearby settlements.,False
2023-05-06,Disaster,56,Agartala,23.8671,91.1715,28.4,6.5,Natural,Heatwave,51,Prolonged period of extremely high temperatures affecting vulnerable populations.,False
2023-05-06,Disaster,86,Ahmedabad,23.1102,72.3854,24.5,6.8,Natural,Drought,164,Prolonged dry period affecting agriculture and water availability.,False
2023-05-06,Disaster,53,Jaipur,26.9893,75.8554,23.5,4.4,Natural,Dust Storm,107,Severe dust storm reducing visibility and causing respiratory issues.,False
2023-05-06,Disaster,76,Imphal,24.9412,94.0941,22.5,4.7,Natural,Heatwave,115,Prolonged period of extremely high temperatures affecting vulnerable populations.,False
2023-05-06,Medical,50,Indore,22.7286,75.7959,10.0,2.6,Healthcare,Gastroenteritis Outbreak,145,"Outbreak of gastroenteritis affecting multiple communities, likely from contaminated water.",False
2023-05-07,Medical,77,Surat,21.2255,73.0197,13.5,4.3,Healthcare,Heatstroke Wave,93,"Multiple cases of heatstroke amid extreme temperatures, affecting vulnerable populations.",False
2023-05-07,Medical,61,Shimla,31.2522,77.3565,12.1,6.0,Healthcare,Gastroenteritis Outbreak,65,"Outbreak of gastroenteritis affecting multiple communities, likely from contaminated water.",False
2023-05-07,Medical,77,Lucknow,26.8175,80.8051,15.6,5.6,Healthcare,Gastroenteritis Outbreak,79,"Outbreak of gastroenteritis affecting multiple communities, likely from contaminated water.",False
2023-05-07,Disaster,46,Kochi,10.0909,76.3181,31.6,5.5,Natural,Drought,93,Prolonged dry period affecting agriculture and water availability.,False
2023-05-07,Medical,40,Shillong,25.5957,92.0588,13.1,3.4,Healthcare,Heatstroke Wave,16,"Multiple cases of heatstroke amid extreme temperatures, affecting vulnerable populations.",False
2023-05-07,Disaster,55,Agra,27.04,77.9861,19.5,4.1,Natural,Dust Storm,49,Severe dust storm reducing visibility and causing respiratory issues.,False
2023-05-07,Medical,43,Nagpur,21.1514,79.1339,12.7,4.4,Healthcare,Gastroenteritis Outbreak,123,"Outbreak of gastroenteritis affecting multiple communities, likely from contaminated water.",False
2023-05-07,Fire,38,Udaipur,24.401,73.6726,14.0,9.3,Natural,Forest Fire,136,Wildfire spreading through forest areas threatening nearby settlements.,True
2023-05-07,Disaster,54,Agra,27.0557,77.9909,31.9,7.5,Natural,Heatwave,54,Prolonged period of extremely high temperatures affecting vulnerable populations.,False
2023-05-08,Disaster,92,Ranchi,23.5353,85.481,24.3,7.3,Natural,Dust Storm,16,Severe dust storm reducing visibility and causing respiratory issues.,False
2023-05-08,Medical,63,Raipur,21.3045,81.4506,15.1,6.1,Healthcare,Gastroenteritis Outbreak,8,"Outbreak of gastroenteritis affecting multiple communities, likely from contaminated water.",False
2023-05-08,Medical,40,Chandigarh,30.5711,76.6604,13.1,6.9,Healthcare,Gastroenteritis Outbreak,150,"Outbreak of gastroenteritis affecting multiple communities, likely from contaminated water.",False
2023-05-08,Disaster,72,Ranchi,23.5245,85.4069,21.8,6.1,Natural,Drought,171,Prolonged dry period affecting agriculture and water availability.,False
2023-05-08,Disaster,141,Bengaluru,13.0874,77.4725,22.4,9.5,Natural,Heatwave,112,Prolonged period of extremely high temperatures affecting vulnerable populations.,True
2023-05-08,Fire,14,Allahabad,25.3565,81.8809,20.2,5.8,Natural,Forest Fire,127,Wildfire spreading through forest areas threatening nearby settlements.,False
2023-05-09,Fire,15,Kohima,25.85,94.2956,19.7,5.7,Natural,Forest Fire,69,Wildfire spreading through forest areas threatening nearby settlements.,False
2023-05-09,Disaster,71,Dehradun,30.3291,78.141,24.5,5.2,Natural,Heatwave,121,Prolonged period of extremely high temperatures affecting vulnerable populations.,False
2023-05-09,Fire,11,Thiruvananthapuram,8.6891,76.9606,15.4,8.2,Natural,Forest Fire,66,Wildfire spreading through forest areas threatening nearby settlements.,True
2023-05-09,Disaster,168,Kolkata,22.749,88.3178,16.9,8.2,Natural,Drought,195,Prolonged dry period affecting agriculture and water availability.,True
2023-05-09,Disaster,90,Agartala,23.6787,91.4468,32.9,8.0,Natural,Heatwave,113,Prolonged period of extremely high temperatures affecting vulnerable populations.,False
2023-05-09,Disaster,47,Shillong,25.6082,91.883,25.5,4.7,Natural,Heatwave,52,Prolonged period of extremely high temperatures affecting vulnerable populations.,False
2023-05-09,Disaster,52,Shimla,31.1828,77.3307,34.1,8.1,Natural,Heatwave,119,Prolonged period of extremely high temperatures affecting vulnerable populations.,True
2023-05-09,Disaster,77,Gangtok,27.4859,88.7586,23.0,8.3,Natural,Drought,133,Prolonged dry period affecting agriculture and water availability.,True
2023-05-09,Fire,62,Delhi,28.46,77.3609,12.2,5.7,Natural,Forest Fire,15,Wildfire spreading through forest areas threatening nearby settlements.,False
2023-05-10,Medical,90,Mumbai,19.092,72.9492,11.9,2.4,Healthcare,Gastroenteritis Outbreak,143,"Outbreak of gastroenteritis affecting multiple communities, likely from contaminated water.",False
2023-05-10,Fire,15,Allahabad,25.6024,82.0312,20.5,6.8,Natural,Forest Fire,99,Wildfire spreading through forest areas threatening nearby settlements.,False
2023-05-10,Disaster,50,Shillong,25.4778,91.7371,34.0,6.7,Natural,Dust Storm,10,Severe dust storm reducing visibility and causing respiratory issues.,False
2023-05-10,Medical,40,Imphal,24.6893,93.7403,16.1,2.9,Healthcare,Heatstroke Wave,145,"Multiple cases of heatstroke amid extreme temperatures, affecting vulnerable populations.",False
2023-05-10,Fire,17,Gangtok,27.409,88.596,18.6,8.6,Natural,Forest Fire,56,Wildfire spreading through forest areas threatening nearby settlements.,True
2023-05-10,Fire,29,Aizawl,23.6018,92.6301,15.8,8.0,Natural,Forest Fire,92,Wildfire spreading through forest areas threatening nearby settlements.,False
2023-05-11,Medical,41,Mysore,12.1946,76.6563,13.3,5.9,Healthcare,Gastroenteritis Outbreak,21,"Outbreak of gastroenteritis affecting multiple communities, likely from contaminated water.",False
2023-05-11,Fire,62,Delhi,28.7152,77.0763,11.5,8.0,Natural,Forest Fire,112,Wildfire spreading through forest areas threatening nearby settlements.,False
2023-05-11,Disaster,110,Delhi,28.637,77.0531,17.5,7.2,Natural,Heatwave,70,Prolonged period of extremely high temperatures affecting vulnerable populations.,False
2023-05-11,Disaster,198,Kolkata,22.4493,88.1734,23.2,7.0,Natural,Heatwave,125,Prolonged period of extremely high temperatures affecting vulnerable populations.,False
2023-05-11,Medical,60,Visakhapatnam,17.5512,83.3672,14.9,3.9,Healthcare,Heatstroke Wave,77,"Multiple cases of heatstroke amid extreme temperatures, affecting vulnerable populations.",False
2023-05-11,Disaster,48,Aizawl,23.6977,92.8093,22.9,4.9,Natural,Dust Storm,67,Severe dust storm reducing visibility and causing respiratory issues.,False
2023-05-11,Disaster,86,Jodhpur,26.2148,73.2074,28.9,7.2,Natural,Heatwave,71,Prolonged period of extremely high temperatures affecting vulnerable populations.,False
2023-05-12,Medical,42,Mysore,12.4502,76.754,12.1,6.9,Healthcare,Gastroenteritis Outbreak,49,"Outbreak of gastroenteritis affecting multiple communities, likely from contaminated water.",False
2023-05-12,Medical,45,Aizawl,23.7845,92.8605,11.7,3.8,Healthcare,Heatstroke Wave,135,"Multiple cases of heatstroke amid extreme temperatures, affecting vulnerable populations.",False
2023-05-12,Medical,39,Visakhapatnam,17.7448,83.3257,11.7,6.7,Healthcare,Heatstroke Wave,76,"Multiple cases of heatstroke amid extreme temperatures, affecting vulnerable populations.",False
2023-05-12,Fire,25,Hyderabad,17.5556,78.6008,14.5,6.1,Natural,Forest Fire,47,Wildfire spreading through forest areas threatening nearby settlements.,False
2023-05-12,Medical,66,Jodhpur,26.3073,73.2164,13.9,5.0,Healthcare,Gastroenteritis Outbreak,86,"Outbreak of gastroenteritis affecting multiple communities, likely from contaminated water.",False
2023-05-13,Disaster,149,Bengaluru,13.0575,77.4433,24.2,7.7,Natural,Drought,135,Prolonged dry period affecting agriculture and water availability.,False
2023-05-13,Medical,31,Lucknow,26.9225,81.1211,12.4,6.7,Healthcare,Heatstroke Wave,130,"Multiple cases of heatstroke amid extreme temperatures, affecting vulnerable populations.",False
2023-05-13,Disaster,72,Amritsar,31.6106,74.946,21.5,4.6,Natural,Dust Storm,54,Severe dust storm reducing visibility and causing respiratory issues.,False
2023-05-13,Fire,23,Gangtok,27.4263,88.4948,19.0,7.0,Natural,Forest Fire,40,Wildfire spreading through forest areas threatening nearby settlements.,False
2023-05-13,Disaster,66,Gangtok,27.3994,88.622,23.2,8.8,Natural,Heatwave,50,Prolonged period of extremely high temperatures affecting vulnerable populations.,True
2023-05-13,Fire,37,Allahabad,25.6347,81.8834,14.1,8.6,Natural,Forest Fire,50,Wildfire spreading through forest areas threatening nearby settlements.,True
2023-05-13,Disaster,99,Aizawl,23.9057,92.7913,23.2,6.2,Natural,Dust Storm,106,Severe dust storm reducing visibility and causing respiratory issues.,False
2023-05-13,Disaster,96,Amritsar,31.5104,74.9161,30.6,6.8,Natural,Heatwave,139,Prolonged period of extremely high temperatures affecting vulnerable populations.,False
2023-05-14,Medical,53,Varanasi,25.136,82.947,12.1,6.5,Healthcare,Heatstroke Wave,5,"Multiple cases of heatstroke amid extreme temperatures, affecting vulnerable populations.",False
2023-05-14,Disaster,75,Amritsar,31.791,74.8469,25.1,8.0,Natural,Dust Storm,89,Severe dust storm reducing visibility and causing respiratory issues.,False
2023-05-14,Medical,118,Bengaluru,13.0811,77.5497,8.8,2.0,Healthcare,Heatstroke Wave,72,"Multiple cases of heatstroke amid extreme temperatures, affecting vulnerable populations.",False
2023-05-14,Fire,14,Shillong,25.6359,91.9553,15.8,4.2,Natural,Forest Fire,72,Wildfire spreading through forest areas threatening nearby settlements.,False
2023-05-14,Disaster,89,Mysore,12.1987,76.634,27.7,9.4,Natural,Drought,147,Prolonged dry period affecting agriculture and water availability.,True
2023-05-14,Medical,50,Visakhapatnam,17.6986,83.393,11.3,3.4,Healthcare,Heatstroke Wave,42,"Multiple cases of heatstroke amid extreme temperatures, affecting vulnerable populations.",False
2023-05-15,Disaster,82,Jaipur,26.7247,75.6741,30.2,7.4,Natural,Heatwave,84,Prolonged period of extremely high temperatures affecting vulnerable populations.,False
2023-05-15,Fire,13,Leh,34.3436,77.4168,18.3,9.5,Natural,Forest Fire,69,Wildfire spreading through forest areas threatening nearby settlements.,True
2023-05-15,Fire,14,Goa,15.2354,74.0797,19.2,5.9,Natural,Forest Fire,21,Wildfire spreading through forest areas threatening nearby settlements.,False
2023-05-15,Disaster,95,Agartala,24.0231,91.4263,20.9,7.0,Natural,Dust Storm,124,Severe dust storm reducing visibility and causing respiratory issues.,False
2023-05-15,Medical,76,Goa,15.1606,74.0833,14.1,4.2,Healthcare,Heatstroke Wave,88,"Multiple cases of heatstroke amid extreme temperatures, affecting vulnerable populations.",False
2023-05-15,Disaster,47,Imphal,24.8813,94.1286,21.1,4.9,Natural,Heatwave,62,Prolonged period of extremely high temperatures affecting vulnerable populations.,False
2023-05-15,Fire,32,Aizawl,23.6434,92.8087,17.2,5.6,Natural,Forest Fire,68,Wildfire spreading through forest areas threatening nearby settlements.,False
2023-05-15,Fire,20,Ahmedabad,23.1458,72.693,11.0,7.5,Natural,Forest Fire,9,Wildfire spreading through forest areas threatening nearby settlements.,False
2023-05-16,Fire,28,Mumbai,18.8951,72.7616,13.6,5.1,Natural,Forest Fire,13,Wildfire spreading through forest areas threatening nearby settlements.,False
2023-05-16,Medical,59,Mangalore,12.8141,74.8067,12.6,5.5,Healthcare,Heatstroke Wave,62,"Multiple cases of heatstroke amid extreme temperatures, affecting vulnerable populations.",False
2023-05-16,Medical,72,Bengaluru,12.7844,77.4066,8.6,4.2,Healthcare,Heatstroke Wave,87,"Multiple cases of heatstroke amid extreme temperatures, affecting vulnerable populations.",False
2023-05-16,Medical,99,Chennai,13.0417,80.2551,11.4,3.8,Healthcare,Gastroenteritis Outbreak,72,"Outbreak of gastroenteritis affecting multiple communities, likely from contaminated water.",False
2023-05-16,Medical,77,Ahmedabad,23.2134,72.4236,8.5,3.2,Healthcare,Heatstroke Wave,57,"Multiple cases of heatstroke amid extreme temperatures, affecting vulnerable populations.",False
2023-05-16,Disaster,58,Aizawl,23.8225,92.7442,19.9,5.4,Natural,Heatwave,86,Prolonged period of extremely high temperatures affecting vulnerable populations.,False
2023-05-17,Medical,120,Mumbai,19.2757,72.791,8.8,4.9,Healthcare,Heatstroke Wave,18,"Multiple cases of heatstroke amid extreme temperatures, affecting vulnerable populations.",False
2023-05-17,Disaster,70,Agra,27.217,77.8346,21.2,7.9,Natural,Dust Storm,79,Severe dust storm reducing visibility and causing respiratory issues.,False
2023-05-17,Medical,59,Kochi,10.0741,76.2913,14.7,4.7,Healthcare,Gastroenteritis Outbreak,142,"Outbreak of gastroenteritis affecting multiple communities, likely from contaminated water.",False
2023-05-17,Medical,49,Mysore,12.2911,76.5486,16.7,6.5,Healthcare,Heatstroke Wave,95,"Multiple cases of heatstroke amid extreme temperatures, affecting vulnerable populations.",False
2023-05-17,Disaster,81,Shillong,25.6504,91.9034,34.1,5.7,Natural,Heatwave,108,Prolonged period of extremely high temperatures affecting vulnerable populations.,False
2023-05-17,Fire,12,Odisha,20.3213,84.5824,18.8,4.7,Natural,Forest Fire,100,Wildfire spreading through forest areas threatening nearby settlements.,False
2023-05-17,Disaster,57,Gwalior,26.0574,78.1781,24.9,5.8,Natural,Dust Storm,113,Severe dust storm reducing visibility and causing respiratory issues.,False
2023-05-17,Fire,35,Raipur,21.2657,81.5096,21.8,8.5,Natural,Forest Fire,117,Wildfire spreading through forest areas threatening nearby settlements.,True
2023-05-18,Disaster,141,Bengaluru,12.9259,77.7251,22.4,9.0,Natural,Drought,173,Prolonged dry period affecting agriculture and water availability.,True
2023-05-18,Disaster,55,Hyderabad,17.2197,78.5385,21.2,4.5,Natural,Drought,172,Prolonged dry period affecting agriculture and water availability.,False
2023-05-18,Medical,78,Srinagar,33.9322,74.97,14.9,4.5,Healthcare,Gastroenteritis Outbreak,70,"Outbreak of gastroenteritis affecting multiple communities, likely from contaminated water.",False
2023-05-18,Disaster,65,Ranchi,23.3535,85.1234,32.7,7.6,Natural,Dust Storm,125,Severe dust storm reducing visibility and causing respiratory issues.,False
2023-05-18,Medical,78,Thiruvananthapuram,8.4194,76.905,11.8,6.1,Healthcare,Heatstroke Wave,30,"Multiple cases of heatstroke amid extreme temperatures, affecting vulnerable populations.",False
2023-05-18,Fire,19,Guwahati,26.1325,91.8681,13.3,4.1,Natural,Forest Fire,6,Wildfire spreading through forest areas threatening nearby settlements.,False
2023-05-18,Medical,72,Coimbatore,11.032,77.0532,14.1,3.7,Healthcare,Gastroenteritis Outbreak,45,"Outbreak of gastroenteritis affecting multiple communities, likely from contaminated water.",False
2023-05-18,Medical,61,Raipur,21.1322,81.4709,14.0,5.5,Healthcare,Heatstroke Wave,44,"Multiple cases of heatstroke amid extreme temperatures, affecting vulnerable populations.",False
2023-05-18,Disaster,84,Ahmedabad,22.8608,72.6695,24.4,4.2,Natural,Heatwave,66,Prolonged period of extremely high temperatures affecting vulnerable populations.,False
2023-05-18,Medical,68,Gwalior,26.0242,78.0095,14.6,4.7,Healthcare,Heatstroke Wave,112,"Multiple cases of heatstroke amid extreme temperatures, affecting vulnerable populations.",False
2023-05-19,Disaster,62,Bhopal,23.3354,77.2966,22.1,9.3,Natural,Dust Storm,74,Severe dust storm reducing visibility and causing respiratory issues.,True
2023-05-19,Disaster,161,Bengaluru,12.8899,77.4391,22.6,7.0,Natural,Drought,128,Prolonged dry period affecting agriculture and water availability.,False
2023-05-19,Fire,21,Shillong,25.4497,91.9486,13.0,4.3,Natural,Forest Fire,5,Wildfire spreading through forest areas threatening nearby settlements.,False
2023-05-19,Disaster,67,Jaipur,26.891,75.7262,27.9,5.4,Natural,Dust Storm,116,Severe dust storm reducing visibility and causing respiratory issues.,False
2023-05-19,Disaster,40,Shimla,31.2467,76.9821,22.8,7.8,Natural,Dust Storm,13,Severe dust storm reducing visibility and causing respiratory issues.,False
2023-05-19,Disaster,98,Raipur,21.1146,81.5173,26.1,5.4,Natural,Drought,82,Prolonged dry period affecting agriculture and water availability.,False
2023-05-19,Disaster,98,Mysore,12.2141,76.8078,36.6,5.3,Natural,Heatwave,138,Prolonged period of extremely high temperatures affecting vulnerable populations.,False
2023-05-19,Medical,37,Patna,25.5438,85.1268,11.5,6.0,Healthcare,Heatstroke Wave,115,"Multiple cases of heatstroke amid extreme temperatures, affecting vulnerable populations.",False
2023-05-20,Disaster,67,Agra,27.2017,78.0294,26.9,6.7,Natural,Dust Storm,41,Severe dust storm reducing visibility and causing respiratory issues.,False
2023-05-20,Medical,35,Lucknow,26.8773,81.1431,13.2,6.6,Healthcare,Gastroenteritis Outbreak,11,"Outbreak of gastroenteritis affecting multiple communities, likely from contaminated water.",False
2023-05-20,Medical,61,Imphal,24.9983,93.8437,12.8,4.8,Healthcare,Gastroenteritis Outbreak,55,"Outbreak of gastroenteritis affecting multiple communities, likely from contaminated water.",False
2023-05-20,Disaster,75,Mangalore,13.0494,74.7766,26.2,9.3,Natural,Heatwave,98,Prolonged period of extremely high temperatures affecting vulnerable populations.,True
2023-05-20,Fire,16,Shillong,25.4718,91.7828,15.0,7.7,Natural,Forest Fire,29,Wildfire spreading through forest areas threatening nearby settlements.,False
2023-05-20,Medical,69,Guwahati,25.9521,91.9336,14.6,3.8,Healthcare,Gastroenteritis Outbreak,69,"Outbreak of gastroenteritis affecting multiple communities, likely from contaminated water.",False
2023-05-20,Fire,27,Shimla,31.138,77.2388,17.5,4.1,Natural,Forest Fire,59,Wildfire spreading through forest areas threatening nearby settlements.,False
2023-05-20,Fire,27,Chandigarh,30.5462,76.8435,18.0,8.2,Natural,Forest Fire,144,Wildfire spreading through forest areas threatening nearby settlements.,True
2023-05-20,Fire,16,Pune,18.68,74.051,13.7,5.4,Natural,Forest Fire,26,Wildfire spreading through forest areas threatening nearby settlements.,False
2023-05-21,Disaster,92,Nagpur,20.9754,79.177,28.7,4.5,Natural,Heatwave,54,Prolonged period of extremely high temperatures affecting vulnerable populations.,False
2023-05-21,Disaster,68,Ahmedabad,23.2181,72.6179,21.7,6.9,Natural,Dust Storm,31,Severe dust storm reducing visibility and causing respiratory issues.,False
2023-05-21,Disaster,86,Chandigarh,30.6474,76.9741,22.4,7.1,Natural,Heatwave,76,Prolonged period of extremely high temperatures affecting vulnerable populations.,False
2023-05-21,Fire,16,Visakhapatnam,17.5372,83.2071,13.2,8.8,Natural,Forest Fire,49,Wildfire spreading through forest areas threatening nearby settlements.,True
2023-05-21,Medical,70,Odisha,20.6105,84.4998,14.4,5.3,Healthcare,Heatstroke Wave,93,"Multiple cases of heatstroke amid extreme temperatures, affecting vulnerable populations.",False
2023-05-21,Fire,16,Jodhpur,26.0896,73.1183,21.6,6.4,Natural,Forest Fire,7,Wildfire spreading through forest areas threatening nearby settlements.,False
2023-05-21,Medical,47,Ranchi,23.4617,85.336,11.6,3.6,Healthcare,Heatstroke Wave,85,"Multiple cases of heatstroke amid extreme temperatures, affecting vulnerable populations.",False
2023-05-21,Medical,64,Surat,21.0413,72.9044,15.3,2.3,Healthcare,Gastroenteritis Outbreak,144,"Outbreak of gastroenteritis affecting multiple communities, likely from contaminated water.",False
2023-05-21,Medical,75,Varanasi,25.3684,82.881,14.0,2.4,Healthcare,Gastroenteritis Outbreak,125,"Outbreak of gastroenteritis affecting multiple communities, likely from contaminated water.",False
2023-05-22,Medical,53,Jaipur,26.9013,75.6957,14.3,2.1,Healthcare,Heatstroke Wave,107,"Multiple cases of heatstroke amid extreme temperatures, affecting vulnerable populations.",False
2023-05-22,Fire,29,Bhopal,23.197,77.3004,20.6,8.5,Natural,Forest Fire,128,Wildfire spreading through forest areas threatening nearby settlements.,True
2023-05-22,Fire,37,Shillong,25.6463,91.9523,14.2,6.6,Natural,Forest Fire,103,Wildfire spreading through forest areas threatening nearby settlements.,False
2023-05-22,Fire,28,Udaipur,24.73,73.7579,18.7,9.0,Natural,Forest Fire,81,Wildfire spreading through forest areas threatening nearby settlements.,True
2023-05-22,Disaster,80,Goa,15.221,74.121,23.7,9.2,Natural,Heatwave,128,Prolonged period of extremely high temperatures affecting vulnerable populations.,True
2023-05-22,Disaster,144,Mumbai,18.9864,72.9602,16.1,5.5,Natural,Drought,127,Prolonged dry period affecting agriculture and water availability.,False
2023-05-22,Medical,78,Srinagar,34.0886,74.9002,13.0,2.0,Healthcare,Gastroenteritis Outbreak,147,"Outbreak of gastroenteritis affecting multiple communities, likely from contaminated water.",False
2023-05-22,Medical,49,Gangtok,27.3361,88.4898,16.4,4.7,Healthcare,Heatstroke Wave,75,"Multiple cases of heatstroke amid extreme temperatures, affecting vulnerable populations.",False
2023-05-22,Disaster,50,Imphal,24.721,93.8713,19.8,4.9,Natural,Drought,178,Prolonged dry period affecting agriculture and water availability.,False
2023-05-23,Disaster,40,Shillong,25.6733,91.9452,24.7,8.8,Natural,Heatwave,51,Prolonged period of extremely high temperatures affecting vulnerable populations.,True
2023-05-23,Fire,13,Varanasi,25.2598,82.9665,16.0,6.8,Natural,Forest Fire,54,Wildfire spreading through forest areas threatening nearby settlements.,False
2023-05-23,Disaster,73,Ahmedabad,23.1926,72.3745,16.6,5.2,Natural,Heatwave,74,Prolonged period of extremely high temperatures affecting vulnerable populations.,False
2023-05-23,Fire,23,Srinagar,34.1887,74.992,14.3,5.9,Natural,Forest Fire,108,Wildfire spreading through forest areas threatening nearby settlements.,False
2023-05-23,Medical,78,Udaipur,24.4291,73.6677,16.1,2.3,Healthcare,Gastroenteritis Outbreak,60,"Outbreak of gastroenteritis affecting multiple communities, likely from contaminated water.",False
2023-05-23,Disaster,83,Agra,27.1523,78.0437,34.8,8.6,Natural,Heatwave,104,Prolonged period of extremely high temperatures affecting vulnerable populations.,True
2023-05-23,Medical,60,Gangtok,27.3055,88.7127,10.4,6.2,Healthcare,Heatstroke Wave,23,"Multiple cases of heatstroke amid extreme temperatures, affecting vulnerable populations.",False
2023-05-23,Disaster,80,Chennai,13.2279,80.2794,19.5,8.3,Natural,Drought,87,Prolonged dry period affecting agriculture and water availability.,True
2023-05-24,Disaster,47,Vijayawada,16.5383,80.7618,24.2,4.1,Natural,Drought,190,Prolonged dry period affecting agriculture and water availability.,False
2023-05-24,Disaster,42,Pune,18.3346,74.0144,24.4,6.7,Natural,Heatwave,103,Prolonged period of extremely high temperatures affecting vulnerable populations.,False
2023-05-24,Disaster,219,Kolkata,22.453,88.2282,21.3,7.1,Natural,Drought,110,Prolonged dry period affecting agriculture and water availability.,True
2023-05-24,Disaster,88,Delhi,28.64,77.3486,23.9,6.1,Natural,Heatwave,139,Prolonged period of extremely high temperatures affecting vulnerable populations.,False
2023-05-24,Disaster,68,Vadodara,22.1914,73.2342,26.0,8.9,Natural,Drought,134,Prolonged dry period affecting agriculture and water availability.,True
2023-05-24,Fire,15,Chandigarh,30.5527,76.8944,12.8,7.8,Natural,Forest Fire,31,Wildfire spreading through forest areas threatening nearby settlements.,False
2023-05-24,Medical,193,Bengaluru,13.015,77.5402,10.6,3.5,Healthcare,Heatstroke Wave,32,"Multiple cases of heatstroke amid extreme temperatures, affecting vulnerable populations.",False
2023-05-24,Fire,39,Udaipur,24.434,73.6637,17.5,4.2,Natural,Forest Fire,36,Wildfire spreading through forest areas threatening nearby settlements.,False
2023-05-24,Medical,75,Imphal,24.6746,93.9581,16.5,4.9,Healthcare,Gastroenteritis Outbreak,104,"Outbreak of gastroenteritis affecting multiple communities, likely from contaminated water.",False
2023-05-25,Disaster,74,Leh,34.2861,77.5713,22.5,8.4,Natural,Heatwave,74,Prolonged period of extremely high temperatures affecting vulnerable populations.,True
2023-05-25,Disaster,51,Kohima,25.6677,94.1557,27.9,4.8,Natural,Drought,87,Prolonged dry period affecting agriculture and water availability.,False
2023-05-25,Disaster,78,Leh,34.1711,77.504,31.8,7.6,Natural,Dust Storm,69,Severe dust storm reducing visibility and causing respiratory issues.,False
2023-05-25,Disaster,98,Dehradun,30.1482,77.9346,29.4,4.0,Natural,Heatwave,68,Prolonged period of extremely high temperatures affecting vulnerable populations.,False
2023-05-25,Medical,43,Amritsar,31.4731,75.0248,16.5,6.4,Healthcare,Heatstroke Wave,118,"Multiple cases of heatstroke amid extreme temperatures, affecting vulnerable populations.",False
2023-05-26,Disaster,200,Delhi,28.6487,77.3718,24.7,6.1,Natural,Heatwave,61,Prolonged period of extremely high temperatures affecting vulnerable populations.,False
2023-05-26,Medical,90,Kolkata,22.5256,88.4372,9.6,5.0,Healthcare,Heatstroke Wave,80,"Multiple cases of heatstroke amid extreme temperatures, affecting vulnerable populations.",False
2023-05-26,Medical,78,Hyderabad,17.2445,78.4831,10.1,4.7,Healthcare,Heatstroke Wave,92,"Multiple cases of heatstroke amid extreme temperatures, affecting vulnerable populations.",False
2023-05-26,Disaster,81,Patna,25.7198,85.3087,34.7,6.5,Natural,Dust Storm,127,Severe dust storm reducing visibility and causing respiratory issues.,False
2023-05-26,Medical,70,Hyderabad,17.564,78.6866,10.6,4.3,Healthcare,Gastroenteritis Outbreak,121,"Outbreak of gastroenteritis affecting multiple communities, likely from contaminated water.",False
2023-05-26,Disaster,89,Surat,21.1909,72.8151,22.5,7.9,Natural,Heatwave,93,Prolonged period of extremely high temperatures affecting vulnerable populations.,False
2023-05-27,Disaster,96,Udaipur,24.6206,73.674,33.0,6.1,Natural,Dust Storm,11,Severe dust storm reducing visibility and causing respiratory issues.,False
2023-05-27,Medical,78,Visakhapatnam,17.7067,83.196,13.2,5.4,Healthcare,Heatstroke Wave,47,"Multiple cases of heatstroke amid extreme temperatures, affecting vulnerable populations.",False
2023-05-27,Disaster,79,Raipur,21.0792,81.5025,32.5,8.9,Natural,Drought,89,Prolonged dry period affecting agriculture and water availability.,True
2023-05-27,Fire,38,Kohima,25.5036,93.9869,14.6,9.5,Natural,Forest Fire,20,Wildfire spreading through forest areas threatening nearby settlements.,True
2023-05-27,Medical,74,Bhubaneswar,20.2991,85.8889,15.8,3.7,Healthcare,Gastroenteritis Outbreak,25,"Outbreak of gastroenteritis affecting multiple communities, likely from contaminated water.",False
2023-05-27,Medical,77,Chennai,13.0633,80.1348,9.8,2.2,Healthcare,Heatstroke Wave,39,"Multiple cases of heatstroke amid extreme temperatures, affecting vulnerable populations.",False
2023-05-27,Disaster,76,Bhubaneswar,20.405,85.7185,28.0,5.0,Natural,Drought,111,Prolonged dry period affecting agriculture and water availability.,False
2023-05-28,Medical,49,Nagpur,21.0569,79.2064,12.9,2.5,Healthcare,Heatstroke Wave,93,"Multiple cases of heatstroke amid extreme temperatures, affecting vulnerable populations.",False
2023-05-28,Disaster,86,Shillong,25.5524,91.9071,31.1,7.6,Natural,Heatwave,72,Prolonged period of extremely high temperatures affecting vulnerable populations.,False
2023-05-28,Fire,38,Pune,18.5585,73.674,14.6,4.7,Natural,Forest Fire,114,Wildfire spreading through forest areas threatening nearby settlements.,False
2023-05-28,Medical,61,Shimla,31.144,77.2108,12.8,3.7,Healthcare,Heatstroke Wave,129,"Multiple cases of heatstroke amid extreme temperatures, affecting vulnerable populations.",False
2023-05-29,Medical,55,Vadodara,22.4637,73.1644,16.6,6.9,Healthcare,Gastroenteritis Outbreak,131,"Outbreak of gastroenteritis affecting multiple communities, likely from contaminated water.",False
2023-05-29,Medical,34,Indore,22.5893,75.8759,15.3,5.1,Healthcare,Gastroenteritis Outbreak,21,"Outbreak of gastroenteritis affecting multiple communities, likely from contaminated water.",False
2023-05-29,Fire,24,Leh,34.254,77.5218,19.8,7.2,Natural,Forest Fire,14,Wildfire spreading through forest areas threatening nearby settlements.,False
2023-05-29,Disaster,80,Vijayawada,16.3319,80.7989,27.8,6.2,Natural,Heatwave,139,Prolonged period of extremely high temperatures affecting vulnerable populations.,False
2023-05-29,Medical,36,Surat,21.3024,72.7809,13.1,5.3,Healthcare,Heatstroke Wave,144,"Multiple cases of heatstroke amid extreme temperatures, affecting vulnerable populations.",False
2023-05-30,Fire,28,Bhopal,23.26,77.3384,14.9,9.3,Natural,Forest Fire,149,Wildfire spreading through forest areas threatening nearby settlements.,True
2023-05-30,Disaster,67,Goa,15.3235,74.103,21.0,5.3,Natural,Heatwave,140,Prolonged period of extremely high temperatures affecting vulnerable populations.,False
2023-05-30,Fire,20,Varanasi,25.1677,83.0571,15.3,6.0,Natural,Forest Fire,102,Wildfire spreading through forest areas threatening nearby settlements.,False
2023-05-30,Disaster,90,Guwahati,26.0901,91.5568,32.9,9.0,Natural,Dust Storm,143,Severe dust storm reducing visibility and causing respiratory issues.,True
2023-05-30,Disaster,42,Jaipur,26.7125,75.9563,30.6,4.2,Natural,Dust Storm,96,Severe dust storm reducing visibility and causing respiratory issues.,False
2023-05-30,Disaster,62,Mangalore,13.0105,74.9284,31.0,5.2,Natural,Drought,151,Prolonged dry period affecting agriculture and water availability.,False
2023-05-30,Disaster,75,Shimla,31.2271,77.1989,29.4,6.7,Natural,Heatwave,147,Prolonged period of extremely high temperatures affecting vulnerable populations.,False
2023-05-30,Disaster,68,Thiruvananthapuram,8.4923,76.919,31.0,5.7,Natural,Drought,178,Prolonged dry period affecting agriculture and water availability.,False
2023-05-30,Fire,28,Imphal,24.7297,94.1301,18.6,6.9,Natural,Forest Fire,123,Wildfire spreading through forest areas threatening nearby settlements.,False
2023-05-30,Disaster,94,Ranchi,23.2465,85.4054,21.3,5.4,Natural,Heatwave,84,Prolonged period of extremely high temperatures affecting vulnerable populations.,False
2023-05-30,Fire,20,Ranchi,23.1456,85.4899,19.2,4.4,Natural,Forest Fire,122,Wildfire spreading through forest areas threatening nearby settlements.,False
2023-05-30,Medical,63,Hyderabad,17.5549,78.3748,10.6,6.7,Healthcare,Gastroenteritis Outbreak,128,"Outbreak of gastroenteritis affecting multiple communities, likely from contaminated water.",False
2023-05-30,Medical,52,Kohima,25.8713,94.06,12.3,4.4,Healthcare,Gastroenteritis Outbreak,116,"Outbreak of gastroenteritis affecting multiple communities, likely from contaminated water.",False
2023-05-30,Medical,34,Imphal,24.9972,93.9101,14.0,4.2,Healthcare,Gastroenteritis Outbreak,36,"Outbreak of gastroenteritis affecting multiple communities, likely from contaminated water.",False
2023-05-30,Disaster,75,Hyderabad,17.3164,78.5281,21.5,7.3,Natural,Heatwave,122,Prolonged period of extremely high temperatures affecting vulnerable populations.,False
2023-05-31,Disaster,94,Jaipur,26.785,75.9872,21.9,6.3,Natural,Heatwave,98,Prolonged period of extremely high temperatures affecting vulnerable populations.,False
2023-05-31,Disaster,46,Nagpur,21.1218,79.1466,25.8,4.3,Natural,Heatwave,134,Prolonged period of extremely high temperatures affecting vulnerable populations.,False
2023-05-31,Medical,69,Odisha,20.541,84.3339,15.1,5.8,Healthcare,Gastroenteritis Outbreak,134,"Outbreak of gastroenteritis affecting multiple communities, likely from contaminated water.",False
2023-05-31,Disaster,46,Chandigarh,30.7694,76.6509,24.3,6.1,Natural,Dust Storm,41,Severe dust storm reducing visibility and causing respiratory issues.,False
2023-05-31,Medical,78,Patna,25.486,85.2066,11.9,3.4,Healthcare,Heatstroke Wave,88,"Multiple cases of heatstroke amid extreme temperatures, affecting vulnerable populations.",False
2023-05-31,Medical,53,Mangalore,13.1039,74.7622,14.9,3.0,Healthcare,Gastroenteritis Outbreak,85,"Outbreak of gastroenteritis affecting multiple communities, likely from contaminated water.",False
2023-05-31,Fire,17,Visakhapatnam,17.7334,83.4037,18.4,7.1,Natural,Forest Fire,10,Wildfire spreading through forest areas threatening nearby settlements.,False
2023-06-01,Medical,32,Srinagar,33.9194,74.6956,14.7,3.0,Healthcare,Malaria Surge,132,"Increased malaria cases reported in rural areas, requiring medical intervention.",False
2023-06-01,Medical,35,Imphal,24.8262,93.9034,11.3,4.4,Healthcare,Leptospirosis Cases,55,Post-flood leptospirosis cases reported in affected areas.,False
2023-06-01,Disaster,96,Mysore,12.1091,76.7419,29.4,9.4,Natural,Monsoon Flooding,144,Widespread flooding due to monsoon rains affecting multiple areas.,True
2023-06-01,Medical,38,Agartala,24.0089,91.15,15.8,4.7,Healthcare,Dengue Outbreak,117,"Surge in dengue fever cases following monsoon rains, straining local healthcare facilities.",False
2023-06-01,Disaster,72,Kochi,9.8248,76.2292,33.5,5.2,Natural,Heavy Rainfall,133,Unusually heavy rainfall causing urban flooding and infrastructure damage.,False
2023-06-01,Medical,33,Indore,22.7614,75.9452,14.4,3.4,Healthcare,Leptospirosis Cases,93,Post-flood leptospirosis cases reported in affected areas.,False
2023-06-01,Medical,51,Leh,34.1331,77.566,12.6,4.2,Healthcare,Leptospirosis Cases,140,Post-flood leptospirosis cases reported in affected areas.,False
2023-06-01,Medical,40,Hyderabad,17.363,78.5175,9.2,5.3,Healthcare,Leptospirosis Cases,144,Post-flood leptospirosis cases reported in affected areas.,False
2023-06-02,Disaster,72,Udaipur,24.7849,73.6325,21.2,8.3,Natural,Heavy Rainfall,39,Unusually heavy rainfall causing urban flooding and infrastructure damage.,True
2023-06-02,Medical,39,Chandigarh,30.5364,76.802,11.7,5.4,Healthcare,Malaria Surge,103,"Increased malaria cases reported in rural areas, requiring medical intervention.",False
2023-06-03,Medical,74,Leh,34.049,77.4598,11.8,3.8,Healthcare,Leptospirosis Cases,17,Post-flood leptospirosis cases reported in affected areas.,False
2023-06-03,Medical,71,Allahabad,25.4108,82.0264,13.0,3.4,Healthcare,Cholera Outbreak,64,Waterborne cholera outbreak in affected areas following contamination of water sources.,False
2023-06-03,Disaster,73,Amritsar,31.4808,74.9214,24.7,8.9,Natural,River Overflow,129,River exceeding danger levels and breaching banks causing flooding.,True
2023-06-03,Medical,30,Udaipur,24.6727,73.7602,15.9,3.3,Healthcare,Leptospirosis Cases,135,Post-flood leptospirosis cases reported in affected areas.,False
2023-06-03,Disaster,65,Ahmedabad,22.9455,72.606,16.1,6.8,Natural,Flash Flood,139,Sudden flooding due to heavy rainfall overwhelming drainage systems.,False
2023-06-03,Disaster,45,Coimbatore,10.9213,77.1432,21.7,5.0,Natural,Monsoon Flooding,186,Widespread flooding due to monsoon rains affecting multiple areas.,False
2023-06-03,Medical,73,Ranchi,23.3319,85.4849,11.9,2.8,Healthcare,Leptospirosis Cases,29,Post-flood leptospirosis cases reported in affected areas.,False
2023-06-03,Medical,76,Raipur,21.2087,81.8111,12.1,6.4,Healthcare,Leptospirosis Cases,147,Post-flood leptospirosis cases reported in affected areas.,False
2023-06-03,Disaster,69,Mangalore,12.9405,75.0484,21.1,6.1,Natural,Monsoon Flooding,182,Widespread flooding due to monsoon rains affecting multiple areas.,False
2023-06-04,Medical,99,Delhi,28.7668,77.207,8.6,5.1,Healthcare,Leptospirosis Cases,16,Post-flood leptospirosis cases reported in affected areas.,False
2023-06-04,Medical,63,Odisha,20.4268,84.5164,13.7,4.7,Healthcare,Dengue Outbreak,51,"Surge in dengue fever cases following monsoon rains, straining local healthcare facilities.",False
2023-06-04,Disaster,49,Amritsar,31.4695,74.9682,28.1,5.7,Natural,Heavy Rainfall,99,Unusually heavy rainfall causing urban flooding and infrastructure damage.,False
2023-06-04,Disaster,51,Patna,25.437,85.3308,28.6,7.1,Natural,Heavy Rainfall,14,Unusually heavy rainfall causing urban flooding and infrastructure damage.,False
2023-06-05,Medical,67,Ahmedabad,23.11,72.6211,8.2,2.8,Healthcare,Malaria Surge,24,"Increased malaria cases reported in rural areas, requiring medical intervention.",False
2023-06-05,Disaster,93,Patna,25.781,85.0173,31.2,6.2,Natural,Heavy Rainfall,36,Unusually heavy rainfall causing urban flooding and infrastructure damage.,False
2023-06-05,Disaster,82,Vadodara,22.456,73.0693,27.1,7.2,Natural,River Overflow,138,River exceeding danger levels and breaching banks causing flooding.,False
2023-06-05,Disaster,71,Varanasi,25.2391,82.7841,21.8,8.2,Natural,River Overflow,39,River exceeding danger levels and breaching banks causing flooding.,True
2023-06-05,Disaster,245,Chennai,13.1361,80.14,16.4,8.7,Natural,Monsoon Flooding,199,Widespread flooding due to monsoon rains affecting multiple areas.,True
2023-06-05,Disaster,77,Vadodara,22.1565,73.3528,36.5,7.1,Natural,Heavy Rainfall,111,Unusually heavy rainfall causing urban flooding and infrastructure damage.,False
2023-06-05,Disaster,71,Raipur,21.0671,81.6133,21.3,7.0,Natural,Flash Flood,20,Sudden flooding due to heavy rainfall overwhelming drainage systems.,False
2023-06-06,Disaster,148,Bengaluru,13.1396,77.4808,16.1,9.3,Natural,Monsoon Flooding,173,Widespread flooding due to monsoon rains affecting multiple areas.,True
2023-06-06,Medical,77,Kochi,9.9395,76.1638,16.1,5.1,Healthcare,Leptospirosis Cases,139,Post-flood leptospirosis cases reported in affected areas.,False
2023-06-06,Disaster,76,Ahmedabad,22.948,72.4105,16.8,6.9,Natural,Heavy Rainfall,103,Unusually heavy rainfall causing urban flooding and infrastructure damage.,False
2023-06-06,Disaster,52,Visakhapatnam,17.7742,83.2406,24.1,7.8,Natural,Heavy Rainfall,111,Unusually heavy rainfall causing urban flooding and infrastructure damage.,False
2023-06-06,Medical,67,Shimla,31.25,77.1496,13.3,6.3,Healthcare,Dengue Outbreak,79,"Surge in dengue fever cases following monsoon rains, straining local healthcare facilities.",False
2023-06-06,Disaster,192,Kolkata,22.4189,88.2943,23.3,9.5,Natural,Flash Flood,100,Sudden flooding due to heavy rainfall overwhelming drainage systems.,True
2023-06-06,Medical,70,Bhopal,23.4482,77.3655,13.5,3.7,Healthcare,Cholera Outbreak,76,Waterborne cholera outbreak in affected areas following contamination of water sources.,False
2023-06-06,Disaster,89,Jodhpur,26.4317,73.1913,21.1,8.0,Natural,River Overflow,149,River exceeding danger levels and breaching banks causing flooding.,False
2023-06-06,Disaster,92,Bhubaneswar,20.1213,85.6918,32.2,7.4,Natural,Heavy Rainfall,77,Unusually heavy rainfall causing urban flooding and infrastructure damage.,False
2023-06-06,Disaster,44,Thiruvananthapuram,8.3596,76.7562,31.6,4.4,Natural,Landslide,15,Landslide triggered by heavy rainfall blocking roads and damaging structures.,False
2023-06-06,Medical,74,Gangtok,27.2405,88.5235,12.9,4.1,Healthcare,Malaria Surge,45,"Increased malaria cases reported in rural areas, requiring medical intervention.",False
2023-06-07,Disaster,91,Raipur,21.3138,81.606,25.5,5.4,Natural,Flash Flood,44,Sudden flooding due to heavy rainfall overwhelming drainage systems.,False
2023-06-07,Disaster,119,Bengaluru,13.0235,77.4612,15.6,8.5,Natural,Monsoon Flooding,197,Widespread flooding due to monsoon rains affecting multiple areas.,True
2023-06-07,Medical,32,Gwalior,26.3297,78.3245,13.9,4.6,Healthcare,Malaria Surge,143,"Increased malaria cases reported in rural areas, requiring medical intervention.",False
2023-06-07,Disaster,182,Mumbai,18.9892,73.0155,21.3,8.0,Natural,Monsoon Flooding,137,Widespread flooding due to monsoon rains affecting multiple areas.,False
2023-06-07,Medical,32,Allahabad,25.6031,81.8785,12.3,5.9,Healthcare,Dengue Outbreak,130,"Surge in dengue fever cases following monsoon rains, straining local healthcare facilities.",False
2023-06-08,Medical,34,Gangtok,27.521,88.6925,10.8,5.7,Healthcare,Malaria Surge,62,"Increased malaria cases reported in rural areas, requiring medical intervention.",False
2023-06-08,Disaster,79,Kochi,9.7685,76.1776,29.3,4.6,Natural,Flash Flood,68,Sudden flooding due to heavy rainfall overwhelming drainage systems.,False
2023-06-09,Disaster,71,Udaipur,24.6146,73.5429,30.6,9.1,Natural,River Overflow,104,River exceeding danger levels and breaching banks causing flooding.,True
2023-06-09,Disaster,92,Visakhapatnam,17.5837,83.2552,23.3,6.1,Natural,Heavy Rainfall,21,Unusually heavy rainfall causing urban flooding and infrastructure damage.,False
2023-06-09,Medical,53,Chandigarh,30.9333,76.7693,11.1,3.7,Healthcare,Cholera Outbreak,11,Waterborne cholera outbreak in affected areas following contamination of water sources.,False
2023-06-09,Medical,73,Aizawl,23.6366,92.8465,12.4,3.1,Healthcare,Leptospirosis Cases,117,Post-flood leptospirosis cases reported in affected areas.,False
2023-06-09,Medical,62,Agra,27.0429,78.1864,12.6,2.8,Healthcare,Malaria Surge,12,"Increased malaria cases reported in rural areas, requiring medical intervention.",False
2023-06-09,Disaster,77,Mangalore,12.9764,75.0511,22.9,4.4,Natural,River Overflow,67,River exceeding danger levels and breaching banks causing flooding.,False
2023-06-09,Disaster,45,Kochi,9.8163,76.4484,26.7,9.2,Natural,Heavy Rainfall,97,Unusually heavy rainfall causing urban flooding and infrastructure damage.,True
2023-06-09,Medical,69,Leh,34.1614,77.7515,11.0,6.9,Healthcare,Cholera Outbreak,40,Waterborne cholera outbreak in affected areas following contamination of water sources.,False
2023-06-09,Disaster,99,Nagpur,21.0716,79.2728,25.0,9.1,Natural,River Overflow,150,River exceeding danger levels and breaching banks causing flooding.,True
2023-06-09,Disaster,47,Agra,27.2207,77.9029,27.0,6.9,Natural,River Overflow,35,River exceeding danger levels and breaching banks causing flooding.,False
2023-06-10,Disaster,58,Varanasi,25.4749,82.7763,29.4,5.9,Natural,Flash Flood,21,Sudden flooding due to heavy rainfall overwhelming drainage systems.,False
2023-06-10,Disaster,78,Jaipur,26.9954,75.6682,22.8,5.9,Natural,Heavy Rainfall,73,Unusually heavy rainfall causing urban flooding and infrastructure damage.,False
2023-06-10,Disaster,44,Goa,15.412,74.275,20.0,4.2,Natural,Heavy Rainfall,136,Unusually heavy rainfall causing urban flooding and infrastructure damage.,False
2023-06-10,Disaster,90,Vadodara,22.399,73.2454,19.9,7.3,Natural,Flash Flood,74,Sudden flooding due to heavy rainfall overwhelming drainage systems.,False
2023-06-10,Disaster,122,Visakhapatnam,17.7466,83.111,28.5,8.8,Natural,Cyclone,86,Tropical cyclone making landfall with strong winds and heavy rainfall causing widespread damage.,True
2023-06-10,Medical,77,Varanasi,25.4911,83.0814,13.1,3.7,Healthcare,Dengue Outbreak,133,"Surge in dengue fever cases following monsoon rains, straining local healthcare facilities.",False
2023-06-10,Disaster,41,Mangalore,12.8981,74.8044,25.9,8.2,Natural,Heavy Rainfall,20,Unusually heavy rainfall causing urban flooding and infrastructure damage.,True
2023-06-10,Disaster,90,Surat,21.1296,72.8823,30.8,4.7,Natural,Flash Flood,81,Sudden flooding due to heavy rainfall overwhelming drainage systems.,False
2023-06-10,Disaster,41,Amritsar,31.455,74.7364,25.9,7.7,Natural,River Overflow,34,River exceeding danger levels and breaching banks causing flooding.,False
2023-06-10,Disaster,40,Mysore,12.1834,76.6742,27.1,9.0,Natural,Heavy Rainfall,104,Unusually heavy rainfall causing urban flooding and infrastructure damage.,True
2023-06-10,Disaster,45,Patna,25.6917,85.1488,21.4,5.7,Natural,Flash Flood,84,Sudden flooding due to heavy rainfall overwhelming drainage systems.,False
2023-06-10,Medical,47,Leh,34.2805,77.4101,13.2,4.9,Healthcare,Dengue Outbreak,66,"Surge in dengue fever cases following monsoon rains, straining local healthcare facilities.",False
2023-06-10,Disaster,42,Thiruvananthapuram,8.4267,77.0169,21.8,9.3,Natural,Flash Flood,18,Sudden flooding due to heavy rainfall overwhelming drainage systems.,True
2023-06-10,Medical,70,Bhopal,23.281,77.6107,15.7,7.0,Healthcare,Malaria Surge,75,"Increased malaria cases reported in rural areas, requiring medical intervention.",False
2023-06-11,Disaster,60,Aizawl,23.63,92.7982,30.5,4.4,Natural,River Overflow,10,River exceeding danger levels and breaching banks causing flooding.,False
2023-06-11,Medical,79,Shillong,25.6197,91.8376,13.8,4.1,Healthcare,Leptospirosis Cases,145,Post-flood leptospirosis cases reported in affected areas.,False
2023-06-11,Medical,80,Mysore,12.2454,76.6246,11.8,3.1,Healthcare,Cholera Outbreak,89,Waterborne cholera outbreak in affected areas following contamination of water sources.,False
2023-06-11,Disaster,56,Guwahati,25.998,91.9255,29.1,6.2,Natural,River Overflow,73,River exceeding danger levels and breaching banks causing flooding.,False
2023-06-11,Medical,79,Lucknow,26.654,80.7869,11.6,2.0,Healthcare,Leptospirosis Cases,35,Post-flood leptospirosis cases reported in affected areas.,False
2023-06-11,Medical,63,Patna,25.4622,84.951,13.5,3.1,Healthcare,Cholera Outbreak,76,Waterborne cholera outbreak in affected areas following contamination of water sources.,False
2023-06-12,Medical,41,Bhubaneswar,20.1397,85.9939,15.0,3.6,Healthcare,Dengue Outbreak,43,"Surge in dengue fever cases following monsoon rains, straining local healthcare facilities.",False
2023-06-12,Disaster,83,Agra,27.2674,78.1949,29.5,5.9,Natural,Flash Flood,39,Sudden flooding due to heavy rainfall overwhelming drainage systems.,False
2023-06-12,Disaster,214,Kolkata,22.6218,88.1788,19.1,8.9,Natural,Flash Flood,90,Sudden flooding due to heavy rainfall overwhelming drainage systems.,True
2023-06-12,Disaster,95,Mysore,12.256,76.8295,36.7,4.5,Natural,Landslide,27,Landslide triggered by heavy rainfall blocking roads and damaging structures.,False
2023-06-12,Medical,91,Delhi,28.5965,77.3433,10.9,4.0,Healthcare,Malaria Surge,89,"Increased malaria cases reported in rural areas, requiring medical intervention.",False
2023-06-13,Medical,57,Kohima,25.7507,93.9349,14.9,5.3,Healthcare,Cholera Outbreak,128,Waterborne cholera outbreak in affected areas following contamination of water sources.,False
2023-06-13,Medical,39,Gangtok,27.4767,88.4421,12.8,2.9,Healthcare,Malaria Surge,142,"Increased malaria cases reported in rural areas, requiring medical intervention.",False
2023-06-13,Medical,39,Aizawl,23.6417,92.6879,12.0,4.9,Healthcare,Leptospirosis Cases,107,Post-flood leptospirosis cases reported in affected areas.,False
2023-06-13,Disaster,85,Odisha,20.6909,84.6257,21.8,4.2,Natural,River Overflow,66,River exceeding danger levels and breaching banks causing flooding.,False
2023-06-13,Disaster,51,Bhopal,23.4259,77.496,23.2,6.4,Natural,Flash Flood,63,Sudden flooding due to heavy rainfall overwhelming drainage systems.,False
2023-06-13,Disaster,80,Goa,15.1043,74.0739,21.0,7.7,Natural,Monsoon Flooding,199,Widespread flooding due to monsoon rains affecting multiple areas.,False
2023-06-13,Medical,66,Ahmedabad,22.9989,72.4185,11.6,3.6,Healthcare,Leptospirosis Cases,10,Post-flood leptospirosis cases reported in affected areas.,False
2023-06-14,Medical,33,Indore,22.636,75.8054,15.7,3.3,Healthcare,Malaria Surge,86,"Increased malaria cases reported in rural areas, requiring medical intervention.",False
2023-06-14,Medical,63,Aizawl,23.8107,92.7419,16.7,6.4,Healthcare,Malaria Surge,54,"Increased malaria cases reported in rural areas, requiring medical intervention.",False
2023-06-14,Disaster,69,Goa,15.4555,74.0226,23.3,4.3,Natural,Flash Flood,41,Sudden flooding due to heavy rainfall overwhelming drainage systems.,False
2023-06-14,Medical,37,Imphal,24.7139,93.8433,10.1,2.4,Healthcare,Dengue Outbreak,86,"Surge in dengue fever cases following monsoon rains, straining local healthcare facilities.",False
2023-06-14,Medical,38,Shillong,25.4358,92.0758,12.8,5.7,Healthcare,Leptospirosis Cases,52,Post-flood leptospirosis cases reported in affected areas.,False
2023-06-14,Disaster,74,Guwahati,26.0832,91.6058,25.5,8.0,Natural,River Overflow,99,River exceeding danger levels and breaching banks causing flooding.,False
2023-06-14,Medical,62,Aizawl,23.7378,92.5858,15.9,2.9,Healthcare,Leptospirosis Cases,22,Post-flood leptospirosis cases reported in affected areas.,False
2023-06-15,Disaster,94,Aizawl,23.6732,92.911,24.0,8.9,Natural,River Overflow,54,River exceeding danger levels and breaching banks causing flooding.,True
2023-06-15,Disaster,68,Delhi,28.6776,77.0153,24.3,9.0,Natural,River Overflow,64,River exceeding danger levels and breaching banks causing flooding.,True
2023-06-15,Medical,71,Dehradun,30.5145,77.9019,13.0,3.5,Healthcare,Malaria Surge,121,"Increased malaria cases reported in rural areas, requiring medical intervention.",False
2023-06-15,Disaster,63,Raipur,21.2187,81.6537,21.8,9.1,Natural,Flash Flood,66,Sudden flooding due to heavy rainfall overwhelming drainage systems.,True
2023-06-15,Medical,50,Shimla,31.1102,77.2049,14.8,3.9,Healthcare,Dengue Outbreak,76,"Surge in dengue fever cases following monsoon rains, straining local healthcare facilities.",False
2023-06-15,Disaster,59,Vadodara,22.2427,73.2742,30.6,7.5,Natural,Heavy Rainfall,99,Unusually heavy rainfall causing urban flooding and infrastructure damage.,False
2023-06-15,Medical,66,Bhubaneswar,20.1524,85.6308,14.8,6.9,Healthcare,Cholera Outbreak,125,Waterborne cholera outbreak in affected areas following contamination of water sources.,False
2023-06-16,Medical,34,Ranchi,23.3986,85.4817,11.8,6.6,Healthcare,Malaria Surge,78,"Increased malaria cases reported in rural areas, requiring medical intervention.",False
2023-06-16,Medical,72,Bhopal,23.2676,77.4084,12.1,4.1,Healthcare,Malaria Surge,23,"Increased malaria cases reported in rural areas, requiring medical intervention.",False
2023-06-16,Disaster,47,Leh,34.2028,77.5745,21.1,6.2,Natural,Heavy Rainfall,41,Unusually heavy rainfall causing urban flooding and infrastructure damage.,False
2023-06-16,Medical,57,Jodhpur,26.1443,73.0106,13.1,4.7,Healthcare,Dengue Outbreak,79,"Surge in dengue fever cases following monsoon rains, straining local healthcare facilities.",False
2023-06-16,Disaster,70,Dehradun,30.2712,78.1829,26.4,8.2,Natural,River Overflow,90,River exceeding danger levels and breaching banks causing flooding.,True
2023-06-16,Disaster,69,Kochi,9.9896,76.1035,32.2,6.5,Natural,Flash Flood,82,Sudden flooding due to heavy rainfall overwhelming drainage systems.,False
2023-06-17,Disaster,65,Mysore,12.1579,76.8082,30.7,7.6,Natural,River Overflow,52,River exceeding danger levels and breaching banks causing flooding.,False
2023-06-17,Disaster,68,Goa,15.2621,74.075,26.6,7.2,Natural,Monsoon Flooding,128,Widespread flooding due to monsoon rains affecting multiple areas.,False
2023-06-17,Disaster,73,Thiruvananthapuram,8.4218,77.1046,23.5,9.4,Natural,Landslide,87,Landslide triggered by heavy rainfall blocking roads and damaging structures.,True
2023-06-18,Medical,59,Aizawl,23.8606,92.6746,11.7,5.6,Healthcare,Leptospirosis Cases,135,Post-flood leptospirosis cases reported in affected areas.,False
2023-06-18,Disaster,80,Hyderabad,17.2297,78.6647,22.1,7.1,Natural,Landslide,16,Landslide triggered by heavy rainfall blocking roads and damaging structures.,False
2023-06-18,Disaster,98,Chennai,12.9972,80.2527,21.4,9.4,Natural,Flash Flood,72,Sudden flooding due to heavy rainfall overwhelming drainage systems.,True
2023-06-18,Disaster,40,Ahmedabad,23.1275,72.6221,20.7,4.9,Natural,River Overflow,97,River exceeding danger levels and breaching banks causing flooding.,False
2023-06-18,Medical,53,Bhopal,23.2805,77.2288,15.0,6.1,Healthcare,Dengue Outbreak,80,"Surge in dengue fever cases following monsoon rains, straining local healthcare facilities.",False
2023-06-18,Medical,42,Indore,22.7146,76.0123,10.1,3.7,Healthcare,Dengue Outbreak,114,"Surge in dengue fever cases following monsoon rains, straining local healthcare facilities.",False
2023-06-19,Disaster,70,Odisha,20.4537,84.6938,21.1,4.2,Natural,River Overflow,6,River exceeding danger levels and breaching banks causing flooding.,False
2023-06-19,Medical,49,Vadodara,22.3386,73.224,17.0,3.4,Healthcare,Leptospirosis Cases,86,Post-flood leptospirosis cases reported in affected areas.,False
2023-06-19,Disaster,46,Vijayawada,16.6758,80.8399,23.1,7.1,Natural,Landslide,67,Landslide triggered by heavy rainfall blocking roads and damaging structures.,False
2023-06-19,Disaster,134,Bengaluru,13.1462,77.6132,17.6,5.4,Natural,Heavy Rainfall,33,Unusually heavy rainfall causing urban flooding and infrastructure damage.,False
2023-06-19,Disaster,81,Mangalore,12.8123,74.9612,22.1,7.2,Natural,Heavy Rainfall,52,Unusually heavy rainfall causing urban flooding and infrastructure damage.,False
2023-06-20,Medical,34,Indore,22.8395,75.6998,14.0,6.3,Healthcare,Malaria Surge,130,"Increased malaria cases reported in rural areas, requiring medical intervention.",False
2023-06-20,Medical,42,Shimla,31.0402,77.0435,13.6,4.2,Healthcare,Leptospirosis Cases,96,Post-flood leptospirosis cases reported in affected areas.,False
2023-06-20,Medical,73,Jaipur,26.7134,75.9577,13.8,4.8,Healthcare,Leptospirosis Cases,9,Post-flood leptospirosis cases reported in affected areas.,False
2023-06-20,Disaster,50,Guwahati,26.2044,91.8411,22.3,9.4,Natural,Heavy Rainfall,117,Unusually heavy rainfall causing urban flooding and infrastructure damage.,True
2023-06-20,Disaster,50,Vadodara,22.4361,73.2329,27.0,8.6,Natural,River Overflow,147,River exceeding danger levels and breaching banks causing flooding.,True
2023-06-20,Disaster,97,Indore,22.7229,75.9442,25.6,6.8,Natural,Heavy Rainfall,116,Unusually heavy rainfall causing urban flooding and infrastructure damage.,False
2023-06-20,Medical,70,Nagpur,21.0581,79.1385,13.1,5.0,Healthcare,Leptospirosis Cases,131,Post-flood leptospirosis cases reported in affected areas.,False
2023-06-20,Medical,42,Leh,34.0897,77.772,13.4,7.0,Healthcare,Dengue Outbreak,125,"Surge in dengue fever cases following monsoon rains, straining local healthcare facilities.",False
2023-06-20,Disaster,48,Gangtok,27.1415,88.6005,23.3,9.4,Natural,Heavy Rainfall,148,Unusually heavy rainfall causing urban flooding and infrastructure damage.,True
2023-06-21,Medical,46,Shillong,25.6648,92.0556,12.9,4.5,Healthcare,Leptospirosis Cases,75,Post-flood leptospirosis cases reported in affected areas.,False
2023-06-21,Disaster,62,Amritsar,31.8139,74.9297,34.9,4.6,Natural,River Overflow,66,River exceeding danger levels and breaching banks causing flooding.,False
2023-06-21,Disaster,70,Thiruvananthapuram,8.4474,76.8956,21.9,8.6,Natural,Monsoon Flooding,185,Widespread flooding due to monsoon rains affecting multiple areas.,True
2023-06-21,Medical,34,Amritsar,31.5752,74.9945,11.1,5.2,Healthcare,Malaria Surge,132,"Increased malaria cases reported in rural areas, requiring medical intervention.",False
2023-06-21,Medical,62,Varanasi,25.1464,82.9647,14.0,6.0,Healthcare,Cholera Outbreak,98,Waterborne cholera outbreak in affected areas following contamination of water sources.,False
2023-06-21,Medical,43,Varanasi,25.2095,83.0173,12.1,5.0,Healthcare,Dengue Outbreak,61,"Surge in dengue fever cases following monsoon rains, straining local healthcare facilities.",False
2023-06-21,Disaster,74,Dehradun,30.18,78.0963,29.7,5.1,Natural,River Overflow,87,River exceeding danger levels and breaching banks causing flooding.,False
2023-06-21,Disaster,67,Nagpur,21.1289,78.9332,29.1,7.1,Natural,Flash Flood,71,Sudden flooding due to heavy rainfall overwhelming drainage systems.,False
2023-06-22,Disaster,55,Nagpur,21.1955,79.0562,28.2,6.3,Natural,Heavy Rainfall,11,Unusually heavy rainfall causing urban flooding and infrastructure damage.,False
2023-06-22,Disaster,100,Visakhapatnam,17.8488,83.0935,26.6,8.4,Natural,Flash Flood,102,Sudden flooding due to heavy rainfall overwhelming drainage systems.,True
2023-06-22,Medical,38,Agra,27.0917,77.8737,12.8,6.6,Healthcare,Leptospirosis Cases,36,Post-flood leptospirosis cases reported in affected areas.,False
2023-06-22,Medical,72,Surat,21.1585,73.0183,16.3,6.2,Healthcare,Cholera Outbreak,117,Waterborne cholera outbreak in affected areas following contamination of water sources.,False
2023-06-22,Disaster,97,Visakhapatnam,17.5739,83.2998,26.3,4.4,Natural,Monsoon Flooding,100,Widespread flooding due to monsoon rains affecting multiple areas.,False
2023-06-22,Medical,34,Guwahati,26.0843,91.7656,13.3,3.4,Healthcare,Dengue Outbreak,104,"Surge in dengue fever cases following monsoon rains, straining local healthcare facilities.",False
2023-06-22,Disaster,97,Delhi,28.6374,77.2762,20.3,5.3,Natural,Heavy Rainfall,40,Unusually heavy rainfall causing urban flooding and infrastructure damage.,False
2023-06-22,Medical,42,Dehradun,30.354,77.9446,12.7,2.1,Healthcare,Cholera Outbreak,12,Waterborne cholera outbreak in affected areas following contamination of water sources.,False
2023-06-23,Disaster,67,Pune,18.3886,73.6897,22.4,5.7,Natural,Heavy Rainfall,89,Unusually heavy rainfall causing urban flooding and infrastructure damage.,False
2023-06-23,Disaster,68,Agra,26.9949,78.0689,23.6,9.4,Natural,Flash Flood,118,Sudden flooding due to heavy rainfall overwhelming drainage systems.,True
2023-06-23,Medical,62,Agra,27.1673,78.0608,16.0,5.4,Healthcare,Dengue Outbreak,81,"Surge in dengue fever cases following monsoon rains, straining local healthcare facilities.",False
2023-06-23,Medical,34,Allahabad,25.306,81.9,15.1,5.0,Healthcare,Malaria Surge,103,"Increased malaria cases reported in rural areas, requiring medical intervention.",False
2023-06-23,Disaster,89,Ranchi,23.4409,85.1204,22.4,5.9,Natural,River Overflow,101,River exceeding danger levels and breaching banks causing flooding.,False
2023-06-23,Medical,55,Aizawl,23.6022,92.6921,14.0,5.2,Healthcare,Dengue Outbreak,111,"Surge in dengue fever cases following monsoon rains, straining local healthcare facilities.",False
2023-06-23,Medical,76,Jaipur,26.8008,75.7075,12.9,5.3,Healthcare,Leptospirosis Cases,64,Post-flood leptospirosis cases reported in affected areas.,False
2023-06-23,Medical,36,Amritsar,31.6469,74.9394,16.1,2.3,Healthcare,Malaria Surge,45,"Increased malaria cases reported in rural areas, requiring medical intervention.",False
2023-06-23,Disaster,53,Jodhpur,26.3752,72.96,28.0,4.8,Natural,River Overflow,85,River exceeding danger levels and breaching banks causing flooding.,False
2023-06-23,Medical,53,Ahmedabad,22.9114,72.527,11.0,6.3,Healthcare,Dengue Outbreak,18,"Surge in dengue fever cases following monsoon rains, straining local healthcare facilities.",False
2023-06-23,Medical,76,Dehradun,30.3339,77.9911,14.2,2.3,Healthcare,Dengue Outbreak,92,"Surge in dengue fever cases following monsoon rains, straining local healthcare facilities.",False
2023-06-23,Disaster,58,Odisha,20.5852,84.4321,20.0,9.5,Natural,River Overflow,58,River exceeding danger levels and breaching banks causing flooding.,True
2023-06-24,Medical,40,Udaipur,24.5162,73.7171,17.2,3.2,Healthcare,Leptospirosis Cases,63,Post-flood leptospirosis cases reported in affected areas.,False
2023-06-24,Disaster,40,Srinagar,34.1285,74.9625,23.1,7.2,Natural,Flash Flood,5,Sudden flooding due to heavy rainfall overwhelming drainage systems.,False
2023-06-24,Medical,39,Agartala,23.9144,91.4238,10.6,6.8,Healthcare,Cholera Outbreak,146,Waterborne cholera outbreak in affected areas following contamination of water sources.,False
2023-06-24,Medical,69,Leh,34.0157,77.6858,13.5,3.9,Healthcare,Cholera Outbreak,63,Waterborne cholera outbreak in affected areas following contamination of water sources.,False
2023-06-24,Disaster,75,Thiruvananthapuram,8.5661,76.9371,33.0,5.0,Natural,Heavy Rainfall,134,Unusually heavy rainfall causing urban flooding and infrastructure damage.,False
2023-06-25,Disaster,64,Srinagar,34.0525,74.6506,32.7,8.0,Natural,River Overflow,18,River exceeding danger levels and breaching banks causing flooding.,False
2023-06-25,Disaster,75,Udaipur,24.51,73.7435,24.1,7.1,Natural,Heavy Rainfall,98,Unusually heavy rainfall causing urban flooding and infrastructure damage.,False
2023-06-25,Disaster,98,Mumbai,19.1658,72.86,24.9,6.5,Natural,Landslide,115,Landslide triggered by heavy rainfall blocking roads and damaging structures.,False
2023-06-25,Disaster,90,Raipur,21.1492,81.5551,32.4,6.9,Natural,Flash Flood,39,Sudden flooding due to heavy rainfall overwhelming drainage systems.,False
2023-06-25,Disaster,43,Vijayawada,16.3402,80.6525,32.0,7.3,Natural,River Overflow,74,River exceeding danger levels and breaching banks causing flooding.,False
2023-06-25,Medical,61,Nagpur,20.9667,79.1011,10.6,5.3,Healthcare,Malaria Surge,71,"Increased malaria cases reported in rural areas, requiring medical intervention.",False
2023-06-26,Disaster,54,Pune,18.6337,73.9062,23.1,5.6,Natural,Heavy Rainfall,91,Unusually heavy rainfall causing urban flooding and infrastructure damage.,False
2023-06-26,Disaster,83,Coimbatore,10.9717,76.7753,23.1,9.1,Natural,Flash Flood,125,Sudden flooding due to heavy rainfall overwhelming drainage systems.,True
2023-06-26,Disaster,187,Kolkata,22.7251,88.3942,19.4,9.4,Natural,Heavy Rainfall,30,Unusually heavy rainfall causing urban flooding and infrastructure damage.,True
2023-06-26,Disaster,41,Shimla,31.2745,77.0055,22.9,7.1,Natural,Flash Flood,127,Sudden flooding due to heavy rainfall overwhelming drainage systems.,False
2023-06-26,Medical,77,Gangtok,27.4929,88.7433,13.8,2.9,Healthcare,Cholera Outbreak,20,Waterborne cholera outbreak in affected areas following contamination of water sources.,False
2023-06-26,Disaster,104,Delhi,28.6885,77.1129,24.7,7.6,Natural,Flash Flood,17,Sudden flooding due to heavy rainfall overwhelming drainage systems.,False
2023-06-26,Medical,51,Hyderabad,17.1974,78.6217,9.1,5.7,Healthcare,Leptospirosis Cases,149,Post-flood leptospirosis cases reported in affected areas.,False
2023-06-27,Disaster,45,Shillong,25.5565,91.6952,22.8,4.6,Natural,Heavy Rainfall,56,Unusually heavy rainfall causing urban flooding and infrastructure damage.,False
2023-06-28,Medical,65,Vijayawada,16.4568,80.7498,15.6,2.7,Healthcare,Malaria Surge,114,"Increased malaria cases reported in rural areas, requiring medical intervention.",False
2023-06-28,Disaster,69,Guwahati,26.1732,91.7473,21.4,7.2,Natural,River Overflow,135,River exceeding danger levels and breaching banks causing flooding.,False
2023-06-28,Disaster,97,Jaipur,27.0784,75.6188,26.2,6.2,Natural,River Overflow,123,River exceeding danger levels and breaching banks causing flooding.,False
2023-06-28,Medical,69,Udaipur,24.737,73.5563,12.5,2.9,Healthcare,Leptospirosis Cases,100,Post-flood leptospirosis cases reported in affected areas.,False
2023-06-28,Medical,64,Agartala,23.8394,91.1891,11.9,5.9,Healthcare,Malaria Surge,41,"Increased malaria cases reported in rural areas, requiring medical intervention.",False
2023-06-29,Disaster,84,Pune,18.6138,73.8174,16.7,5.6,Natural,Landslide,38,Landslide triggered by heavy rainfall blocking roads and damaging structures.,False
2023-06-29,Medical,73,Aizawl,23.7376,92.7524,13.3,3.0,Healthcare,Dengue Outbreak,79,"Surge in dengue fever cases following monsoon rains, straining local healthcare facilities.",False
2023-06-29,Disaster,41,Varanasi,25.4871,82.8704,21.7,6.5,Natural,Flash Flood,90,Sudden flooding due to heavy rainfall overwhelming drainage systems.,False
2023-06-29,Disaster,42,Agra,27.0899,77.9716,25.2,6.1,Natural,Flash Flood,26,Sudden flooding due to heavy rainfall overwhelming drainage systems.,False
2023-06-29,Disaster,110,Chennai,13.1364,80.382,16.6,4.9,Natural,Heavy Rainfall,28,Unusually heavy rainfall causing urban flooding and infrastructure damage.,False
2023-06-30,Disaster,163,Chennai,12.9829,80.3521,20.2,5.3,Natural,Monsoon Flooding,98,Widespread flooding due to monsoon rains affecting multiple areas.,False
2023-06-30,Medical,78,Kolkata,22.4576,88.4426,11.9,3.5,Healthcare,Leptospirosis Cases,126,Post-flood leptospirosis cases reported in affected areas.,False
2023-06-30,Disaster,40,Agra,27.0243,77.917,26.2,5.0,Natural,Flash Flood,19,Sudden flooding due to heavy rainfall overwhelming drainage systems.,False
2023-06-30,Medical,68,Bhubaneswar,20.1879,85.9863,12.9,2.2,Healthcare,Cholera Outbreak,123,Waterborne cholera outbreak in affected areas following contamination of water sources.,False
2023-06-30,Disaster,41,Aizawl,23.8843,92.7295,26.9,7.0,Natural,Heavy Rainfall,65,Unusually heavy rainfall causing urban flooding and infrastructure damage.,False
2023-06-30,Disaster,94,Mysore,12.1554,76.4472,22.7,6.9,Natural,Flash Flood,69,Sudden flooding due to heavy rainfall overwhelming drainage systems.,False
2023-07-01,Medical,35,Udaipur,24.5324,73.587,13.1,4.1,Healthcare,Cholera Outbreak,37,Waterborne cholera outbreak in affected areas following contamination of water sources.,False
2023-07-01,Medical,55,Leh,34.2241,77.5326,15.3,2.3,Healthcare,Leptospirosis Cases,105,Post-flood leptospirosis cases reported in affected areas.,False
2023-07-01,Disaster,85,Aizawl,23.651,92.7965,21.5,7.6,Natural,River Overflow,75,River exceeding danger levels and breaching banks causing flooding.,False
2023-07-01,Medical,33,Lucknow,26.78,80.9036,14.6,6.3,Healthcare,Malaria Surge,150,"Increased malaria cases reported in rural areas, requiring medical intervention.",False
2023-07-01,Disaster,93,Jodhpur,26.2685,73.2039,19.9,9.2,Natural,Heavy Rainfall,54,Unusually heavy rainfall causing urban flooding and infrastructure damage.,True
2023-07-01,Disaster,71,Shimla,30.9653,77.2495,22.6,5.5,Natural,River Overflow,63,River exceeding danger levels and breaching banks causing flooding.,False
2023-07-01,Disaster,54,Guwahati,26.1271,91.6122,22.8,6.3,Natural,Flash Flood,106,Sudden flooding due to heavy rainfall overwhelming drainage systems.,False
2023-07-02,Medical,61,Gangtok,27.257,88.7212,11.5,5.2,Healthcare,Dengue Outbreak,94,"Surge in dengue fever cases following monsoon rains, straining local healthcare facilities.",False
2023-07-02,Medical,61,Ranchi,23.4281,85.3971,12.9,6.4,Healthcare,Dengue Outbreak,14,"Surge in dengue fever cases following monsoon rains, straining local healthcare facilities.",False
2023-07-02,Medical,72,Shimla,30.962,76.9985,17.3,2.2,Healthcare,Malaria Surge,117,"Increased malaria cases reported in rural areas, requiring medical intervention.",False
2023-07-02,Disaster,50,Agra,27.0267,78.0091,30.7,7.0,Natural,River Overflow,91,River exceeding danger levels and breaching banks causing flooding.,False
2023-07-02,Medical,67,Vadodara,22.1903,73.3247,11.4,5.7,Healthcare,Dengue Outbreak,29,"Surge in dengue fever cases following monsoon rains, straining local healthcare facilities.",False
2023-07-02,Disaster,169,Mumbai,19.0085,73.0458,16.1,7.3,Natural,Flash Flood,122,Sudden flooding due to heavy rainfall overwhelming drainage systems.,False
2023-07-03,Disaster,75,Mysore,12.4117,76.704,23.3,7.6,Natural,Flash Flood,148,Sudden flooding due to heavy rainfall overwhelming drainage systems.,False
2023-07-03,Disaster,59,Raipur,21.1764,81.7755,33.6,4.9,Natural,Heavy Rainfall,11,Unusually heavy rainfall causing urban flooding and infrastructure damage.,False
2023-07-03,Medical,68,Gwalior,26.0861,78.0001,12.9,4.5,Healthcare,Cholera Outbreak,50,Waterborne cholera outbreak in affected areas following contamination of water sources.,False
2023-07-03,Disaster,59,Coimbatore,10.9309,77.0341,25.0,6.7,Natural,Flash Flood,55,Sudden flooding due to heavy rainfall overwhelming drainage systems.,False
2023-07-03,Medical,53,Kolkata,22.494,88.1828,8.8,4.3,Healthcare,Leptospirosis Cases,106,Post-flood leptospirosis cases reported in affected areas.,False
2023-07-03,Disaster,62,Pune,18.4886,73.9723,16.5,6.5,Natural,River Overflow,69,River exceeding danger levels and breaching banks causing flooding.,False
2023-07-03,Disaster,69,Varanasi,25.3241,82.8499,21.6,7.8,Natural,River Overflow,101,River exceeding danger levels and breaching banks causing flooding.,False
2023-07-04,Medical,35,Udaipur,24.6981,73.5629,12.6,5.5,Healthcare,Leptospirosis Cases,119,Post-flood leptospirosis cases reported in affected areas.,False
2023-07-04,Disaster,68,Srinagar,34.0701,74.8777,24.9,9.3,Natural,Flash Flood,12,Sudden flooding due to heavy rainfall overwhelming drainage systems.,True
2023-07-04,Medical,45,Dehradun,30.3639,78.0769,11.5,3.6,Healthcare,Leptospirosis Cases,41,Post-flood leptospirosis cases reported in affected areas.,False
2023-07-04,Disaster,61,Chandigarh,30.7158,76.6199,29.4,8.3,Natural,Flash Flood,50,Sudden flooding due to heavy rainfall overwhelming drainage systems.,True
2023-07-04,Disaster,54,Gwalior,26.3264,78.245,29.1,6.4,Natural,Flash Flood,24,Sudden flooding due to heavy rainfall overwhelming drainage systems.,False
2023-07-04,Disaster,40,Vadodara,22.1491,73.3296,25.8,4.6,Natural,River Overflow,48,River exceeding danger levels and breaching banks causing flooding.,False
2023-07-04,Medical,74,Srinagar,33.8982,74.7368,11.6,7.0,Healthcare,Leptospirosis Cases,122,Post-flood leptospirosis cases reported in affected areas.,False
2023-07-04,Medical,125,Delhi,28.499,77.2054,9.5,4.8,Healthcare,Dengue Outbreak,39,"Surge in dengue fever cases following monsoon rains, straining local healthcare facilities.",False
2023-07-04,Medical,67,Vijayawada,16.3614,80.737,14.0,7.0,Healthcare,Malaria Surge,135,"Increased malaria cases reported in rural areas, requiring medical intervention.",False
2023-07-04,Medical,51,Shillong,25.5185,91.914,14.2,2.5,Healthcare,Dengue Outbreak,10,"Surge in dengue fever cases following monsoon rains, straining local healthcare facilities.",False
2023-07-04,Medical,72,Lucknow,26.8045,80.763,13.4,3.9,Healthcare,Cholera Outbreak,89,Waterborne cholera outbreak in affected areas following contamination of water sources.,False
2023-07-04,Disaster,67,Leh,34.2609,77.4551,26.8,4.7,Natural,Heavy Rainfall,65,Unusually heavy rainfall causing urban flooding and infrastructure damage.,False
2023-07-05,Medical,40,Bhubaneswar,20.1133,85.7527,12.8,5.8,Healthcare,Dengue Outbreak,149,"Surge in dengue fever cases following monsoon rains, straining local healthcare facilities.",False
2023-07-05,Medical,68,Amritsar,31.6204,74.7897,12.5,4.5,Healthcare,Malaria Surge,102,"Increased malaria cases reported in rural areas, requiring medical intervention.",False
2023-07-05,Disaster,81,Amritsar,31.6782,74.729,32.7,8.4,Natural,River Overflow,114,River exceeding danger levels and breaching banks causing flooding.,True
2023-07-05,Medical,67,Lucknow,26.7133,81.0929,10.4,5.1,Healthcare,Cholera Outbreak,114,Waterborne cholera outbreak in affected areas following contamination of water sources.,False
2023-07-05,Disaster,50,Varanasi,25.3388,83.0421,30.5,8.7,Natural,Heavy Rainfall,146,Unusually heavy rainfall causing urban flooding and infrastructure damage.,True
2023-07-06,Medical,78,Allahabad,25.4052,81.7036,14.9,5.8,Healthcare,Cholera Outbreak,93,Waterborne cholera outbreak in affected areas following contamination of water sources.,False
2023-07-06,Disaster,125,Delhi,28.8094,77.1402,18.3,8.4,Natural,River Overflow,67,River exceeding danger levels and breaching banks causing flooding.,True
2023-07-06,Disaster,71,Imphal,24.8765,93.7963,30.2,7.6,Natural,Flash Flood,85,Sudden flooding due to heavy rainfall overwhelming drainage systems.,False
2023-07-06,Medical,71,Lucknow,26.8737,80.9083,17.1,3.8,Healthcare,Dengue Outbreak,78,"Surge in dengue fever cases following monsoon rains, straining local healthcare facilities.",False
2023-07-06,Disaster,203,Chennai,13.0896,80.2117,17.8,5.6,Natural,Monsoon Flooding,155,Widespread flooding due to monsoon rains affecting multiple areas.,True
2023-07-07,Disaster,96,Pune,18.6433,74.0296,17.6,6.0,Natural,Flash Flood,62,Sudden flooding due to heavy rainfall overwhelming drainage systems.,False
2023-07-07,Disaster,73,Vijayawada,16.3667,80.7124,33.4,7.2,Natural,Monsoon Flooding,192,Widespread flooding due to monsoon rains affecting multiple areas.,False
2023-07-07,Disaster,51,Chandigarh,30.7457,76.7356,19.6,6.4,Natural,Heavy Rainfall,38,Unusually heavy rainfall causing urban flooding and infrastructure damage.,False
2023-07-07,Medical,77,Nagpur,21.3301,79.2449,12.9,5.8,Healthcare,Malaria Surge,42,"Increased malaria cases reported in rural areas, requiring medical intervention.",False
2023-07-07,Disaster,53,Coimbatore,10.9305,76.8521,24.1,8.0,Natural,Landslide,37,Landslide triggered by heavy rainfall blocking roads and damaging structures.,False
2023-07-08,Disaster,59,Raipur,21.1496,81.69,28.7,8.1,Natural,River Overflow,137,River exceeding danger levels and breaching banks causing flooding.,True
2023-07-08,Medical,50,Ranchi,23.2734,85.4155,12.3,4.4,Healthcare,Dengue Outbreak,86,"Surge in dengue fever cases following monsoon rains, straining local healthcare facilities.",False
2023-07-08,Disaster,100,Amritsar,31.7673,74.7129,31.6,8.5,Natural,River Overflow,115,River exceeding danger levels and breaching banks causing flooding.,True
2023-07-08,Disaster,52,Mangalore,12.9341,74.656,32.0,6.5,Natural,Flash Flood,54,Sudden flooding due to heavy rainfall overwhelming drainage systems.,False
2023-07-09,Disaster,48,Vadodara,22.4126,73.239,22.7,8.5,Natural,River Overflow,108,River exceeding danger levels and breaching banks causing flooding.,True
2023-07-09,Disaster,63,Varanasi,25.4725,82.9402,25.8,6.3,Natural,Heavy Rainfall,81,Unusually heavy rainfall causing urban flooding and infrastructure damage.,False
2023-07-09,Disaster,59,Gangtok,27.2529,88.4517,34.8,5.7,Natural,Heavy Rainfall,147,Unusually heavy rainfall causing urban flooding and infrastructure damage.,False
2023-07-09,Disaster,44,Surat,21.0899,72.689,23.9,5.4,Natural,Flash Flood,51,Sudden flooding due to heavy rainfall overwhelming drainage systems.,False
2023-07-09,Disaster,64,Vijayawada,16.4611,80.487,23.3,8.5,Natural,Monsoon Flooding,184,Widespread flooding due to monsoon rains affecting multiple areas.,True
2023-07-09,Disaster,99,Shimla,30.9467,77.1074,23.4,6.1,Natural,River Overflow,94,River exceeding danger levels and breaching banks causing flooding.,False
2023-07-09,Disaster,64,Guwahati,26.3435,91.6481,27.9,5.4,Natural,River Overflow,67,River exceeding danger levels and breaching banks causing flooding.,False
2023-07-09,Medical,74,Varanasi,25.4109,83.0416,11.2,2.7,Healthcare,Dengue Outbreak,48,"Surge in dengue fever cases following monsoon rains, straining local healthcare facilities.",False
2023-07-09,Disaster,43,Thiruvananthapuram,8.7011,77.1006,25.1,7.6,Natural,River Overflow,55,River exceeding danger levels and breaching banks causing flooding.,False
2023-07-09,Medical,50,Jaipur,26.8616,75.8933,14.0,3.6,Healthcare,Dengue Outbreak,66,"Surge in dengue fever cases following monsoon rains, straining local healthcare facilities.",False
2023-07-09,Disaster,42,Odisha,20.3986,84.5343,24.4,4.6,Natural,River Overflow,148,River exceeding danger levels and breaching banks causing flooding.,False
2023-07-09,Medical,104,Kolkata,22.4115,88.4084,10.6,6.1,Healthcare,Cholera Outbreak,9,Waterborne cholera outbreak in affected areas following contamination of water sources.,False
2023-07-10,Disaster,78,Bhubaneswar,20.2507,86.0222,24.8,5.1,Natural,Heavy Rainfall,143,Unusually heavy rainfall causing urban flooding and infrastructure damage.,False
2023-07-10,Disaster,81,Kochi,9.8453,76.3502,23.3,4.8,Natural,Landslide,112,Landslide triggered by heavy rainfall blocking roads and damaging structures.,False
2023-07-10,Disaster,57,Lucknow,27.0315,80.9804,29.9,7.3,Natural,Flash Flood,63,Sudden flooding due to heavy rainfall overwhelming drainage systems.,False
2023-07-10,Medical,42,Varanasi,25.4125,83.0904,15.1,4.9,Healthcare,Cholera Outbreak,50,Waterborne cholera outbreak in affected areas following contamination of water sources.,False
2023-07-10,Medical,86,Delhi,28.4386,77.3709,11.5,4.5,Healthcare,Leptospirosis Cases,74,Post-flood leptospirosis cases reported in affected areas.,False
2023-07-10,Disaster,95,Goa,15.4109,74.2913,32.2,4.2,Natural,Flash Flood,90,Sudden flooding due to heavy rainfall overwhelming drainage systems.,False
2023-07-11,Disaster,89,Pune,18.468,73.8324,23.8,6.0,Natural,Flash Flood,108,Sudden flooding due to heavy rainfall overwhelming drainage systems.,False
2023-07-11,Disaster,43,Chandigarh,30.9231,76.7142,26.3,6.8,Natural,Heavy Rainfall,77,Unusually heavy rainfall causing urban flooding and infrastructure damage.,False
2023-07-11,Medical,78,Jodhpur,26.3746,73.1245,16.8,6.6,Healthcare,Leptospirosis Cases,38,Post-flood leptospirosis cases reported in affected areas.,False
2023-07-11,Disaster,89,Visakhapatnam,17.724,83.2163,24.3,4.7,Natural,Landslide,11,Landslide triggered by heavy rainfall blocking roads and damaging structures.,False
2023-07-11,Disaster,78,Imphal,24.6789,93.7993,30.9,6.8,Natural,Heavy Rainfall,24,Unusually heavy rainfall causing urban flooding and infrastructure damage.,False
2023-07-11,Disaster,53,Bhubaneswar,20.1229,85.7793,33.3,8.5,Natural,River Overflow,15,River exceeding danger levels and breaching banks causing flooding.,True
2023-07-11,Disaster,72,Srinagar,34.2237,74.7204,18.5,5.2,Natural,Flash Flood,140,Sudden flooding due to heavy rainfall overwhelming drainage systems.,False
2023-07-11,Disaster,91,Hyderabad,17.2445,78.3983,21.3,5.9,Natural,Landslide,107,Landslide triggered by heavy rainfall blocking roads and damaging structures.,False
2023-07-12,Disaster,57,Agra,26.9948,77.9821,28.6,8.6,Natural,River Overflow,72,River exceeding danger levels and breaching banks causing flooding.,True
2023-07-12,Disaster,79,Kochi,10.0832,76.3763,24.0,6.8,Natural,Landslide,21,Landslide triggered by heavy rainfall blocking roads and damaging structures.,False
2023-07-12,Medical,47,Amritsar,31.5343,75.0424,13.5,3.0,Healthcare,Dengue Outbreak,14,"Surge in dengue fever cases following monsoon rains, straining local healthcare facilities.",False
2023-07-12,Disaster,78,Vijayawada,16.5944,80.6945,27.4,5.1,Natural,Monsoon Flooding,152,Widespread flooding due to monsoon rains affecting multiple areas.,False
2023-07-13,Disaster,110,Chennai,13.1805,80.4639,22.4,6.6,Natural,Landslide,30,Landslide triggered by heavy rainfall blocking roads and damaging structures.,False
2023-07-13,Medical,36,Bhubaneswar,20.3355,85.9168,14.9,2.7,Healthcare,Malaria Surge,102,"Increased malaria cases reported in rural areas, requiring medical intervention.",False
2023-07-13,Disaster,56,Leh,34.3348,77.483,24.5,4.3,Natural,Flash Flood,114,Sudden flooding due to heavy rainfall overwhelming drainage systems.,False
2023-07-13,Disaster,76,Varanasi,25.3066,83.0176,21.6,4.7,Natural,Flash Flood,105,Sudden flooding due to heavy rainfall overwhelming drainage systems.,False
2023-07-13,Disaster,47,Dehradun,30.2333,78.1724,29.4,6.4,Natural,River Overflow,122,River exceeding danger levels and breaching banks causing flooding.,False
2023-07-14,Disaster,89,Pune,18.6138,74.05,19.9,9.2,Natural,Heavy Rainfall,44,Unusually heavy rainfall causing urban flooding and infrastructure damage.,True
2023-07-14,Disaster,176,Bengaluru,13.0789,77.4551,24.7,7.6,Natural,Monsoon Flooding,99,Widespread flooding due to monsoon rains affecting multiple areas.,False
2023-07-14,Medical,58,Goa,15.2439,73.9386,14.4,5.2,Healthcare,Cholera Outbreak,144,Waterborne cholera outbreak in affected areas following contamination of water sources.,False
2023-07-14,Medical,76,Srinagar,34.1201,74.6274,12.0,3.7,Healthcare,Dengue Outbreak,102,"Surge in dengue fever cases following monsoon rains, straining local healthcare facilities.",False
2023-07-14,Medical,60,Srinagar,34.1312,74.7921,10.8,2.3,Healthcare,Malaria Surge,53,"Increased malaria cases reported in rural areas, requiring medical intervention.",False
2023-07-14,Disaster,90,Allahabad,25.447,81.6913,22.3,5.2,Natural,Flash Flood,22,Sudden flooding due to heavy rainfall overwhelming drainage systems.,False
2023-07-14,Medical,42,Indore,22.6902,75.8502,13.7,4.8,Healthcare,Dengue Outbreak,63,"Surge in dengue fever cases following monsoon rains, straining local healthcare facilities.",False
2023-07-14,Medical,30,Udaipur,24.6143,73.7661,14.1,5.2,Healthcare,Leptospirosis Cases,37,Post-flood leptospirosis cases reported in affected areas.,False
2023-07-14,Medical,63,Dehradun,30.5146,78.1278,13.8,6.8,Healthcare,Leptospirosis Cases,125,Post-flood leptospirosis cases reported in affected areas.,False
2023-07-14,Medical,58,Ahmedabad,22.975,72.6698,10.0,5.7,Healthcare,Leptospirosis Cases,109,Post-flood leptospirosis cases reported in affected areas.,False
2023-07-15,Medical,58,Jaipur,27.0693,75.6937,14.0,6.2,Healthcare,Leptospirosis Cases,19,Post-flood leptospirosis cases reported in affected areas.,False
2023-07-15,Medical,54,Lucknow,26.6655,80.7888,16.5,2.4,Healthcare,Cholera Outbreak,78,Waterborne cholera outbreak in affected areas following contamination of water sources.,False
2023-07-16,Disaster,121,Kolkata,22.7179,88.2801,19.9,6.5,Natural,Flash Flood,62,Sudden flooding due to heavy rainfall overwhelming drainage systems.,False
2023-07-16,Disaster,80,Coimbatore,10.9427,76.8021,34.1,5.3,Natural,Monsoon Flooding,93,Widespread flooding due to monsoon rains affecting multiple areas.,False
2023-07-16,Disaster,89,Odisha,20.4132,84.3361,22.2,5.4,Natural,Heavy Rainfall,80,Unusually heavy rainfall causing urban flooding and infrastructure damage.,False
2023-07-16,Disaster,75,Aizawl,23.8206,92.7123,34.9,7.1,Natural,Flash Flood,122,Sudden flooding due to heavy rainfall overwhelming drainage systems.,False
2023-07-16,Medical,37,Jaipur,26.9937,75.6145,15.4,3.3,Healthcare,Leptospirosis Cases,30,Post-flood leptospirosis cases reported in affected areas.,False
2023-07-16,Disaster,94,Shillong,25.5513,91.9772,31.3,6.3,Natural,River Overflow,16,River exceeding danger levels and breaching banks causing flooding.,False
2023-07-16,Medical,49,Kolkata,22.616,88.2594,11.9,3.3,Healthcare,Dengue Outbreak,14,"Surge in dengue fever cases following monsoon rains, straining local healthcare facilities.",False
2023-07-16,Medical,40,Raipur,21.1782,81.5461,13.1,3.1,Healthcare,Cholera Outbreak,42,Waterborne cholera outbreak in affected areas following contamination of water sources.,False
2023-07-17,Medical,77,Imphal,24.9694,94.0222,13.5,3.2,Healthcare,Cholera Outbreak,116,Waterborne cholera outbreak in affected areas following contamination of water sources.,False
2023-07-17,Medical,80,Dehradun,30.515,77.9536,17.0,6.1,Healthcare,Dengue Outbreak,27,"Surge in dengue fever cases following monsoon rains, straining local healthcare facilities.",False
2023-07-17,Disaster,94,Varanasi,25.1631,83.1392,30.9,8.3,Natural,Flash Flood,59,Sudden flooding due to heavy rainfall overwhelming drainage systems.,True
2023-07-18,Disaster,50,Visakhapatnam,17.5494,83.3468,23.8,7.2,Natural,Landslide,70,Landslide triggered by heavy rainfall blocking roads and damaging structures.,False
2023-07-18,Medical,57,Jodhpur,26.33,72.8598,15.7,6.4,Healthcare,Cholera Outbreak,47,Waterborne cholera outbreak in affected areas following contamination of water sources.,False
2023-07-18,Disaster,84,Vadodara,22.4063,73.2509,31.9,7.0,Natural,Heavy Rainfall,65,Unusually heavy rainfall causing urban flooding and infrastructure damage.,False
2023-07-18,Disaster,88,Ahmedabad,22.8661,72.4591,24.9,9.1,Natural,River Overflow,17,River exceeding danger levels and breaching banks causing flooding.,True
2023-07-18,Medical,71,Pune,18.4762,73.7027,11.7,3.7,Healthcare,Dengue Outbreak,72,"Surge in dengue fever cases following monsoon rains, straining local healthcare facilities.",False
2023-07-18,Disaster,99,Gwalior,26.2995,78.2119,22.9,9.0,Natural,Flash Flood,47,Sudden flooding due to heavy rainfall overwhelming drainage systems.,True
2023-07-18,Medical,45,Chandigarh,30.7988,76.9509,15.6,2.9,Healthcare,Dengue Outbreak,30,"Surge in dengue fever cases following monsoon rains, straining local healthcare facilities.",False
2023-07-19,Disaster,186,Mumbai,19.1348,73.0026,16.3,8.4,Natural,Heavy Rainfall,35,Unusually heavy rainfall causing urban flooding and infrastructure damage.,True
2023-07-19,Medical,36,Surat,21.017,72.9238,16.6,3.7,Healthcare,Dengue Outbreak,138,"Surge in dengue fever cases following monsoon rains, straining local healthcare facilities.",False
2023-07-19,Disaster,50,Ahmedabad,23.1767,72.5695,23.7,4.6,Natural,Heavy Rainfall,101,Unusually heavy rainfall causing urban flooding and infrastructure damage.,False
2023-07-20,Disaster,71,Ahmedabad,22.843,72.5599,22.0,4.8,Natural,River Overflow,7,River exceeding danger levels and breaching banks causing flooding.,False
2023-07-20,Disaster,151,Delhi,28.5448,77.1314,22.6,4.3,Natural,Flash Flood,64,Sudden flooding due to heavy rainfall overwhelming drainage systems.,False
2023-07-20,Medical,74,Srinagar,33.9672,74.8335,10.4,2.5,Healthcare,Malaria Surge,57,"Increased malaria cases reported in rural areas, requiring medical intervention.",False
2023-07-20,Medical,68,Indore,22.8892,76.0417,12.0,6.3,Healthcare,Cholera Outbreak,28,Waterborne cholera outbreak in affected areas following contamination of water sources.,False
2023-07-20,Disaster,83,Dehradun,30.1443,78.1686,26.1,5.0,Natural,Flash Flood,77,Sudden flooding due to heavy rainfall overwhelming drainage systems.,False
2023-07-20,Disaster,89,Bhopal,23.3445,77.588,32.0,7.5,Natural,Flash Flood,19,Sudden flooding due to heavy rainfall overwhelming drainage systems.,False
2023-07-21,Disaster,92,Odisha,20.6978,84.45,21.0,5.3,Natural,River Overflow,42,River exceeding danger levels and breaching banks causing flooding.,False
2023-07-21,Medical,47,Vadodara,22.2352,73.138,15.1,2.2,Healthcare,Dengue Outbreak,56,"Surge in dengue fever cases following monsoon rains, straining local healthcare facilities.",False
2023-07-21,Medical,40,Srinagar,34.2478,74.7895,13.9,2.3,Healthcare,Dengue Outbreak,32,"Surge in dengue fever cases following monsoon rains, straining local healthcare facilities.",False
2023-07-21,Medical,52,Odisha,20.5202,84.3551,13.0,6.2,Healthcare,Malaria Surge,114,"Increased malaria cases reported in rural areas, requiring medical intervention.",False
2023-07-21,Disaster,91,Gangtok,27.4408,88.7751,23.1,6.7,Natural,Flash Flood,94,Sudden flooding due to heavy rainfall overwhelming drainage systems.,False
2023-07-21,Medical,42,Guwahati,25.9871,91.7066,14.5,4.0,Healthcare,Cholera Outbreak,70,Waterborne cholera outbreak in affected areas following contamination of water sources.,False
2023-07-21,Medical,117,Bengaluru,13.1584,77.7523,11.0,3.6,Healthcare,Dengue Outbreak,13,"Surge in dengue fever cases following monsoon rains, straining local healthcare facilities.",False
2023-07-21,Disaster,98,Agra,26.9965,78.0729,27.2,6.6,Natural,Flash Flood,63,Sudden flooding due to heavy rainfall overwhelming drainage systems.,False
2023-07-21,Disaster,41,Hyderabad,17.4859,78.5125,22.7,5.4,Natural,Heavy Rainfall,84,Unusually heavy rainfall causing urban flooding and infrastructure damage.,False
2023-07-21,Disaster,68,Bhopal,23.2614,77.4477,23.5,8.6,Natural,River Overflow,136,River exceeding danger levels and breaching banks causing flooding.,True
2023-07-21,Disaster,43,Udaipur,24.5544,73.8608,29.1,6.1,Natural,Flash Flood,116,Sudden flooding due to heavy rainfall overwhelming drainage systems.,False
2023-07-21,Disaster,75,Dehradun,30.1516,77.9246,28.8,4.8,Natural,Flash Flood,23,Sudden flooding due to heavy rainfall overwhelming drainage systems.,False
2023-07-22,Disaster,71,Ahmedabad,22.9715,72.5609,22.5,6.2,Natural,River Overflow,84,River exceeding danger levels and breaching banks causing flooding.,False
2023-07-22,Disaster,84,Guwahati,26.1355,91.7519,23.7,6.5,Natural,River Overflow,144,River exceeding danger levels and breaching banks causing flooding.,False
2023-07-22,Medical,56,Delhi,28.4323,77.2279,11.5,4.6,Healthcare,Cholera Outbreak,102,Waterborne cholera outbreak in affected areas following contamination of water sources.,False
2023-07-22,Disaster,83,Bhubaneswar,20.2472,85.8044,31.0,9.1,Natural,Flash Flood,145,Sudden flooding due to heavy rainfall overwhelming drainage systems.,True
2023-07-22,Disaster,133,Mumbai,18.9647,72.7894,21.4,6.9,Natural,Monsoon Flooding,80,Widespread flooding due to monsoon rains affecting multiple areas.,False
2023-07-22,Medical,78,Guwahati,26.1267,91.8907,15.5,5.8,Healthcare,Leptospirosis Cases,28,Post-flood leptospirosis cases reported in affected areas.,False
2023-07-22,Medical,73,Udaipur,24.7278,73.7773,13.4,6.1,Healthcare,Leptospirosis Cases,62,Post-flood leptospirosis cases reported in affected areas.,False
2023-07-23,Disaster,84,Kochi,9.7482,76.2457,22.7,7.0,Natural,Heavy Rainfall,71,Unusually heavy rainfall causing urban flooding and infrastructure damage.,False
2023-07-23,Medical,52,Gwalior,26.0251,78.0026,13.0,3.3,Healthcare,Cholera Outbreak,110,Waterborne cholera outbreak in affected areas following contamination of water sources.,False
2023-07-23,Disaster,225,Chennai,12.9036,80.4107,16.0,4.3,Natural,River Overflow,21,River exceeding danger levels and breaching banks causing flooding.,True
2023-07-23,Medical,76,Udaipur,24.6596,73.8365,14.3,4.9,Healthcare,Malaria Surge,117,"Increased malaria cases reported in rural areas, requiring medical intervention.",False
2023-07-23,Disaster,108,Chennai,13.0116,80.201,17.3,7.6,Natural,Heavy Rainfall,69,Unusually heavy rainfall causing urban flooding and infrastructure damage.,False
2023-07-23,Disaster,63,Lucknow,26.8836,81.0919,35.7,4.4,Natural,River Overflow,34,River exceeding danger levels and breaching banks causing flooding.,False
2023-07-23,Disaster,83,Indore,22.6062,75.9927,29.3,7.8,Natural,Flash Flood,53,Sudden flooding due to heavy rainfall overwhelming drainage systems.,False
2023-07-23,Medical,41,Bhubaneswar,20.2872,85.6848,11.8,6.2,Healthcare,Dengue Outbreak,104,"Surge in dengue fever cases following monsoon rains, straining local healthcare facilities.",False
2023-07-23,Disaster,48,Vadodara,22.1706,73.3326,20.8,9.2,Natural,River Overflow,10,River exceeding danger levels and breaching banks causing flooding.,True
2023-07-23,Medical,66,Bhopal,23.1827,77.4769,13.0,2.1,Healthcare,Leptospirosis Cases,91,Post-flood leptospirosis cases reported in affected areas.,False
2023-07-24,Disaster,142,Chennai,13.0095,80.2525,19.5,7.4,Natural,Flash Flood,122,Sudden flooding due to heavy rainfall overwhelming drainage systems.,False
2023-07-24,Medical,40,Imphal,24.6764,93.909,13.1,5.6,Healthcare,Dengue Outbreak,145,"Surge in dengue fever cases following monsoon rains, straining local healthcare facilities.",False
2023-07-24,Medical,35,Jaipur,26.742,75.8625,11.8,5.4,Healthcare,Dengue Outbreak,95,"Surge in dengue fever cases following monsoon rains, straining local healthcare facilities.",False
2023-07-24,Disaster,61,Coimbatore,11.1689,77.0363,24.6,5.9,Natural,Flash Flood,150,Sudden flooding due to heavy rainfall overwhelming drainage systems.,False
2023-07-24,Disaster,82,Agartala,23.6807,91.2802,31.1,5.9,Natural,River Overflow,113,River exceeding danger levels and breaching banks causing flooding.,False
2023-07-24,Disaster,76,Patna,25.5037,85.029,29.0,4.6,Natural,Heavy Rainfall,34,Unusually heavy rainfall causing urban flooding and infrastructure damage.,False
2023-07-24,Medical,31,Surat,21.067,72.8827,12.2,2.3,Healthcare,Leptospirosis Cases,135,Post-flood leptospirosis cases reported in affected areas.,False
2023-07-24,Disaster,55,Odisha,20.5444,84.59,25.0,8.9,Natural,Heavy Rainfall,137,Unusually heavy rainfall causing urban flooding and infrastructure damage.,True
2023-07-25,Medical,52,Gangtok,27.1763,88.7372,13.0,6.3,Healthcare,Malaria Surge,128,"Increased malaria cases reported in rural areas, requiring medical intervention.",False
2023-07-25,Disaster,73,Jaipur,26.7147,75.9647,22.6,7.0,Natural,River Overflow,96,River exceeding danger levels and breaching banks causing flooding.,False
2023-07-25,Medical,76,Bhubaneswar,20.3385,85.8429,15.4,3.3,Healthcare,Leptospirosis Cases,130,Post-flood leptospirosis cases reported in affected areas.,False
2023-07-25,Medical,134,Kolkata,22.6757,88.1666,10.8,6.2,Healthcare,Malaria Surge,121,"Increased malaria cases reported in rural areas, requiring medical intervention.",False
2023-07-25,Medical,73,Aizawl,23.6793,92.5895,10.7,2.1,Healthcare,Leptospirosis Cases,82,Post-flood leptospirosis cases reported in affected areas.,False
2023-07-25,Disaster,84,Coimbatore,11.1759,76.8651,27.1,7.4,Natural,Heavy Rainfall,104,Unusually heavy rainfall causing urban flooding and infrastructure damage.,False
2023-07-25,Disaster,83,Nagpur,21.1111,79.264,27.2,8.0,Natural,River Overflow,143,River exceeding danger levels and breaching banks causing flooding.,False
2023-07-26,Disaster,180,Bengaluru,12.7778,77.4078,19.7,6.2,Natural,Monsoon Flooding,199,Widespread flooding due to monsoon rains affecting multiple areas.,False
2023-07-26,Medical,35,Lucknow,26.9699,81.0911,12.1,3.1,Healthcare,Malaria Surge,53,"Increased malaria cases reported in rural areas, requiring medical intervention.",False
2023-07-26,Medical,78,Indore,22.7417,75.7302,10.1,4.0,Healthcare,Leptospirosis Cases,10,Post-flood leptospirosis cases reported in affected areas.,False
2023-07-26,Disaster,79,Varanasi,25.2022,83.1017,24.5,6.8,Natural,River Overflow,16,River exceeding danger levels and breaching banks causing flooding.,False
2023-07-26,Disaster,44,Vadodara,22.215,73.1252,25.6,8.6,Natural,River Overflow,143,River exceeding danger levels and breaching banks causing flooding.,True
2023-07-26,Disaster,44,Visakhapatnam,17.5251,83.0362,30.5,6.5,Natural,Heavy Rainfall,63,Unusually heavy rainfall causing urban flooding and infrastructure damage.,False
2023-07-26,Medical,30,Agartala,23.7994,91.1533,13.1,4.2,Healthcare,Leptospirosis Cases,119,Post-flood leptospirosis cases reported in affected areas.,False
2023-07-26,Disaster,60,Indore,22.8519,75.8623,25.1,7.8,Natural,Flash Flood,55,Sudden flooding due to heavy rainfall overwhelming drainage systems.,False
2023-07-26,Disaster,164,Kolkata,22.6904,88.3992,22.5,7.1,Natural,Flash Flood,69,Sudden flooding due to heavy rainfall overwhelming drainage systems.,False
2023-07-26,Disaster,81,Coimbatore,10.9416,76.9013,21.9,8.4,Natural,Heavy Rainfall,94,Unusually heavy rainfall causing urban flooding and infrastructure damage.,True
2023-07-26,Medical,44,Bhubaneswar,20.4522,85.7797,13.0,5.4,Healthcare,Dengue Outbreak,119,"Surge in dengue fever cases following monsoon rains, straining local healthcare facilities.",False
2023-07-26,Medical,37,Guwahati,26.292,91.7304,13.7,5.9,Healthcare,Malaria Surge,87,"Increased malaria cases reported in rural areas, requiring medical intervention.",False
2023-07-27,Disaster,89,Mumbai,18.8969,72.8492,21.2,6.2,Natural,Heavy Rainfall,62,Unusually heavy rainfall causing urban flooding and infrastructure damage.,False
2023-07-27,Disaster,55,Coimbatore,10.9828,77.0681,28.0,7.6,Natural,Monsoon Flooding,118,Widespread flooding due to monsoon rains affecting multiple areas.,False
2023-07-27,Disaster,81,Gangtok,27.1558,88.4574,25.9,6.4,Natural,Flash Flood,112,Sudden flooding due to heavy rainfall overwhelming drainage systems.,False
2023-07-27,Disaster,90,Mysore,12.199,76.6533,28.2,7.2,Natural,Flash Flood,100,Sudden flooding due to heavy rainfall overwhelming drainage systems.,False
2023-07-27,Medical,80,Jodhpur,26.4268,72.9762,13.6,4.0,Healthcare,Cholera Outbreak,10,Waterborne cholera outbreak in affected areas following contamination of water sources.,False
2023-07-27,Medical,67,Udaipur,24.6873,73.5369,13.3,5.8,Healthcare,Dengue Outbreak,119,"Surge in dengue fever cases following monsoon rains, straining local healthcare facilities.",False
2023-07-27,Disaster,40,Agra,27.1735,78.1103,24.3,7.8,Natural,Flash Flood,71,Sudden flooding due to heavy rainfall overwhelming drainage systems.,False
2023-07-28,Disaster,57,Bhubaneswar,20.195,85.7071,26.4,5.0,Natural,Heavy Rainfall,128,Unusually heavy rainfall causing urban flooding and infrastructure damage.,False
2023-07-28,Disaster,64,Pune,18.401,73.8394,17.4,7.8,Natural,Flash Flood,5,Sudden flooding due to heavy rainfall overwhelming drainage systems.,False
2023-07-28,Disaster,92,Nagpur,21.2797,79.1965,22.4,8.9,Natural,River Overflow,48,River exceeding danger levels and breaching banks causing flooding.,True
2023-07-28,Disaster,42,Goa,15.2577,74.272,21.5,8.5,Natural,Heavy Rainfall,64,Unusually heavy rainfall causing urban flooding and infrastructure damage.,True
2023-07-28,Disaster,52,Vijayawada,16.5075,80.584,22.6,7.1,Natural,Landslide,93,Landslide triggered by heavy rainfall blocking roads and damaging structures.,False
2023-07-28,Disaster,93,Agra,27.1204,77.9044,29.2,9.0,Natural,Flash Flood,80,Sudden flooding due to heavy rainfall overwhelming drainage systems.,True
2023-07-29,Disaster,116,Delhi,28.4883,77.1242,24.9,7.3,Natural,River Overflow,64,River exceeding danger levels and breaching banks causing flooding.,False
2023-07-29,Disaster,89,Thiruvananthapuram,8.6876,77.0463,36.0,7.8,Natural,Landslide,63,Landslide triggered by heavy rainfall blocking roads and damaging structures.,False
2023-07-29,Disaster,91,Raipur,21.1996,81.6415,27.9,7.5,Natural,River Overflow,56,River exceeding danger levels and breaching banks causing flooding.,False
2023-07-29,Medical,71,Shillong,25.575,91.8898,11.3,3.9,Healthcare,Cholera Outbreak,144,Waterborne cholera outbreak in affected areas following contamination of water sources.,False
2023-07-29,Medical,123,Delhi,28.6356,77.2478,9.7,2.4,Healthcare,Cholera Outbreak,97,Waterborne cholera outbreak in affected areas following contamination of water sources.,False
2023-07-29,Medical,64,Vijayawada,16.3473,80.6913,11.9,6.6,Healthcare,Dengue Outbreak,55,"Surge in dengue fever cases following monsoon rains, straining local healthcare facilities.",False
2023-07-30,Disaster,76,Thiruvananthapuram,8.4666,76.7849,30.1,4.2,Natural,Flash Flood,28,Sudden flooding due to heavy rainfall overwhelming drainage systems.,False
2023-07-30,Medical,66,Ranchi,23.1841,85.4301,15.3,5.0,Healthcare,Cholera Outbreak,70,Waterborne cholera outbreak in affected areas following contamination of water sources.,False
2023-07-30,Medical,57,Bhubaneswar,20.3081,85.7034,16.8,4.7,Healthcare,Leptospirosis Cases,148,Post-flood leptospirosis cases reported in affected areas.,False
2023-07-30,Disaster,54,Mysore,12.1714,76.538,25.3,9.3,Natural,Monsoon Flooding,163,Widespread flooding due to monsoon rains affecting multiple areas.,True
2023-07-30,Disaster,95,Mangalore,12.854,74.9181,20.4,4.2,Natural,Flash Flood,142,Sudden flooding due to heavy rainfall overwhelming drainage systems.,False
2023-07-30,Medical,69,Vijayawada,16.3671,80.5802,12.2,7.0,Healthcare,Dengue Outbreak,124,"Surge in dengue fever cases following monsoon rains, straining local healthcare facilities.",False
2023-07-30,Disaster,52,Dehradun,30.4553,78.2077,27.0,8.2,Natural,Flash Flood,108,Sudden flooding due to heavy rainfall overwhelming drainage systems.,True
2023-07-31,Medical,53,Imphal,24.9548,93.7773,11.0,2.4,Healthcare,Leptospirosis Cases,9,Post-flood leptospirosis cases reported in affected areas.,False
2023-07-31,Disaster,100,Amritsar,31.6771,74.7001,20.8,6.2,Natural,Heavy Rainfall,50,Unusually heavy rainfall causing urban flooding and infrastructure damage.,False
2023-07-31,Disaster,84,Ranchi,23.1822,85.3209,31.3,8.7,Natural,River Overflow,126,River exceeding danger levels and breaching banks causing flooding.,True
2023-07-31,Disaster,67,Agra,27.307,77.9437,35.9,5.5,Natural,River Overflow,28,River exceeding danger levels and breaching banks causing flooding.,False
2023-07-31,Medical,43,Dehradun,30.4879,78.2023,15.8,5.1,Healthcare,Dengue Outbreak,6,"Surge in dengue fever cases following monsoon rains, straining local healthcare facilities.",False
2023-07-31,Disaster,70,Vijayawada,16.4317,80.5827,34.1,8.4,Natural,Flash Flood,23,Sudden flooding due to heavy rainfall overwhelming drainage systems.,True
2023-07-31,Medical,78,Patna,25.714,85.0815,12.5,6.9,Healthcare,Dengue Outbreak,46,"Surge in dengue fever cases following monsoon rains, straining local healthcare facilities.",False
2023-07-31,Medical,73,Chandigarh,30.5658,76.6922,14.2,6.0,Healthcare,Malaria Surge,49,"Increased malaria cases reported in rural areas, requiring medical intervention.",False
2023-08-01,Disaster,59,Kochi,9.8583,76.1745,25.9,5.0,Natural,Monsoon Flooding,96,Widespread flooding due to monsoon rains affecting multiple areas.,False
2023-08-01,Medical,32,Aizawl,23.5519,92.8936,17.2,2.6,Healthcare,Cholera Outbreak,126,Waterborne cholera outbreak in affected areas following contamination of water sources.,False
2023-08-01,Disaster,75,Raipur,21.4444,81.8203,29.3,6.3,Natural,Flash Flood,115,Sudden flooding due to heavy rainfall overwhelming drainage systems.,False
2023-08-01,Disaster,84,Agartala,23.7205,91.2379,29.5,7.1,Natural,Heavy Rainfall,98,Unusually heavy rainfall causing urban flooding and infrastructure damage.,False
2023-08-01,Disaster,88,Agra,27.1167,77.9001,20.5,7.9,Natural,Flash Flood,24,Sudden flooding due to heavy rainfall overwhelming drainage systems.,False
2023-08-02,Medical,62,Patna,25.682,85.0594,14.1,2.5,Healthcare,Leptospirosis Cases,95,Post-flood leptospirosis cases reported in affected areas.,False
2023-08-02,Medical,64,Shillong,25.758,91.9323,11.7,3.6,Healthcare,Malaria Surge,110,"Increased malaria cases reported in rural areas, requiring medical intervention.",False
2023-08-02,Disaster,63,Coimbatore,11.2044,76.7719,30.3,6.3,Natural,Heavy Rainfall,74,Unusually heavy rainfall causing urban flooding and infrastructure damage.,False
2023-08-02,Disaster,96,Ranchi,23.3092,85.2303,27.1,4.6,Natural,Flash Flood,111,Sudden flooding due to heavy rainfall overwhelming drainage systems.,False
2023-08-02,Disaster,97,Agartala,23.8792,91.4625,30.3,6.8,Natural,River Overflow,109,River exceeding danger levels and breaching banks causing flooding.,False
2023-08-02,Disaster,62,Ahmedabad,22.8957,72.4717,23.9,5.3,Natural,River Overflow,85,River exceeding danger levels and breaching banks causing flooding.,False
2023-08-02,Medical,35,Udaipur,24.4761,73.7736,16.2,6.3,Healthcare,Dengue Outbreak,102,"Surge in dengue fever cases following monsoon rains, straining local healthcare facilities.",False
2023-08-02,Disaster,66,Odisha,20.6047,84.6652,24.5,7.7,Natural,Flash Flood,5,Sudden flooding due to heavy rainfall overwhelming drainage systems.,False
2023-08-02,Medical,51,Guwahati,26.1203,91.7722,14.5,3.2,Healthcare,Cholera Outbreak,127,Waterborne cholera outbreak in affected areas following contamination of water sources.,False
2023-08-03,Medical,55,Amritsar,31.7599,74.8395,11.2,5.3,Healthcare,Leptospirosis Cases,13,Post-flood leptospirosis cases reported in affected areas.,False
2023-08-03,Medical,76,Ranchi,23.1504,85.5002,13.9,4.2,Healthcare,Dengue Outbreak,113,"Surge in dengue fever cases following monsoon rains, straining local healthcare facilities.",False
2023-08-03,Disaster,75,Coimbatore,10.9371,77.0513,21.3,8.3,Natural,Landslide,143,Landslide triggered by heavy rainfall blocking roads and damaging structures.,True
2023-08-03,Disaster,40,Aizawl,23.7651,92.5816,34.2,8.2,Natural,Flash Flood,129,Sudden flooding due to heavy rainfall overwhelming drainage systems.,True
2023-08-03,Medical,128,Chennai,13.258,80.2926,8.8,2.6,Healthcare,Cholera Outbreak,136,Waterborne cholera outbreak in affected areas following contamination of water sources.,False
2023-08-03,Medical,73,Surat,20.9856,72.7816,16.7,6.3,Healthcare,Leptospirosis Cases,144,Post-flood leptospirosis cases reported in affected areas.,False
2023-08-03,Disaster,123,Mumbai,18.9344,72.6861,21.1,6.9,Natural,Heavy Rainfall,39,Unusually heavy rainfall causing urban flooding and infrastructure damage.,False
2023-08-03,Disaster,65,Hyderabad,17.2749,78.5191,22.8,8.8,Natural,River Overflow,22,River exceeding danger levels and breaching banks causing flooding.,True
2023-08-03,Disaster,43,Mangalore,12.9742,74.8078,33.8,6.2,Natural,Flash Flood,52,Sudden flooding due to heavy rainfall overwhelming drainage systems.,False
2023-08-03,Medical,50,Indore,22.8623,75.788,12.3,5.5,Healthcare,Cholera Outbreak,115,Waterborne cholera outbreak in affected areas following contamination of water sources.,False
2023-08-04,Disaster,149,Kolkata,22.3836,88.3591,18.7,6.9,Natural,Flash Flood,144,Sudden flooding due to heavy rainfall overwhelming drainage systems.,False
2023-08-04,Medical,32,Leh,34.3032,77.5234,10.7,5.9,Healthcare,Leptospirosis Cases,117,Post-flood leptospirosis cases reported in affected areas.,False
2023-08-04,Disaster,62,Chandigarh,30.7828,76.6954,35.0,8.7,Natural,River Overflow,14,River exceeding danger levels and breaching banks causing flooding.,True
2023-08-04,Medical,59,Bhopal,23.4355,77.3245,15.0,5.1,Healthcare,Malaria Surge,104,"Increased malaria cases reported in rural areas, requiring medical intervention.",False
2023-08-05,Disaster,100,Agra,27.0414,77.9918,30.1,7.7,Natural,Heavy Rainfall,147,Unusually heavy rainfall causing urban flooding and infrastructure damage.,False
2023-08-05,Medical,65,Jaipur,26.9198,75.7897,17.1,6.4,Healthcare,Cholera Outbreak,18,Waterborne cholera outbreak in affected areas following contamination of water sources.,False
2023-08-05,Medical,30,Leh,34.2957,77.737,14.7,2.9,Healthcare,Dengue Outbreak,135,"Surge in dengue fever cases following monsoon rains, straining local healthcare facilities.",False
2023-08-06,Disaster,101,Delhi,28.5527,77.3857,19.3,5.6,Natural,Flash Flood,143,Sudden flooding due to heavy rainfall overwhelming drainage systems.,False
2023-08-06,Medical,63,Gwalior,26.2835,78.0335,15.0,6.4,Healthcare,Cholera Outbreak,96,Waterborne cholera outbreak in affected areas following contamination of water sources.,False
2023-08-06,Disaster,77,Visakhapatnam,17.8074,83.2793,21.8,8.3,Natural,Monsoon Flooding,173,Widespread flooding due to monsoon rains affecting multiple areas.,True
2023-08-06,Medical,72,Nagpur,21.0609,79.1826,16.3,6.1,Healthcare,Leptospirosis Cases,75,Post-flood leptospirosis cases reported in affected areas.,False
2023-08-07,Disaster,99,Hyderabad,17.4359,78.2952,15.3,4.5,Natural,Heavy Rainfall,76,Unusually heavy rainfall causing urban flooding and infrastructure damage.,False
2023-08-07,Medical,50,Guwahati,26.149,91.684,12.9,5.6,Healthcare,Malaria Surge,96,"Increased malaria cases reported in rural areas, requiring medical intervention.",False
2023-08-07,Medical,37,Udaipur,24.6835,73.8698,11.5,6.6,Healthcare,Malaria Surge,148,"Increased malaria cases reported in rural areas, requiring medical intervention.",False
2023-08-07,Disaster,95,Agra,27.2366,78.1488,32.1,7.8,Natural,Flash Flood,8,Sudden flooding due to heavy rainfall overwhelming drainage systems.,False
2023-08-07,Disaster,49,Hyderabad,17.4661,78.354,21.8,4.3,Natural,River Overflow,104,River exceeding danger levels and breaching banks causing flooding.,False
2023-08-07,Medical,62,Amritsar,31.7203,74.7163,13.9,2.1,Healthcare,Leptospirosis Cases,61,Post-flood leptospirosis cases reported in affected areas.,False
2023-08-07,Disaster,87,Indore,22.7931,75.7467,31.4,6.6,Natural,River Overflow,12,River exceeding danger levels and breaching banks causing flooding.,False
2023-08-08,Disaster,74,Amritsar,31.4812,74.9471,26.7,6.1,Natural,Heavy Rainfall,79,Unusually heavy rainfall causing urban flooding and infrastructure damage.,False
2023-08-08,Disaster,115,Mumbai,19.1253,72.8512,20.3,8.4,Natural,River Overflow,33,River exceeding danger levels and breaching banks causing flooding.,True
2023-08-08,Disaster,44,Thiruvananthapuram,8.6449,76.8001,23.0,7.4,Natural,Flash Flood,20,Sudden flooding due to heavy rainfall overwhelming drainage systems.,False
2023-08-08,Disaster,73,Goa,15.2745,73.9341,33.4,8.5,Natural,Flash Flood,79,Sudden flooding due to heavy rainfall overwhelming drainage systems.,True
2023-08-08,Medical,68,Kolkata,22.667,88.293,10.9,3.6,Healthcare,Leptospirosis Cases,143,Post-flood leptospirosis cases reported in affected areas.,False
2023-08-08,Disaster,142,Mumbai,18.9692,73.0457,16.6,9.5,Natural,Monsoon Flooding,149,Widespread flooding due to monsoon rains affecting multiple areas.,True
2023-08-08,Medical,44,Agartala,23.8742,91.435,12.5,4.8,Healthcare,Malaria Surge,131,"Increased malaria cases reported in rural areas, requiring medical intervention.",False
2023-08-08,Disaster,90,Hyderabad,17.3129,78.4199,24.5,4.0,Natural,Monsoon Flooding,182,Widespread flooding due to monsoon rains affecting multiple areas.,False
2023-08-09,Medical,66,Udaipur,24.5664,73.7025,13.4,5.4,Healthcare,Cholera Outbreak,64,Waterborne cholera outbreak in affected areas following contamination of water sources.,False
2023-08-09,Disaster,94,Vadodara,22.4961,73.2312,29.7,6.5,Natural,River Overflow,52,River exceeding danger levels and breaching banks causing flooding.,False
2023-08-09,Medical,46,Bhubaneswar,20.3127,85.8392,13.5,3.8,Healthcare,Cholera Outbreak,87,Waterborne cholera outbreak in affected areas following contamination of water sources.,False
2023-08-09,Medical,49,Bhopal,23.415,77.5138,12.1,4.9,Healthcare,Cholera Outbreak,148,Waterborne cholera outbreak in affected areas following contamination of water sources.,False
2023-08-09,Medical,36,Agartala,23.9851,91.214,14.0,5.2,Healthcare,Malaria Surge,69,"Increased malaria cases reported in rural areas, requiring medical intervention.",False
2023-08-09,Medical,30,Surat,21.1691,72.6941,14.9,3.8,Healthcare,Leptospirosis Cases,38,Post-flood leptospirosis cases reported in affected areas.,False
2023-08-09,Disaster,126,Delhi,28.81,77.2209,23.5,8.7,Natural,Flash Flood,118,Sudden flooding due to heavy rainfall overwhelming drainage systems.,True
2023-08-10,Disaster,97,Chandigarh,30.5706,76.8328,27.6,5.8,Natural,Heavy Rainfall,143,Unusually heavy rainfall causing urban flooding and infrastructure damage.,False
2023-08-10,Medical,76,Patna,25.5092,85.0464,12.1,2.8,Healthcare,Cholera Outbreak,150,Waterborne cholera outbreak in affected areas following contamination of water sources.,False
2023-08-10,Medical,78,Shimla,30.9119,77.1182,11.2,3.9,Healthcare,Dengue Outbreak,109,"Surge in dengue fever cases following monsoon rains, straining local healthcare facilities.",False
2023-08-10,Medical,65,Shillong,25.3796,91.86,16.7,5.8,Healthcare,Dengue Outbreak,9,"Surge in dengue fever cases following monsoon rains, straining local healthcare facilities.",False
2023-08-10,Medical,80,Kohima,25.6481,94.2137,16.2,6.7,Healthcare,Malaria Surge,128,"Increased malaria cases reported in rural areas, requiring medical intervention.",False
2023-08-10,Medical,71,Raipur,21.1138,81.6819,9.7,5.0,Healthcare,Leptospirosis Cases,41,Post-flood leptospirosis cases reported in affected areas.,False
2023-08-11,Medical,77,Indore,22.7496,75.7488,14.1,4.8,Healthcare,Cholera Outbreak,23,Waterborne cholera outbreak in affected areas following contamination of water sources.,False
2023-08-11,Disaster,55,Kochi,9.8436,76.1089,23.6,7.4,Natural,Flash Flood,146,Sudden flooding due to heavy rainfall overwhelming drainage systems.,False
2023-08-11,Medical,46,Shimla,31.2686,77.3,12.2,2.8,Healthcare,Leptospirosis Cases,63,Post-flood leptospirosis cases reported in affected areas.,False
2023-08-11,Disaster,64,Leh,34.1084,77.3796,32.2,5.0,Natural,Flash Flood,139,Sudden flooding due to heavy rainfall overwhelming drainage systems.,False
2023-08-11,Medical,36,Lucknow,26.9127,81.139,14.5,2.0,Healthcare,Leptospirosis Cases,50,Post-flood leptospirosis cases reported in affected areas.,False
2023-08-11,Medical,67,Vadodara,22.1455,73.3729,11.1,4.7,Healthcare,Dengue Outbreak,58,"Surge in dengue fever cases following monsoon rains, straining local healthcare facilities.",False
2023-08-11,Medical,59,Chandigarh,30.6495,76.9288,14.2,3.9,Healthcare,Leptospirosis Cases,26,Post-flood leptospirosis cases reported in affected areas.,False
2023-08-11,Disaster,99,Hyderabad,17.5257,78.3714,23.1,7.7,Natural,Flash Flood,31,Sudden flooding due to heavy rainfall overwhelming drainage systems.,False
2023-08-11,Medical,50,Shillong,25.7128,92.0601,15.6,3.2,Healthcare,Dengue Outbreak,42,"Surge in dengue fever cases following monsoon rains, straining local healthcare facilities.",False
2023-08-11,Disaster,119,Bengaluru,12.9058,77.5025,16.5,6.6,Natural,Flash Flood,49,Sudden flooding due to heavy rainfall overwhelming drainage systems.,False
2023-08-12,Disaster,69,Dehradun,30.4103,77.8568,34.2,9.1,Natural,River Overflow,111,River exceeding danger levels and breaching banks causing flooding.,True
2023-08-12,Disaster,84,Coimbatore,10.9905,76.8829,31.9,8.2,Natural,Landslide,61,Landslide triggered by heavy rainfall blocking roads and damaging structures.,True
2023-08-12,Disaster,68,Mysore,12.492,76.7664,27.2,7.8,Natural,Flash Flood,83,Sudden flooding due to heavy rainfall overwhelming drainage systems.,False
2023-08-12,Medical,73,Leh,34.1393,77.5867,15.4,6.9,Healthcare,Malaria Surge,95,"Increased malaria cases reported in rural areas, requiring medical intervention.",False
2023-08-12,Disaster,81,Aizawl,23.8291,92.8996,22.5,9.3,Natural,River Overflow,43,River exceeding danger levels and breaching banks causing flooding.,True
2023-08-12,Medical,37,Allahabad,25.3539,81.6621,11.1,5.5,Healthcare,Dengue Outbreak,77,"Surge in dengue fever cases following monsoon rains, straining local healthcare facilities.",False
2023-08-12,Medical,65,Kolkata,22.457,88.193,9.6,5.8,Healthcare,Leptospirosis Cases,59,Post-flood leptospirosis cases reported in affected areas.,False
2023-08-12,Disaster,239,Bengaluru,13.1486,77.4606,19.8,4.2,Natural,Flash Flood,46,Sudden flooding due to heavy rainfall overwhelming drainage systems.,True
2023-08-13,Medical,64,Jaipur,26.7956,75.893,13.0,3.7,Healthcare,Leptospirosis Cases,135,Post-flood leptospirosis cases reported in affected areas.,False
2023-08-13,Disaster,47,Varanasi,25.4373,82.9218,22.8,5.5,Natural,Heavy Rainfall,118,Unusually heavy rainfall causing urban flooding and infrastructure damage.,False
2023-08-13,Medical,47,Agra,27.0348,77.8702,13.9,3.9,Healthcare,Cholera Outbreak,85,Waterborne cholera outbreak in affected areas following contamination of water sources.,False
2023-08-13,Disaster,63,Leh,33.9604,77.7487,24.4,5.8,Natural,River Overflow,134,River exceeding danger levels and breaching banks causing flooding.,False
2023-08-13,Medical,79,Shimla,31.1615,77.0565,11.1,2.3,Healthcare,Malaria Surge,60,"Increased malaria cases reported in rural areas, requiring medical intervention.",False
2023-08-13,Disaster,97,Gangtok,27.3024,88.4392,36.7,7.0,Natural,River Overflow,130,River exceeding danger levels and breaching banks causing flooding.,False
2023-08-13,Medical,129,Kolkata,22.6855,88.2819,11.1,6.9,Healthcare,Cholera Outbreak,40,Waterborne cholera outbreak in affected areas following contamination of water sources.,False
2023-08-13,Disaster,85,Dehradun,30.486,78.1307,30.1,8.7,Natural,Flash Flood,101,Sudden flooding due to heavy rainfall overwhelming drainage systems.,True
2023-08-13,Medical,71,Varanasi,25.3791,83.042,15.8,2.1,Healthcare,Leptospirosis Cases,30,Post-flood leptospirosis cases reported in affected areas.,False
2023-08-14,Disaster,62,Mysore,12.1463,76.5301,28.1,8.0,Natural,Flash Flood,38,Sudden flooding due to heavy rainfall overwhelming drainage systems.,False
2023-08-14,Disaster,63,Chandigarh,30.8355,76.8049,34.6,4.4,Natural,Flash Flood,47,Sudden flooding due to heavy rainfall overwhelming drainage systems.,False
2023-08-14,Medical,38,Shimla,31.0183,77.365,16.5,3.3,Healthcare,Dengue Outbreak,145,"Surge in dengue fever cases following monsoon rains, straining local healthcare facilities.",False
2023-08-14,Disaster,96,Indore,22.857,75.7444,27.3,8.9,Natural,River Overflow,81,River exceeding danger levels and breaching banks causing flooding.,True
2023-08-14,Disaster,91,Jaipur,26.7282,75.87,26.6,5.4,Natural,Flash Flood,147,Sudden flooding due to heavy rainfall overwhelming drainage systems.,False
2023-08-15,Disaster,61,Pune,18.6288,73.8268,20.9,5.1,Natural,Monsoon Flooding,145,Widespread flooding due to monsoon rains affecting multiple areas.,False
2023-08-15,Medical,44,Guwahati,26.041,91.7163,12.1,4.8,Healthcare,Malaria Surge,112,"Increased malaria cases reported in rural areas, requiring medical intervention.",False
2023-08-15,Disaster,112,Chennai,12.9434,80.2257,20.1,8.3,Natural,Flash Flood,105,Sudden flooding due to heavy rainfall overwhelming drainage systems.,True
2023-08-15,Medical,42,Gwalior,26.2961,78.0507,12.1,4.0,Healthcare,Dengue Outbreak,14,"Surge in dengue fever cases following monsoon rains, straining local healthcare facilities.",False
2023-08-16,Disaster,55,Vijayawada,16.4322,80.8141,29.3,9.2,Natural,River Overflow,65,River exceeding danger levels and breaching banks causing flooding.,True
2023-08-16,Disaster,55,Allahabad,25.5374,81.8654,22.0,8.8,Natural,River Overflow,128,River exceeding danger levels and breaching banks causing flooding.,True
2023-08-16,Medical,38,Coimbatore,10.8963,77.0493,16.4,3.4,Healthcare,Cholera Outbreak,79,Waterborne cholera outbreak in affected areas following contamination of water sources.,False
2023-08-16,Medical,71,Shimla,31.0759,76.9844,10.7,4.5,Healthcare,Cholera Outbreak,148,Waterborne cholera outbreak in affected areas following contamination of water sources.,False
2023-08-16,Disaster,93,Gwalior,26.1045,78.2236,24.5,4.9,Natural,Heavy Rainfall,106,Unusually heavy rainfall causing urban flooding and infrastructure damage.,False
2023-08-16,Disaster,70,Nagpur,21.2524,79.2025,25.8,4.9,Natural,River Overflow,83,River exceeding danger levels and breaching banks causing flooding.,False
2023-08-16,Medical,32,Indore,22.6461,76.0265,13.9,6.1,Healthcare,Cholera Outbreak,149,Waterborne cholera outbreak in affected areas following contamination of water sources.,False
2023-08-16,Disaster,57,Bhopal,23.3208,77.4288,33.6,4.5,Natural,River Overflow,119,River exceeding danger levels and breaching banks causing flooding.,False
2023-08-17,Disaster,47,Nagpur,21.0797,78.9607,19.2,6.4,Natural,Flash Flood,96,Sudden flooding due to heavy rainfall overwhelming drainage systems.,False
2023-08-17,Medical,80,Guwahati,25.9985,91.9242,15.5,3.3,Healthcare,Dengue Outbreak,25,"Surge in dengue fever cases following monsoon rains, straining local healthcare facilities.",False
2023-08-18,Disaster,69,Srinagar,33.9367,74.6357,29.9,5.1,Natural,River Overflow,111,River exceeding danger levels and breaching banks causing flooding.,False
2023-08-18,Medical,42,Vadodara,22.1125,73.0948,13.2,4.0,Healthcare,Leptospirosis Cases,95,Post-flood leptospirosis cases reported in affected areas.,False
2023-08-18,Disaster,50,Lucknow,26.7599,81.0735,34.5,5.5,Natural,River Overflow,115,River exceeding danger levels and breaching banks causing flooding.,False
2023-08-18,Medical,40,Shillong,25.3994,91.932,13.9,3.1,Healthcare,Dengue Outbreak,78,"Surge in dengue fever cases following monsoon rains, straining local healthcare facilities.",False
2023-08-18,Disaster,89,Hyderabad,17.4704,78.3049,23.4,6.4,Natural,Monsoon Flooding,101,Widespread flooding due to monsoon rains affecting multiple areas.,False
2023-08-18,Medical,54,Jaipur,26.8365,75.6685,14.3,4.9,Healthcare,Cholera Outbreak,22,Waterborne cholera outbreak in affected areas following contamination of water sources.,False
2023-08-18,Medical,62,Bhubaneswar,20.1232,85.9055,13.2,2.1,Healthcare,Leptospirosis Cases,134,Post-flood leptospirosis cases reported in affected areas.,False
2023-08-18,Disaster,90,Chandigarh,30.6516,76.8685,28.2,8.4,Natural,Flash Flood,142,Sudden flooding due to heavy rainfall overwhelming drainage systems.,True
2023-08-19,Medical,32,Patna,25.5104,85.1085,14.3,4.1,Healthcare,Leptospirosis Cases,104,Post-flood leptospirosis cases reported in affected areas.,False
2023-08-19,Medical,80,Dehradun,30.2638,78.0966,12.6,2.2,Healthcare,Cholera Outbreak,68,Waterborne cholera outbreak in affected areas following contamination of water sources.,False
2023-08-19,Disaster,91,Surat,21.348,72.893,26.3,8.8,Natural,Flash Flood,59,Sudden flooding due to heavy rainfall overwhelming drainage systems.,True
2023-08-19,Medical,52,Odisha,20.676,84.4757,13.2,2.5,Healthcare,Dengue Outbreak,103,"Surge in dengue fever cases following monsoon rains, straining local healthcare facilities.",False
2023-08-19,Disaster,80,Indore,22.8608,75.9024,33.0,4.1,Natural,Heavy Rainfall,110,Unusually heavy rainfall causing urban flooding and infrastructure damage.,False
2023-08-20,Disaster,79,Vijayawada,16.3388,80.8101,21.8,4.9,Natural,Monsoon Flooding,172,Widespread flooding due to monsoon rains affecting multiple areas.,False
2023-08-20,Medical,36,Patna,25.4362,85.1703,12.7,2.0,Healthcare,Dengue Outbreak,67,"Surge in dengue fever cases following monsoon rains, straining local healthcare facilities.",False
2023-08-20,Medical,45,Jodhpur,26.0481,73.0138,12.9,6.2,Healthcare,Leptospirosis Cases,135,Post-flood leptospirosis cases reported in affected areas.,False
2023-08-21,Medical,48,Patna,25.652,85.1419,13.5,2.4,Healthcare,Cholera Outbreak,55,Waterborne cholera outbreak in affected areas following contamination of water sources.,False
2023-08-21,Disaster,54,Bhopal,23.4202,77.5393,21.7,8.5,Natural,River Overflow,145,River exceeding danger levels and breaching banks causing flooding.,True
2023-08-21,Disaster,77,Vijayawada,16.552,80.7986,27.6,7.0,Natural,Flash Flood,23,Sudden flooding due to heavy rainfall overwhelming drainage systems.,False
2023-08-21,Medical,56,Mumbai,19.1988,73.0258,11.2,2.1,Healthcare,Dengue Outbreak,67,"Surge in dengue fever cases following monsoon rains, straining local healthcare facilities.",False
2023-08-21,Medical,41,Agra,27.2211,77.8748,12.5,4.7,Healthcare,Dengue Outbreak,83,"Surge in dengue fever cases following monsoon rains, straining local healthcare facilities.",False
2023-08-21,Medical,78,Shillong,25.7512,91.9273,13.4,6.1,Healthcare,Cholera Outbreak,29,Waterborne cholera outbreak in affected areas following contamination of water sources.,False
2023-08-21,Medical,49,Leh,34.3264,77.7436,13.6,5.7,Healthcare,Malaria Surge,90,"Increased malaria cases reported in rural areas, requiring medical intervention.",False
2023-08-21,Disaster,74,Agartala,23.7133,91.3113,30.4,6.7,Natural,Heavy Rainfall,149,Unusually heavy rainfall causing urban flooding and infrastructure damage.,False
2023-08-21,Medical,76,Surat,21.2345,72.7838,16.9,5.1,Healthcare,Cholera Outbreak,142,Waterborne cholera outbreak in affected areas following contamination of water sources.,False
2023-08-22,Medical,65,Guwahati,25.9876,91.8413,14.3,3.9,Healthcare,Leptospirosis Cases,115,Post-flood leptospirosis cases reported in affected areas.,False
2023-08-22,Medical,122,Delhi,28.7801,77.0877,8.8,3.4,Healthcare,Leptospirosis Cases,77,Post-flood leptospirosis cases reported in affected areas.,False
2023-08-22,Medical,47,Srinagar,34.2179,74.9648,14.2,2.0,Healthcare,Dengue Outbreak,80,"Surge in dengue fever cases following monsoon rains, straining local healthcare facilities.",False
2023-08-22,Disaster,84,Delhi,28.6585,77.0846,24.2,8.8,Natural,Heavy Rainfall,23,Unusually heavy rainfall causing urban flooding and infrastructure damage.,True
2023-08-22,Medical,66,Ranchi,23.173,85.2675,15.1,2.2,Healthcare,Leptospirosis Cases,37,Post-flood leptospirosis cases reported in affected areas.,False
2023-08-22,Disaster,40,Varanasi,25.2308,82.8007,33.5,8.9,Natural,River Overflow,12,River exceeding danger levels and breaching banks causing flooding.,True
2023-08-22,Disaster,89,Patna,25.5247,85.1271,29.6,6.3,Natural,Heavy Rainfall,129,Unusually heavy rainfall causing urban flooding and infrastructure damage.,False
2023-08-22,Disaster,61,Dehradun,30.1434,78.2018,25.3,9.0,Natural,Heavy Rainfall,11,Unusually heavy rainfall causing urban flooding and infrastructure damage.,True
2023-08-22,Medical,66,Gangtok,27.3221,88.6556,10.8,3.1,Healthcare,Dengue Outbreak,80,"Surge in dengue fever cases following monsoon rains, straining local healthcare facilities.",False
2023-08-22,Disaster,84,Visakhapatnam,17.535,83.179,32.7,4.8,Natural,Flash Flood,55,Sudden flooding due to heavy rainfall overwhelming drainage systems.,False
2023-08-23,Disaster,74,Imphal,24.9115,93.852,30.7,5.7,Natural,Flash Flood,93,Sudden flooding due to heavy rainfall overwhelming drainage systems.,False
2023-08-23,Disaster,57,Mysore,12.3973,76.6847,26.9,4.7,Natural,Flash Flood,95,Sudden flooding due to heavy rainfall overwhelming drainage systems.,False
2023-08-23,Disaster,82,Ahmedabad,23.1646,72.5893,19.9,6.5,Natural,Heavy Rainfall,105,Unusually heavy rainfall causing urban flooding and infrastructure damage.,False
2023-08-24,Medical,42,Surat,21.2512,72.6677,12.6,5.0,Healthcare,Dengue Outbreak,92,"Surge in dengue fever cases following monsoon rains, straining local healthcare facilities.",False
2023-08-24,Medical,59,Bhopal,23.2682,77.4069,17.1,3.1,Healthcare,Cholera Outbreak,37,Waterborne cholera outbreak in affected areas following contamination of water sources.,False
2023-08-24,Disaster,68,Aizawl,23.8499,92.8069,23.8,6.5,Natural,River Overflow,130,River exceeding danger levels and breaching banks causing flooding.,False
2023-08-24,Disaster,52,Indore,22.6639,75.7549,21.9,5.2,Natural,Flash Flood,81,Sudden flooding due to heavy rainfall overwhelming drainage systems.,False
2023-08-24,Disaster,63,Guwahati,26.3134,91.8084,29.1,5.4,Natural,Heavy Rainfall,89,Unusually heavy rainfall causing urban flooding and infrastructure damage.,False
2023-08-24,Disaster,108,Bengaluru,13.0965,77.6529,17.4,7.7,Natural,Flash Flood,60,Sudden flooding due to heavy rainfall overwhelming drainage systems.,False
2023-08-24,Medical,76,Agra,27.3025,78.1532,14.1,2.9,Healthcare,Dengue Outbreak,100,"Surge in dengue fever cases following monsoon rains, straining local healthcare facilities.",False
2023-08-24,Disaster,48,Patna,25.4634,85.0043,30.1,9.1,Natural,Heavy Rainfall,135,Unusually heavy rainfall causing urban flooding and infrastructure damage.,True
2023-08-24,Disaster,62,Gangtok,27.3706,88.6643,24.8,8.6,Natural,River Overflow,71,River exceeding danger levels and breaching banks causing flooding.,True
2023-08-24,Medical,57,Amritsar,31.8062,75.012,13.6,5.3,Healthcare,Cholera Outbreak,53,Waterborne cholera outbreak in affected areas following contamination of water sources.,False
2023-08-24,Medical,54,Allahabad,25.4286,81.7494,13.2,6.3,Healthcare,Leptospirosis Cases,118,Post-flood leptospirosis cases reported in affected areas.,False
2023-08-25,Medical,64,Aizawl,23.7269,92.9003,14.2,4.2,Healthcare,Dengue Outbreak,60,"Surge in dengue fever cases following monsoon rains, straining local healthcare facilities.",False
2023-08-25,Disaster,88,Hyderabad,17.3537,78.4169,18.9,7.6,Natural,River Overflow,125,River exceeding danger levels and breaching banks causing flooding.,False
2023-08-25,Medical,75,Bhopal,23.3134,77.3237,14.4,2.8,Healthcare,Cholera Outbreak,103,Waterborne cholera outbreak in affected areas following contamination of water sources.,False
2023-08-25,Disaster,66,Vijayawada,16.3611,80.8471,26.1,5.7,Natural,Monsoon Flooding,139,Widespread flooding due to monsoon rains affecting multiple areas.,False
2023-08-25,Disaster,67,Bhopal,23.1723,77.4281,20.8,5.9,Natural,River Overflow,94,River exceeding danger levels and breaching banks causing flooding.,False
2023-08-25,Disaster,49,Gwalior,26.3252,78.2782,22.5,8.2,Natural,Heavy Rainfall,68,Unusually heavy rainfall causing urban flooding and infrastructure damage.,True
2023-08-25,Disaster,82,Hyderabad,17.2916,78.3472,21.5,7.8,Natural,Heavy Rainfall,70,Unusually heavy rainfall causing urban flooding and infrastructure damage.,False
2023-08-26,Disaster,72,Surat,21.0206,72.7687,24.3,8.4,Natural,Flash Flood,37,Sudden flooding due to heavy rainfall overwhelming drainage systems.,True
2023-08-26,Medical,69,Ranchi,23.2758,85.331,12.4,5.7,Healthcare,Dengue Outbreak,23,"Surge in dengue fever cases following monsoon rains, straining local healthcare facilities.",False
2023-08-26,Disaster,74,Amritsar,31.6735,75.0431,30.9,7.4,Natural,Heavy Rainfall,49,Unusually heavy rainfall causing urban flooding and infrastructure damage.,False
2023-08-26,Disaster,76,Imphal,24.845,93.9923,31.9,6.1,Natural,Heavy Rainfall,112,Unusually heavy rainfall causing urban flooding and infrastructure damage.,False
2023-08-26,Disaster,52,Patna,25.539,85.0524,34.7,9.1,Natural,Heavy Rainfall,131,Unusually heavy rainfall causing urban flooding and infrastructure damage.,True
2023-08-27,Medical,32,Udaipur,24.7601,73.7896,12.8,3.1,Healthcare,Cholera Outbreak,25,Waterborne cholera outbreak in affected areas following contamination of water sources.,False
2023-08-27,Medical,55,Kohima,25.7308,94.1386,13.5,6.4,Healthcare,Dengue Outbreak,59,"Surge in dengue fever cases following monsoon rains, straining local healthcare facilities.",False
2023-08-27,Disaster,48,Bhopal,23.2064,77.5426,24.9,6.2,Natural,Heavy Rainfall,41,Unusually heavy rainfall causing urban flooding and infrastructure damage.,False
2023-08-28,Disaster,70,Varanasi,25.3724,83.1162,22.1,7.5,Natural,Heavy Rainfall,91,Unusually heavy rainfall causing urban flooding and infrastructure damage.,False
2023-08-28,Medical,70,Agartala,23.6986,91.4045,13.6,2.8,Healthcare,Cholera Outbreak,94,Waterborne cholera outbreak in affected areas following contamination of water sources.,False
2023-08-28,Disaster,42,Ranchi,23.5266,85.1635,30.3,7.6,Natural,Heavy Rainfall,91,Unusually heavy rainfall causing urban flooding and infrastructure damage.,False
2023-08-28,Medical,34,Odisha,20.6965,84.5874,12.3,5.9,Healthcare,Cholera Outbreak,85,Waterborne cholera outbreak in affected areas following contamination of water sources.,False
2023-08-28,Medical,32,Allahabad,25.593,81.8696,12.3,4.8,Healthcare,Malaria Surge,102,"Increased malaria cases reported in rural areas, requiring medical intervention.",False
2023-08-28,Medical,30,Gangtok,27.3274,88.6517,14.1,3.2,Healthcare,Leptospirosis Cases,7,Post-flood leptospirosis cases reported in affected areas.,False
2023-08-28,Disaster,45,Hyderabad,17.5056,78.5042,18.6,7.0,Natural,Landslide,139,Landslide triggered by heavy rainfall blocking roads and damaging structures.,False
2023-08-28,Medical,39,Visakhapatnam,17.5525,83.3194,16.2,6.2,Healthcare,Cholera Outbreak,143,Waterborne cholera outbreak in affected areas following contamination of water sources.,False
2023-08-28,Disaster,79,Amritsar,31.447,74.7426,30.9,7.0,Natural,Heavy Rainfall,19,Unusually heavy rainfall causing urban flooding and infrastructure damage.,False
2023-08-28,Disaster,76,Mangalore,13.1014,74.8417,18.3,4.8,Natural,Monsoon Flooding,142,Widespread flooding due to monsoon rains affecting multiple areas.,False
2023-08-28,Medical,58,Surat,21.0599,72.9673,14.5,3.6,Healthcare,Dengue Outbreak,131,"Surge in dengue fever cases following monsoon rains, straining local healthcare facilities.",False
2023-08-29,Medical,137,Bengaluru,13.1088,77.4105,8.0,6.5,Healthcare,Dengue Outbreak,101,"Surge in dengue fever cases following monsoon rains, straining local healthcare facilities.",False
2023-08-29,Disaster,93,Bhopal,23.2021,77.4288,26.5,8.2,Natural,Heavy Rainfall,23,Unusually heavy rainfall causing urban flooding and infrastructure damage.,True
2023-08-29,Disaster,97,Pune,18.5299,73.7883,24.9,8.6,Natural,Flash Flood,25,Sudden flooding due to heavy rainfall overwhelming drainage systems.,True
2023-08-29,Disaster,75,Raipur,21.2884,81.7072,22.8,5.1,Natural,Heavy Rainfall,105,Unusually heavy rainfall causing urban flooding and infrastructure damage.,False
2023-08-29,Disaster,48,Kochi,10.0348,76.1951,31.4,6.4,Natural,Heavy Rainfall,116,Unusually heavy rainfall causing urban flooding and infrastructure damage.,False
2023-08-29,Disaster,56,Mangalore,13.0799,74.6597,32.0,8.4,Natural,Landslide,48,Landslide triggered by heavy rainfall blocking roads and damaging structures.,True
2023-08-29,Disaster,89,Guwahati,26.1171,91.6729,33.4,7.5,Natural,Heavy Rainfall,120,Unusually heavy rainfall causing urban flooding and infrastructure damage.,False
2023-08-30,Disaster,48,Dehradun,30.3534,78.1382,28.7,4.7,Natural,River Overflow,91,River exceeding danger levels and breaching banks causing flooding.,False
2023-08-30,Disaster,98,Visakhapatnam,17.8397,83.069,32.6,8.9,Natural,Flash Flood,106,Sudden flooding due to heavy rainfall overwhelming drainage systems.,True
2023-08-31,Medical,40,Allahabad,25.3535,81.7027,14.3,5.6,Healthcare,Cholera Outbreak,105,Waterborne cholera outbreak in affected areas following contamination of water sources.,False
2023-08-31,Disaster,85,Mangalore,12.7917,74.6852,31.9,7.3,Natural,Landslide,103,Landslide triggered by heavy rainfall blocking roads and damaging structures.,False
2023-08-31,Medical,80,Lucknow,26.845,80.9677,12.0,3.3,Healthcare,Dengue Outbreak,30,"Surge in dengue fever cases following monsoon rains, straining local healthcare facilities.",False
2023-08-31,Disaster,49,Lucknow,26.8868,81.0421,23.2,4.4,Natural,Flash Flood,60,Sudden flooding due to heavy rainfall overwhelming drainage systems.,False
2023-08-31,Medical,64,Ahmedabad,22.9574,72.6061,8.6,3.5,Healthcare,Cholera Outbreak,55,Waterborne cholera outbreak in affected areas following contamination of water sources.,False
2023-09-01,Disaster,66,Ahmedabad,22.9545,72.6489,19.8,5.5,Natural,Flash Flood,33,Sudden flooding due to heavy rainfall overwhelming drainage systems.,False
2023-09-01,Disaster,44,Visakhapatnam,17.6128,83.2856,31.1,7.2,Natural,Landslide,65,Landslide triggered by heavy rainfall blocking roads and damaging structures.,False
2023-09-01,Disaster,163,Mumbai,19.0319,73.0564,19.4,6.3,Natural,Heavy Rainfall,142,Unusually heavy rainfall causing urban flooding and infrastructure damage.,False
2023-09-01,Disaster,58,Gangtok,27.4929,88.6413,28.1,7.3,Natural,Heavy Rainfall,19,Unusually heavy rainfall causing urban flooding and infrastructure damage.,False
2023-09-02,Disaster,72,Shillong,25.7388,91.8771,24.1,7.2,Natural,Flash Flood,86,Sudden flooding due to heavy rainfall overwhelming drainage systems.,False
2023-09-02,Disaster,70,Visakhapatnam,17.6294,83.1925,22.7,8.9,Natural,Heavy Rainfall,150,Unusually heavy rainfall causing urban flooding and infrastructure damage.,True
2023-09-02,Medical,45,Shillong,25.6348,91.8773,15.3,5.9,Healthcare,Malaria Surge,109,"Increased malaria cases reported in rural areas, requiring medical intervention.",False
2023-09-02,Disaster,66,Leh,34.2245,77.7591,21.7,5.1,Natural,River Overflow,29,River exceeding danger levels and breaching banks causing flooding.,False
2023-09-03,Disaster,70,Gwalior,26.0264,78.2675,28.7,8.8,Natural,Flash Flood,89,Sudden flooding due to heavy rainfall overwhelming drainage systems.,True
2023-09-03,Disaster,185,Kolkata,22.5468,88.4193,17.0,4.1,Natural,River Overflow,99,River exceeding danger levels and breaching banks causing flooding.,False
2023-09-03,Disaster,46,Hyderabad,17.3666,78.4529,24.8,7.6,Natural,Flash Flood,32,Sudden flooding due to heavy rainfall overwhelming drainage systems.,False
2023-09-03,Disaster,77,Gangtok,27.3394,88.6287,29.1,6.0,Natural,River Overflow,89,River exceeding danger levels and breaching banks causing flooding.,False
2023-09-03,Medical,48,Allahabad,25.4398,81.8685,13.6,2.4,Healthcare,Dengue Outbreak,72,"Surge in dengue fever cases following monsoon rains, straining local healthcare facilities.",False
2023-09-03,Disaster,44,Aizawl,23.6505,92.6615,18.6,6.0,Natural,Flash Flood,122,Sudden flooding due to heavy rainfall overwhelming drainage systems.,False
2023-09-04,Medical,33,Hyderabad,17.2366,78.3662,10.9,2.1,Healthcare,Malaria Surge,14,"Increased malaria cases reported in rural areas, requiring medical intervention.",False
2023-09-05,Medical,72,Mangalore,13.0137,74.8861,15.4,6.8,Healthcare,Cholera Outbreak,78,Waterborne cholera outbreak in affected areas following contamination of water sources.,False
2023-09-05,Disaster,61,Indore,22.9146,75.7377,22.9,7.8,Natural,River Overflow,144,River exceeding danger levels and breaching banks causing flooding.,False
2023-09-05,Medical,46,Ranchi,23.1775,85.1638,10.1,4.5,Healthcare,Malaria Surge,125,"Increased malaria cases reported in rural areas, requiring medical intervention.",False
2023-09-06,Medical,35,Kohima,25.4971,94.2052,14.9,5.1,Healthcare,Leptospirosis Cases,49,Post-flood leptospirosis cases reported in affected areas.,False
2023-09-06,Disaster,53,Agra,27.3352,78.0979,33.3,9.1,Natural,Flash Flood,106,Sudden flooding due to heavy rainfall overwhelming drainage systems.,True
2023-09-06,Medical,51,Varanasi,25.4365,83.1203,13.9,4.0,Healthcare,Malaria Surge,97,"Increased malaria cases reported in rural areas, requiring medical intervention.",False
2023-09-06,Medical,73,Bhopal,23.1155,77.3198,14.2,6.0,Healthcare,Malaria Surge,7,"Increased malaria cases reported in rural areas, requiring medical intervention.",False
2023-09-07,Disaster,50,Udaipur,24.5132,73.8461,27.1,7.4,Natural,River Overflow,138,River exceeding danger levels and breaching banks causing flooding.,False
2023-09-07,Medical,75,Varanasi,25.4724,82.9443,14.2,3.9,Healthcare,Malaria Surge,20,"Increased malaria cases reported in rural areas, requiring medical intervention.",False
2023-09-07,Medical,60,Raipur,21.2395,81.6206,14.7,3.3,Healthcare,Leptospirosis Cases,141,Post-flood leptospirosis cases reported in affected areas.,False
2023-09-08,Medical,42,Shillong,25.5505,91.7536,13.4,2.7,Healthcare,Malaria Surge,61,"Increased malaria cases reported in rural areas, requiring medical intervention.",False
2023-09-08,Disaster,73,Bhubaneswar,20.461,85.8149,19.8,6.9,Natural,Heavy Rainfall,60,Unusually heavy rainfall causing urban flooding and infrastructure damage.,False
2023-09-08,Medical,73,Guwahati,26.1377,91.6055,13.9,2.4,Healthcare,Cholera Outbreak,111,Waterborne cholera outbreak in affected areas following contamination of water sources.,False
2023-09-08,Medical,60,Gwalior,26.0722,78.2947,14.3,5.6,Healthcare,Malaria Surge,14,"Increased malaria cases reported in rural areas, requiring medical intervention.",False
2023-09-08,Disaster,77,Ahmedabad,23.1255,72.4856,20.4,6.2,Natural,River Overflow,33,River exceeding danger levels and breaching banks causing flooding.,False
2023-09-08,Medical,42,Leh,34.0604,77.3819,11.5,2.3,Healthcare,Leptospirosis Cases,87,Post-flood leptospirosis cases reported in affected areas.,False
2023-09-08,Disaster,63,Mangalore,13.0762,74.8927,31.9,4.4,Natural,Monsoon Flooding,123,Widespread flooding due to monsoon rains affecting multiple areas.,False
2023-09-08,Medical,55,Gangtok,27.2421,88.6499,12.2,2.2,Healthcare,Leptospirosis Cases,92,Post-flood leptospirosis cases reported in affected areas.,False
2023-09-08,Disaster,50,Varanasi,25.4061,82.7961,25.7,5.3,Natural,River Overflow,9,River exceeding danger levels and breaching banks causing flooding.,False
2023-09-08,Medical,33,Kohima,25.8597,94.1332,10.8,3.2,Healthcare,Dengue Outbreak,132,"Surge in dengue fever cases following monsoon rains, straining local healthcare facilities.",False
2023-09-09,Disaster,47,Kochi,9.9036,76.1727,35.5,8.3,Natural,Landslide,112,Landslide triggered by heavy rainfall blocking roads and damaging structures.,True
2023-09-09,Disaster,48,Kochi,9.9585,76.4159,24.3,6.0,Natural,Monsoon Flooding,122,Widespread flooding due to monsoon rains affecting multiple areas.,False
2023-09-09,Disaster,64,Amritsar,31.61,74.8266,24.4,5.3,Natural,Heavy Rainfall,13,Unusually heavy rainfall causing urban flooding and infrastructure damage.,False
2023-09-09,Disaster,80,Coimbatore,10.9149,77.0453,28.8,8.2,Natural,Flash Flood,115,Sudden flooding due to heavy rainfall overwhelming drainage systems.,True
2023-09-09,Disaster,64,Indore,22.6081,75.7971,31.0,9.3,Natural,Flash Flood,62,Sudden flooding due to heavy rainfall overwhelming drainage systems.,True
2023-09-10,Medical,77,Lucknow,26.8738,81.008,11.5,3.1,Healthcare,Malaria Surge,138,"Increased malaria cases reported in rural areas, requiring medical intervention.",False
2023-09-10,Disaster,190,Mumbai,19.0286,72.9381,17.2,8.4,Natural,Monsoon Flooding,87,Widespread flooding due to monsoon rains affecting multiple areas.,True
2023-09-10,Disaster,76,Kochi,9.9307,76.2673,22.3,5.0,Natural,Heavy Rainfall,126,Unusually heavy rainfall causing urban flooding and infrastructure damage.,False
2023-09-10,Medical,76,Aizawl,23.5974,92.7347,14.6,2.5,Healthcare,Leptospirosis Cases,72,Post-flood leptospirosis cases reported in affected areas.,False
2023-09-10,Medical,39,Visakhapatnam,17.6386,83.1139,13.7,3.6,Healthcare,Leptospirosis Cases,90,Post-flood leptospirosis cases reported in affected areas.,False
2023-09-10,Disaster,94,Coimbatore,11.2116,77.1188,27.5,4.2,Natural,River Overflow,36,River exceeding danger levels and breaching banks causing flooding.,False
2023-09-10,Disaster,63,Allahabad,25.3518,81.8395,33.9,8.7,Natural,Heavy Rainfall,113,Unusually heavy rainfall causing urban flooding and infrastructure damage.,True
2023-09-10,Disaster,58,Patna,25.6446,85.325,22.6,6.9,Natural,Heavy Rainfall,14,Unusually heavy rainfall causing urban flooding and infrastructure damage.,False
2023-09-11,Disaster,123,Mumbai,18.9304,72.8861,23.9,8.2,Natural,Flash Flood,92,Sudden flooding due to heavy rainfall overwhelming drainage systems.,True
2023-09-11,Disaster,53,Goa,15.3231,74.2325,29.4,6.1,Natural,Landslide,44,Landslide triggered by heavy rainfall blocking roads and damaging structures.,False
2023-09-11,Disaster,77,Shillong,25.5431,91.7802,24.0,4.3,Natural,Heavy Rainfall,54,Unusually heavy rainfall causing urban flooding and infrastructure damage.,False
2023-09-11,Medical,68,Odisha,20.6656,84.4383,12.0,5.1,Healthcare,Dengue Outbreak,121,"Surge in dengue fever cases following monsoon rains, straining local healthcare facilities.",False
2023-09-11,Medical,45,Imphal,24.6662,93.8502,12.7,4.5,Healthcare,Leptospirosis Cases,36,Post-flood leptospirosis cases reported in affected areas.,False
2023-09-12,Disaster,60,Varanasi,25.2061,83.0369,25.7,8.9,Natural,River Overflow,129,River exceeding danger levels and breaching banks causing flooding.,True
2023-09-12,Disaster,75,Mangalore,12.9886,74.9814,29.4,8.2,Natural,Landslide,46,Landslide triggered by heavy rainfall blocking roads and damaging structures.,True
2023-09-12,Medical,63,Imphal,24.9293,93.8386,14.9,2.7,Healthcare,Cholera Outbreak,37,Waterborne cholera outbreak in affected areas following contamination of water sources.,False
2023-09-12,Medical,71,Bhubaneswar,20.4658,85.6603,15.0,3.6,Healthcare,Cholera Outbreak,106,Waterborne cholera outbreak in affected areas following contamination of water sources.,False
2023-09-12,Disaster,57,Agra,27.3303,78.0653,26.0,4.6,Natural,Heavy Rainfall,119,Unusually heavy rainfall causing urban flooding and infrastructure damage.,False
2023-09-13,Disaster,98,Indore,22.8397,75.7346,19.4,5.5,Natural,Heavy Rainfall,38,Unusually heavy rainfall causing urban flooding and infrastructure damage.,False
2023-09-13,Medical,54,Surat,20.9745,72.9158,10.9,2.6,Healthcare,Dengue Outbreak,100,"Surge in dengue fever cases following monsoon rains, straining local healthcare facilities.",False
2023-09-13,Disaster,43,Visakhapatnam,17.626,83.039,27.0,4.3,Natural,Flash Flood,94,Sudden flooding due to heavy rainfall overwhelming drainage systems.,False
2023-09-13,Disaster,44,Ranchi,23.3787,85.3327,25.7,6.1,Natural,Heavy Rainfall,68,Unusually heavy rainfall causing urban flooding and infrastructure damage.,False
2023-09-13,Medical,41,Surat,21.2181,72.9028,17.6,3.7,Healthcare,Cholera Outbreak,84,Waterborne cholera outbreak in affected areas following contamination of water sources.,False
2023-09-13,Disaster,91,Amritsar,31.5424,74.9606,21.1,8.6,Natural,Flash Flood,55,Sudden flooding due to heavy rainfall overwhelming drainage systems.,True
2023-09-13,Medical,34,Aizawl,23.6383,92.8544,10.9,5.0,Healthcare,Cholera Outbreak,57,Waterborne cholera outbreak in affected areas following contamination of water sources.,False
2023-09-13,Disaster,78,Amritsar,31.7849,74.6808,30.0,4.4,Natural,River Overflow,126,River exceeding danger levels and breaching banks causing flooding.,False
2023-09-13,Medical,72,Agra,27.1064,78.1751,13.0,2.3,Healthcare,Dengue Outbreak,26,"Surge in dengue fever cases following monsoon rains, straining local healthcare facilities.",False
2023-09-14,Disaster,45,Allahabad,25.2571,82.0129,20.5,4.2,Natural,River Overflow,27,River exceeding danger levels and breaching banks causing flooding.,False
2023-09-14,Medical,71,Chandigarh,30.6165,76.8664,13.9,4.2,Healthcare,Dengue Outbreak,145,"Surge in dengue fever cases following monsoon rains, straining local healthcare facilities.",False
2023-09-14,Disaster,43,Guwahati,26.3162,91.8479,20.7,8.8,Natural,Flash Flood,60,Sudden flooding due to heavy rainfall overwhelming drainage systems.,True
2023-09-14,Medical,75,Allahabad,25.5915,82.0291,15.6,6.1,Healthcare,Malaria Surge,39,"Increased malaria cases reported in rural areas, requiring medical intervention.",False
2023-09-14,Disaster,76,Agartala,23.6978,91.3533,28.5,6.4,Natural,Flash Flood,10,Sudden flooding due to heavy rainfall overwhelming drainage systems.,False
2023-09-14,Disaster,63,Pune,18.3667,73.6726,21.6,7.2,Natural,Monsoon Flooding,165,Widespread flooding due to monsoon rains affecting multiple areas.,False
2023-09-14,Disaster,157,Vijayawada,16.3354,80.6952,34.9,6.9,Natural,Cyclone,96,Tropical cyclone making landfall with strong winds and heavy rainfall causing widespread damage.,False
2023-09-14,Disaster,84,Vijayawada,16.3113,80.7154,33.3,6.8,Natural,Flash Flood,86,Sudden flooding due to heavy rainfall overwhelming drainage systems.,False
2023-09-14,Medical,152,Delhi,28.6748,77.1019,11.0,5.8,Healthcare,Malaria Surge,109,"Increased malaria cases reported in rural areas, requiring medical intervention.",False
2023-09-14,Medical,79,Kohima,25.7895,94.0738,13.9,5.2,Healthcare,Cholera Outbreak,7,Waterborne cholera outbreak in affected areas following contamination of water sources.,False
2023-09-14,Medical,48,Amritsar,31.6263,74.9578,14.5,4.2,Healthcare,Leptospirosis Cases,66,Post-flood leptospirosis cases reported in affected areas.,False
2023-09-14,Disaster,46,Jodhpur,26.4199,73.1627,31.4,7.8,Natural,Flash Flood,110,Sudden flooding due to heavy rainfall overwhelming drainage systems.,False
2023-09-14,Medical,136,Kolkata,22.4252,88.2204,8.3,3.4,Healthcare,Malaria Surge,134,"Increased malaria cases reported in rural areas, requiring medical intervention.",False
2023-09-14,Medical,59,Varanasi,25.1695,82.855,13.0,6.2,Healthcare,Dengue Outbreak,63,"Surge in dengue fever cases following monsoon rains, straining local healthcare facilities.",False
2023-09-14,Medical,34,Udaipur,24.4732,73.838,11.6,5.6,Healthcare,Cholera Outbreak,145,Waterborne cholera outbreak in affected areas following contamination of water sources.,False
2023-09-15,Medical,141,Delhi,28.493,77.075,10.5,3.9,Healthcare,Leptospirosis Cases,106,Post-flood leptospirosis cases reported in affected areas.,False
2023-09-15,Disaster,49,Imphal,24.804,94.0527,28.1,9.0,Natural,Flash Flood,78,Sudden flooding due to heavy rainfall overwhelming drainage systems.,True
2023-09-15,Disaster,48,Lucknow,26.8158,80.9267,25.8,8.1,Natural,Heavy Rainfall,137,Unusually heavy rainfall causing urban flooding and infrastructure damage.,True
2023-09-15,Disaster,59,Chandigarh,30.6632,76.5834,24.8,5.1,Natural,Flash Flood,35,Sudden flooding due to heavy rainfall overwhelming drainage systems.,False
2023-09-15,Disaster,50,Mangalore,12.836,74.7504,25.5,5.3,Natural,Heavy Rainfall,78,Unusually heavy rainfall causing urban flooding and infrastructure damage.,False
2023-09-15,Disaster,79,Lucknow,26.6856,80.9316,34.6,8.0,Natural,Flash Flood,113,Sudden flooding due to heavy rainfall overwhelming drainage systems.,False
2023-09-15,Medical,76,Agra,27.2172,77.9619,11.4,3.4,Healthcare,Dengue Outbreak,16,"Surge in dengue fever cases following monsoon rains, straining local healthcare facilities.",False
2023-09-15,Disaster,86,Odisha,20.4774,84.3392,27.1,7.6,Natural,Flash Flood,66,Sudden flooding due to heavy rainfall overwhelming drainage systems.,False
2023-09-15,Disaster,84,Vijayawada,16.3497,80.7982,28.4,8.9,Natural,Heavy Rainfall,120,Unusually heavy rainfall causing urban flooding and infrastructure damage.,True
2023-09-15,Disaster,92,Dehradun,30.1715,77.9839,30.9,4.1,Natural,River Overflow,44,River exceeding danger levels and breaching banks causing flooding.,False
2023-09-16,Medical,49,Jaipur,26.8354,75.6611,11.8,2.9,Healthcare,Dengue Outbreak,28,"Surge in dengue fever cases following monsoon rains, straining local healthcare facilities.",False
2023-09-16,Disaster,51,Vijayawada,16.5138,80.5856,21.1,8.6,Natural,Heavy Rainfall,58,Unusually heavy rainfall causing urban flooding and infrastructure damage.,True
2023-09-16,Medical,72,Mangalore,13.0318,74.9278,13.4,3.5,Healthcare,Dengue Outbreak,42,"Surge in dengue fever cases following monsoon rains, straining local healthcare facilities.",False
2023-09-16,Medical,136,Chennai,12.9444,80.1704,8.5,6.9,Healthcare,Malaria Surge,45,"Increased malaria cases reported in rural areas, requiring medical intervention.",False
2023-09-17,Medical,74,Chennai,13.185,80.3402,8.2,5.6,Healthcare,Dengue Outbreak,95,"Surge in dengue fever cases following monsoon rains, straining local healthcare facilities.",False
2023-09-17,Medical,58,Shimla,31.1665,77.0699,13.4,6.8,Healthcare,Cholera Outbreak,126,Waterborne cholera outbreak in affected areas following contamination of water sources.,False
2023-09-17,Disaster,74,Varanasi,25.231,82.9899,27.4,6.6,Natural,Heavy Rainfall,17,Unusually heavy rainfall causing urban flooding and infrastructure damage.,False
2023-09-17,Disaster,41,Kohima,25.8443,94.3014,32.2,9.1,Natural,Flash Flood,38,Sudden flooding due to heavy rainfall overwhelming drainage systems.,True
2023-09-17,Disaster,56,Pune,18.4941,73.8861,19.4,4.5,Natural,Landslide,11,Landslide triggered by heavy rainfall blocking roads and damaging structures.,False
2023-09-18,Disaster,191,Delhi,28.428,77.1486,20.6,8.7,Natural,River Overflow,143,River exceeding danger levels and breaching banks causing flooding.,True
2023-09-18,Disaster,59,Srinagar,34.2826,74.9623,23.0,9.2,Natural,River Overflow,105,River exceeding danger levels and breaching banks causing flooding.,True
2023-09-18,Disaster,70,Odisha,20.4311,84.5821,26.1,8.7,Natural,Flash Flood,133,Sudden flooding due to heavy rainfall overwhelming drainage systems.,True
2023-09-18,Medical,58,Imphal,24.6318,94.0501,13.3,4.6,Healthcare,Dengue Outbreak,19,"Surge in dengue fever cases following monsoon rains, straining local healthcare facilities.",False
2023-09-18,Disaster,62,Kochi,9.9788,76.4385,32.3,4.5,Natural,Landslide,130,Landslide triggered by heavy rainfall blocking roads and damaging structures.,False
2023-09-18,Medical,55,Varanasi,25.1972,82.8686,15.0,3.1,Healthcare,Dengue Outbreak,53,"Surge in dengue fever cases following monsoon rains, straining local healthcare facilities.",False
2023-09-19,Medical,65,Chennai,13.0486,80.3666,11.0,3.4,Healthcare,Leptospirosis Cases,73,Post-flood leptospirosis cases reported in affected areas.,False
2023-09-19,Medical,77,Imphal,24.8314,93.8596,13.9,4.5,Healthcare,Cholera Outbreak,81,Waterborne cholera outbreak in affected areas following contamination of water sources.,False
2023-09-19,Disaster,59,Jaipur,26.7348,75.8169,20.3,7.3,Natural,River Overflow,138,River exceeding danger levels and breaching banks causing flooding.,False
2023-09-19,Disaster,67,Hyderabad,17.5213,78.6593,18.8,7.7,Natural,Flash Flood,104,Sudden flooding due to heavy rainfall overwhelming drainage systems.,False
2023-09-19,Disaster,92,Vijayawada,16.379,80.6236,30.1,7.6,Natural,Heavy Rainfall,44,Unusually heavy rainfall causing urban flooding and infrastructure damage.,False
2023-09-20,Disaster,85,Aizawl,23.8382,92.6206,22.0,6.4,Natural,Flash Flood,37,Sudden flooding due to heavy rainfall overwhelming drainage systems.,False
2023-09-20,Disaster,70,Vijayawada,16.3067,80.4849,34.4,5.6,Natural,Heavy Rainfall,77,Unusually heavy rainfall causing urban flooding and infrastructure damage.,False
2023-09-20,Disaster,46,Jodhpur,26.4032,73.1874,35.5,7.1,Natural,River Overflow,143,River exceeding danger levels and breaching banks causing flooding.,False
2023-09-20,Medical,73,Vadodara,22.3986,73.0667,13.1,5.4,Healthcare,Cholera Outbreak,69,Waterborne cholera outbreak in affected areas following contamination of water sources.,False
2023-09-20,Disaster,79,Leh,34.0731,77.5446,25.9,8.5,Natural,Flash Flood,110,Sudden flooding due to heavy rainfall overwhelming drainage systems.,True
2023-09-20,Disaster,45,Agra,26.9973,78.0459,34.8,6.6,Natural,Heavy Rainfall,130,Unusually heavy rainfall causing urban flooding and infrastructure damage.,False
2023-09-20,Medical,80,Srinagar,34.2652,74.6383,9.9,2.0,Healthcare,Cholera Outbreak,94,Waterborne cholera outbreak in affected areas following contamination of water sources.,False
2023-09-20,Medical,76,Udaipur,24.5706,73.5303,13.5,5.7,Healthcare,Cholera Outbreak,78,Waterborne cholera outbreak in affected areas following contamination of water sources.,False
2023-09-21,Disaster,197,Kolkata,22.7535,88.3493,19.6,6.5,Natural,River Overflow,143,River exceeding danger levels and breaching banks causing flooding.,False
2023-09-22,Disaster,145,Chennai,13.1291,80.3409,18.6,6.5,Natural,Heavy Rainfall,78,Unusually heavy rainfall causing urban flooding and infrastructure damage.,False
2023-09-22,Medical,39,Indore,22.7437,75.9258,13.8,2.8,Healthcare,Malaria Surge,44,"Increased malaria cases reported in rural areas, requiring medical intervention.",False
2023-09-22,Medical,53,Odisha,20.5261,84.3869,14.5,4.9,Healthcare,Cholera Outbreak,143,Waterborne cholera outbreak in affected areas following contamination of water sources.,False
2023-09-22,Medical,47,Guwahati,26.1819,91.7304,12.4,5.4,Healthcare,Malaria Surge,93,"Increased malaria cases reported in rural areas, requiring medical intervention.",False
2023-09-22,Disaster,89,Varanasi,25.4119,82.9665,29.3,6.5,Natural,Heavy Rainfall,139,Unusually heavy rainfall causing urban flooding and infrastructure damage.,False
2023-09-22,Medical,45,Amritsar,31.5029,74.9668,13.5,5.4,Healthcare,Cholera Outbreak,66,Waterborne cholera outbreak in affected areas following contamination of water sources.,False
2023-09-22,Medical,79,Jaipur,26.9901,75.9693,14.2,4.2,Healthcare,Malaria Surge,83,"Increased malaria cases reported in rural areas, requiring medical intervention.",False
2023-09-22,Disaster,100,Shimla,30.9181,77.1026,23.4,6.9,Natural,River Overflow,42,River exceeding danger levels and breaching banks causing flooding.,False
2023-09-23,Disaster,86,Nagpur,21.1548,79.2315,29.5,8.2,Natural,Flash Flood,133,Sudden flooding due to heavy rainfall overwhelming drainage systems.,True
2023-09-23,Medical,68,Raipur,21.0518,81.7381,14.8,2.9,Healthcare,Dengue Outbreak,98,"Surge in dengue fever cases following monsoon rains, straining local healthcare facilities.",False
2023-09-23,Medical,54,Gwalior,26.0968,78.2747,11.2,4.6,Healthcare,Leptospirosis Cases,143,Post-flood leptospirosis cases reported in affected areas.,False
2023-09-23,Disaster,66,Goa,15.2728,74.0019,26.2,8.1,Natural,Monsoon Flooding,134,Widespread flooding due to monsoon rains affecting multiple areas.,True
2023-09-23,Disaster,61,Lucknow,26.7383,81.0099,26.7,8.5,Natural,Flash Flood,115,Sudden flooding due to heavy rainfall overwhelming drainage systems.,True
2023-09-23,Medical,56,Bhubaneswar,20.0989,85.7683,13.4,3.4,Healthcare,Dengue Outbreak,31,"Surge in dengue fever cases following monsoon rains, straining local healthcare facilities.",False
2023-09-23,Medical,50,Agra,27.2588,77.8326,15.7,2.7,Healthcare,Malaria Surge,88,"Increased malaria cases reported in rural areas, requiring medical intervention.",False
2023-09-24,Medical,55,Agra,27.0586,77.8603,16.4,3.9,Healthcare,Malaria Surge,82,"Increased malaria cases reported in rural areas, requiring medical intervention.",False
2023-09-24,Disaster,69,Jodhpur,26.2434,73.0627,19.3,7.0,Natural,Flash Flood,31,Sudden flooding due to heavy rainfall overwhelming drainage systems.,False
2023-09-24,Disaster,215,Kolkata,22.5112,88.2113,24.3,9.1,Natural,River Overflow,39,River exceeding danger levels and breaching banks causing flooding.,True
2023-09-24,Medical,76,Gangtok,27.2276,88.4521,14.7,3.4,Healthcare,Dengue Outbreak,124,"Surge in dengue fever cases following monsoon rains, straining local healthcare facilities.",False
2023-09-24,Disaster,86,Udaipur,24.783,73.8956,28.0,8.6,Natural,Flash Flood,95,Sudden flooding due to heavy rainfall overwhelming drainage systems.,True
2023-09-24,Disaster,96,Agartala,23.943,91.4356,28.8,7.1,Natural,Flash Flood,25,Sudden flooding due to heavy rainfall overwhelming drainage systems.,False
2023-09-25,Disaster,92,Dehradun,30.2401,77.9884,26.4,8.6,Natural,Heavy Rainfall,56,Unusually heavy rainfall causing urban flooding and infrastructure damage.,True
2023-09-25,Disaster,87,Pune,18.7091,73.8671,20.9,7.2,Natural,Heavy Rainfall,77,Unusually heavy rainfall causing urban flooding and infrastructure damage.,False
2023-09-25,Disaster,40,Coimbatore,10.9224,76.8092,27.1,8.9,Natural,Heavy Rainfall,68,Unusually heavy rainfall causing urban flooding and infrastructure damage.,True
2023-09-25,Medical,79,Mysore,12.1106,76.8052,16.2,4.8,Healthcare,Cholera Outbreak,49,Waterborne cholera outbreak in affected areas following contamination of water sources.,False
2023-09-25,Medical,45,Aizawl,23.8289,92.6444,11.2,5.1,Healthcare,Malaria Surge,51,"Increased malaria cases reported in rural areas, requiring medical intervention.",False
2023-09-25,Disaster,78,Bengaluru,13.1479,77.4117,16.3,6.9,Natural,Landslide,90,Landslide triggered by heavy rainfall blocking roads and damaging structures.,False
2023-09-25,Disaster,48,Srinagar,34.2639,74.8987,25.9,6.3,Natural,Heavy Rainfall,142,Unusually heavy rainfall causing urban flooding and infrastructure damage.,False
2023-09-26,Disaster,45,Thiruvananthapuram,8.3904,76.9423,33.9,7.4,Natural,Landslide,39,Landslide triggered by heavy rainfall blocking roads and damaging structures.,False
2023-09-26,Disaster,88,Mysore,12.3485,76.5882,31.4,9.3,Natural,Monsoon Flooding,153,Widespread flooding due to monsoon rains affecting multiple areas.,True
2023-09-26,Disaster,77,Srinagar,33.9979,74.7736,28.2,7.2,Natural,Flash Flood,122,Sudden flooding due to heavy rainfall overwhelming drainage systems.,False
2023-09-26,Disaster,80,Vijayawada,16.3454,80.608,32.1,6.9,Natural,Heavy Rainfall,43,Unusually heavy rainfall causing urban flooding and infrastructure damage.,False
2023-09-26,Disaster,59,Guwahati,26.2932,91.8829,29.1,8.3,Natural,Flash Flood,76,Sudden flooding due to heavy rainfall overwhelming drainage systems.,True
2023-09-26,Disaster,74,Odisha,20.3285,84.5453,28.3,5.3,Natural,Heavy Rainfall,148,Unusually heavy rainfall causing urban flooding and infrastructure damage.,False
2023-09-26,Disaster,88,Agra,27.121,78.1083,34.6,4.0,Natural,River Overflow,133,River exceeding danger levels and breaching banks causing flooding.,False
2023-09-26,Disaster,77,Dehradun,30.3199,78.1327,27.6,4.4,Natural,River Overflow,76,River exceeding danger levels and breaching banks causing flooding.,False
2023-09-26,Disaster,49,Jaipur,26.7798,75.6697,27.1,8.0,Natural,Heavy Rainfall,39,Unusually heavy rainfall causing urban flooding and infrastructure damage.,False
2023-09-26,Disaster,77,Ranchi,23.2192,85.4177,28.2,5.7,Natural,River Overflow,58,River exceeding danger levels and breaching banks causing flooding.,False
2023-09-26,Medical,31,Shimla,31.0924,77.3257,15.5,6.3,Healthcare,Leptospirosis Cases,124,Post-flood leptospirosis cases reported in affected areas.,False
2023-09-26,Disaster,228,Kolkata,22.6856,88.4078,23.0,8.0,Natural,Heavy Rainfall,57,Unusually heavy rainfall causing urban flooding and infrastructure damage.,True
2023-09-26,Disaster,86,Bhopal,23.2773,77.3968,23.2,7.9,Natural,River Overflow,88,River exceeding danger levels and breaching banks causing flooding.,False
2023-09-26,Disaster,95,Nagpur,21.0442,79.1764,27.1,8.3,Natural,Heavy Rainfall,120,Unusually heavy rainfall causing urban flooding and infrastructure damage.,True
2023-09-26,Disaster,92,Imphal,24.6897,93.8908,21.8,9.5,Natural,Heavy Rainfall,104,Unusually heavy rainfall causing urban flooding and infrastructure damage.,True
2023-09-27,Disaster,56,Bhopal,23.1943,77.2923,27.1,6.9,Natural,Heavy Rainfall,23,Unusually heavy rainfall causing urban flooding and infrastructure damage.,False
2023-09-27,Medical,45,Bhopal,23.4365,77.3845,13.4,5.4,Healthcare,Leptospirosis Cases,92,Post-flood leptospirosis cases reported in affected areas.,False
2023-09-27,Medical,54,Pune,18.6139,73.7353,8.4,5.8,Healthcare,Cholera Outbreak,18,Waterborne cholera outbreak in affected areas following contamination of water sources.,False
2023-09-27,Disaster,49,Srinagar,34.1218,74.7548,25.8,6.4,Natural,Heavy Rainfall,81,Unusually heavy rainfall causing urban flooding and infrastructure damage.,False
2023-09-27,Disaster,204,Delhi,28.4339,77.2487,23.7,6.5,Natural,River Overflow,71,River exceeding danger levels and breaching banks causing flooding.,True
2023-09-27,Disaster,49,Nagpur,20.9971,79.2054,32.6,4.2,Natural,Flash Flood,26,Sudden flooding due to heavy rainfall overwhelming drainage systems.,False
2023-09-27,Disaster,62,Udaipur,24.4712,73.7793,31.3,8.4,Natural,Heavy Rainfall,9,Unusually heavy rainfall causing urban flooding and infrastructure damage.,True
2023-09-27,Medical,79,Vijayawada,16.5061,80.6624,10.3,6.2,Healthcare,Cholera Outbreak,33,Waterborne cholera outbreak in affected areas following contamination of water sources.,False
2023-09-27,Disaster,50,Coimbatore,10.9806,76.9383,22.1,4.6,Natural,Monsoon Flooding,135,Widespread flooding due to monsoon rains affecting multiple areas.,False
2023-09-27,Disaster,81,Srinagar,34.0997,74.7122,25.5,7.7,Natural,River Overflow,34,River exceeding danger levels and breaching banks causing flooding.,False
2023-09-28,Disaster,181,Kolkata,22.5658,88.3858,17.4,6.5,Natural,River Overflow,109,River exceeding danger levels and breaching banks causing flooding.,False
2023-09-28,Disaster,43,Mangalore,12.7491,75.0417,32.5,4.6,Natural,Heavy Rainfall,40,Unusually heavy rainfall causing urban flooding and infrastructure damage.,False
2023-09-28,Disaster,95,Chandigarh,30.6419,76.9555,30.6,5.2,Natural,Flash Flood,25,Sudden flooding due to heavy rainfall overwhelming drainage systems.,False
2023-09-28,Disaster,71,Shillong,25.7075,92.0283,37.0,7.3,Natural,Heavy Rainfall,71,Unusually heavy rainfall causing urban flooding and infrastructure damage.,False
2023-09-29,Disaster,79,Aizawl,23.5572,92.7466,25.3,9.5,Natural,Flash Flood,124,Sudden flooding due to heavy rainfall overwhelming drainage systems.,True
2023-09-29,Disaster,140,Kolkata,22.5585,88.4059,20.8,4.1,Natural,Flash Flood,65,Sudden flooding due to heavy rainfall overwhelming drainage systems.,False
2023-09-29,Medical,54,Kohima,25.5985,94.1523,11.7,6.2,Healthcare,Dengue Outbreak,88,"Surge in dengue fever cases following monsoon rains, straining local healthcare facilities.",False
2023-09-29,Disaster,41,Visakhapatnam,17.8429,83.3048,33.3,4.9,Natural,Flash Flood,87,Sudden flooding due to heavy rainfall overwhelming drainage systems.,False
2023-09-29,Disaster,47,Bhopal,23.3931,77.3007,23.6,6.1,Natural,River Overflow,81,River exceeding danger levels and breaching banks causing flooding.,False
2023-09-29,Disaster,129,Chennai,13.0821,80.2193,19.2,8.3,Natural,Heavy Rainfall,77,Unusually heavy rainfall causing urban flooding and infrastructure damage.,True
2023-09-29,Medical,74,Allahabad,25.2681,81.6824,14.6,3.4,Healthcare,Malaria Surge,58,"Increased malaria cases reported in rural areas, requiring medical intervention.",False
2023-09-30,Medical,47,Indore,22.5882,75.864,13.7,4.3,Healthcare,Malaria Surge,93,"Increased malaria cases reported in rural areas, requiring medical intervention.",False
2023-09-30,Medical,78,Aizawl,23.907,92.8847,11.7,2.0,Healthcare,Leptospirosis Cases,122,Post-flood leptospirosis cases reported in affected areas.,False
2023-09-30,Disaster,82,Kochi,10.1002,76.3847,22.3,6.7,Natural,Heavy Rainfall,122,Unusually heavy rainfall causing urban flooding and infrastructure damage.,False
2023-10-01,Medical,76,Leh,34.0303,77.7559,12.1,6.6,Catastrophic,Structural Failure,10,Critical structural failure in public infrastructure requiring evacuation.,False
2023-10-01,Fire,20,Kolkata,22.4148,88.2119,11.1,6.0,Natural,Forest Fire,42,Wildfire spreading through forest areas threatening nearby settlements.,False
2023-10-01,Disaster,96,Surat,21.082,72.8248,27.9,7.5,Natural,Thunderstorm,119,Severe thunderstorm with lightning causing damages and injuries.,False
2023-10-01,Disaster,97,Delhi,28.5527,77.3316,20.4,8.9,Catastrophic,Mine Collapse,94,Collapse in mining operation trapping workers underground.,True
2023-10-01,Fire,31,Bhopal,23.1865,77.5255,17.5,8.3,Catastrophic,Power Plant Failure,107,Critical failure at power generation facility affecting power supply.,True
2023-10-01,Medical,55,Shillong,25.5765,91.6989,10.6,2.1,Healthcare,Measles Outbreak,124,Measles outbreak reported in communities with low vaccination coverage.,False
2023-10-02,Medical,50,Delhi,28.6287,77.1058,10.0,4.1,Healthcare,Encephalitis Cluster,110,"Cluster of encephalitis cases reported, primarily affecting children in the region.",False
2023-10-02,Medical,43,Raipur,21.2374,81.8227,17.4,4.8,Healthcare,Encephalitis Cluster,127,"Cluster of encephalitis cases reported, primarily affecting children in the region.",False
2023-10-02,Disaster,49,Dehradun,30.4617,77.9762,21.6,9.2,Natural,Cloudburst,103,Extremely heavy rainfall in a short period causing flash flooding in mountainous areas.,True
2023-10-02,Disaster,71,Guwahati,26.0189,91.6568,22.2,6.4,Catastrophic,Gas Leak,44,Toxic gas leak from industrial facility affecting nearby residential areas.,False
2023-10-03,Disaster,63,Shillong,25.4435,91.8348,21.4,8.6,Natural,Coastal Erosion,125,Accelerated coastal erosion threatening coastal communities and infrastructure.,True
2023-10-03,Medical,44,Shimla,31.2082,77.1922,11.6,6.5,Healthcare,Mumps Cases,5,Multiple mumps cases reported in schools and communities.,False
2023-10-03,Police,39,Chandigarh,30.5549,76.7071,10.6,8.4,Catastrophic,Bridge Collapse,33,Collapse of bridge structure affecting transportation and causing casualties.,True
2023-10-03,Medical,138,Mumbai,19.1129,72.7443,11.1,6.3,Healthcare,Dengue Outbreak,131,"Surge in dengue fever cases following monsoon rains, straining local healthcare facilities.",False
2023-10-03,Medical,40,Thiruvananthapuram,8.6644,77.1264,14.7,3.5,Healthcare,Gastroenteritis Outbreak,147,"Outbreak of gastroenteritis affecting multiple communities, likely from contaminated water.",False
2023-10-03,Medical,67,Chennai,13.251,80.2236,11.9,2.5,Healthcare,Cholera Outbreak,55,Waterborne cholera outbreak in affected areas following contamination of water sources.,False
2023-10-03,Medical,33,Shillong,25.5015,91.8519,15.3,5.9,Healthcare,Cholera Outbreak,108,Waterborne cholera outbreak in affected areas following contamination of water sources.,False
2023-10-03,Disaster,73,Pune,18.6681,73.9182,17.7,6.9,Natural,Dust Storm,51,Severe dust storm reducing visibility and causing respiratory issues.,False
2023-10-04,Disaster,76,Vijayawada,16.3174,80.5051,23.7,5.6,Natural,Landslide,109,Landslide triggered by heavy rainfall blocking roads and damaging structures.,False
2023-10-04,Disaster,60,Allahabad,25.3298,81.8299,24.0,6.2,Natural,River Overflow,47,River exceeding danger levels and breaching banks causing flooding.,False
2023-10-04,Disaster,329,Thiruvananthapuram,8.7136,76.8747,20.3,9.4,Natural,Earthquake,38,Seismic activity causing structural damage and disruption.,True
2023-10-04,Medical,49,Surat,21.3343,72.8755,11.7,6.3,Healthcare,Food Poisoning Incident,70,Mass food poisoning incident requiring emergency medical response.,False
2023-10-04,Disaster,53,Udaipur,24.7292,73.7139,24.7,5.0,Natural,Landslide,111,Landslide triggered by heavy rainfall blocking roads and damaging structures.,False
2023-10-04,Medical,62,Mysore,12.1878,76.795,14.9,2.1,Healthcare,Malaria Surge,137,"Increased malaria cases reported in rural areas, requiring medical intervention.",False
2023-10-04,Medical,33,Ranchi,23.1973,85.2404,12.4,3.6,Healthcare,Cholera Outbreak,21,Waterborne cholera outbreak in affected areas following contamination of water sources.,False
2023-10-04,Disaster,298,Amritsar,31.5782,74.9253,25.1,8.2,Natural,Cyclone,94,Tropical cyclone making landfall with strong winds and heavy rainfall causing widespread damage.,True
2023-10-04,Fire,16,Goa,15.3081,74.1389,16.4,7.5,Catastrophic,Factory Explosion,61,Explosion at manufacturing facility causing casualties and structural damage.,False
2023-10-04,Disaster,127,Mumbai,19.2537,73.0573,25.0,9.4,Natural,Lightning Strike Incident,95,Multiple lightning strikes causing casualties and property damage.,True
2023-10-05,Disaster,167,Mumbai,18.9201,72.7688,24.0,5.3,Natural,Coastal Flooding,34,Coastal areas inundated due to high tides and storm surge.,False
2023-10-05,Police,40,Surat,21.0629,72.8714,14.2,8.3,Catastrophic,Tunnel Collapse,90,Collapse in tunnel structure trapping vehicles and people.,True
2023-10-05,Police,58,Goa,15.2476,74.0465,11.4,9.2,Catastrophic,Dam Breach,137,Partial breach of dam structure causing downstream flooding concerns.,True
2023-10-05,Medical,43,Odisha,20.3293,84.3779,11.6,2.8,Healthcare,Dengue Outbreak,103,"Surge in dengue fever cases following monsoon rains, straining local healthcare facilities.",False
2023-10-05,Medical,63,Guwahati,26.3385,91.7975,12.7,6.7,Healthcare,Gastroenteritis Outbreak,66,"Outbreak of gastroenteritis affecting multiple communities, likely from contaminated water.",False
2023-10-06,Police,48,Amritsar,31.8167,74.9238,12.8,8.8,Catastrophic,Industrial Accident,54,Accident at industrial facility causing multiple injuries and damage.,True
2023-10-06,Medical,62,Vadodara,22.1887,73.0185,15.2,6.7,Healthcare,Dengue Outbreak,37,"Surge in dengue fever cases following monsoon rains, straining local healthcare facilities.",False
2023-10-06,Disaster,73,Hyderabad,17.4522,78.4978,20.8,9.7,Catastrophic,Mine Collapse,30,Collapse in mining operation trapping workers underground.,True
2023-10-06,Disaster,46,Coimbatore,10.9541,76.8654,25.8,5.5,Natural,Flash Flood,128,Sudden flooding due to heavy rainfall overwhelming drainage systems.,False
2023-10-06,Fire,28,Amritsar,31.8115,74.8558,16.2,8.4,Natural,Forest Fire,89,Wildfire spreading through forest areas threatening nearby settlements.,True
2023-10-06,Disaster,80,Hyderabad,17.1967,78.5543,16.2,5.9,Natural,Coastal Flooding,107,Coastal areas inundated due to high tides and storm surge.,False
2023-10-07,Fire,30,Bhopal,23.3207,77.2995,16.8,7.3,Catastrophic,Stadium Stampede,115,Crowd control incident at stadium leading to injuries.,False
2023-10-07,Disaster,60,Varanasi,25.2487,82.9703,22.4,9.1,Natural,Drought,94,Prolonged dry period affecting agriculture and water availability.,True
2023-10-07,Medical,64,Indore,22.7596,76.0135,15.7,8.5,Catastrophic,Dam Breach,13,Partial breach of dam structure causing downstream flooding concerns.,True
2023-10-07,Medical,79,Bhubaneswar,20.4327,85.6683,13.8,4.9,Healthcare,Leptospirosis Cases,10,Post-flood leptospirosis cases reported in affected areas.,False
2023-10-07,Disaster,80,Jodhpur,26.2701,73.0682,26.3,8.3,Natural,Coastal Flooding,31,Coastal areas inundated due to high tides and storm surge.,True
2023-10-07,Disaster,288,Bhopal,23.3462,77.4554,36.0,7.0,Natural,Earthquake,6,Seismic activity causing structural damage and disruption.,True
2023-10-07,Police,45,Srinagar,33.9468,74.8343,11.6,8.8,Catastrophic,Bridge Collapse,112,Collapse of bridge structure affecting transportation and causing casualties.,True
2023-10-07,Medical,61,Nagpur,21.2853,79.1127,13.8,6.9,Healthcare,Hepatitis Outbreak,104,Outbreak of hepatitis cases linked to contaminated water sources.,False
2023-10-07,Fire,27,Shillong,25.634,91.7615,21.1,6.0,Natural,Forest Fire,36,Wildfire spreading through forest areas threatening nearby settlements.,False
2023-10-07,Medical,104,Delhi,28.7922,77.3006,10.5,6.0,Healthcare,Heatstroke Wave,108,"Multiple cases of heatstroke amid extreme temperatures, affecting vulnerable populations.",False
2023-10-08,Disaster,54,Hyderabad,17.1863,78.5552,24.2,7.1,Catastrophic,Mine Collapse,36,Collapse in mining operation trapping workers underground.,False
2023-10-09,Disaster,77,Udaipur,24.4078,73.8195,25.7,6.1,Natural,Cold Wave,131,Severe cold conditions affecting normal life and causing health emergencies.,False
2023-10-09,Disaster,42,Bhopal,23.3473,77.3028,22.2,6.5,Catastrophic,Mine Collapse,76,Collapse in mining operation trapping workers underground.,False
2023-10-09,Disaster,43,Agra,27.2674,78.1351,24.5,6.7,Catastrophic,Industrial Accident,6,Accident at industrial facility causing multiple injuries and damage.,False
2023-10-09,Disaster,162,Delhi,28.7409,77.0475,16.9,5.2,Natural,Flash Flood,68,Sudden flooding due to heavy rainfall overwhelming drainage systems.,False
2023-10-09,Disaster,62,Leh,34.0226,77.4571,29.8,4.2,Natural,Avalanche,31,Snow avalanche in mountainous regions blocking roads and causing casualties.,False
2023-10-09,Medical,155,Chennai,13.1167,80.2807,8.9,6.1,Healthcare,Encephalitis Cluster,57,"Cluster of encephalitis cases reported, primarily affecting children in the region.",False
2023-10-09,Disaster,113,Imphal,24.7792,94.1245,24.6,6.8,Natural,Cyclone,85,Tropical cyclone making landfall with strong winds and heavy rainfall causing widespread damage.,False
2023-10-09,Medical,41,Odisha,20.3712,84.5858,14.1,4.2,Healthcare,Measles Outbreak,30,Measles outbreak reported in communities with low vaccination coverage.,False
2023-10-09,Fire,38,Dehradun,30.1539,78.0886,15.2,8.3,Catastrophic,Factory Explosion,93,Explosion at manufacturing facility causing casualties and structural damage.,True
2023-10-10,Fire,25,Lucknow,26.804,81.1278,15.9,9.7,Catastrophic,Chemical Spill,35,Hazardous chemical spill affecting surrounding areas and water bodies.,True
2023-10-10,Disaster,229,Mumbai,19.17,72.7354,15.3,6.6,Natural,Heavy Rainfall,83,Unusually heavy rainfall causing urban flooding and infrastructure damage.,True
2023-10-10,Disaster,88,Guwahati,25.951,91.7141,21.6,5.6,Natural,Cold Wave,129,Severe cold conditions affecting normal life and causing health emergencies.,False
2023-10-10,Fire,20,Dehradun,30.1381,77.9282,15.1,7.6,Catastrophic,Market Fire,68,Major fire in crowded market area causing property damage and business disruption.,False
2023-10-10,Disaster,91,Raipur,21.3842,81.6347,27.1,7.7,Natural,Thunderstorm,44,Severe thunderstorm with lightning causing damages and injuries.,False
2023-10-11,Medical,67,Udaipur,24.4313,73.7352,16.9,3.6,Healthcare,Food Poisoning Incident,95,Mass food poisoning incident requiring emergency medical response.,False
2023-10-11,Disaster,53,Pune,18.5772,73.9402,15.3,8.1,Natural,Cloudburst,143,Extremely heavy rainfall in a short period causing flash flooding in mountainous areas.,True
2023-10-11,Medical,45,Jaipur,27.1122,75.9734,13.3,5.5,Healthcare,Influenza Outbreak,142,Seasonal influenza outbreak with higher than normal hospitalization rates.,False
2023-10-11,Disaster,72,Udaipur,24.6198,73.8159,29.5,7.3,Natural,Thunderstorm,100,Severe thunderstorm with lightning causing damages and injuries.,False
2023-10-11,Disaster,64,Shimla,31.1474,77.026,29.5,6.2,Natural,Heatwave,136,Prolonged period of extremely high temperatures affecting vulnerable populations.,False
2023-10-11,Medical,57,Hyderabad,17.3395,78.5586,10.9,2.8,Healthcare,Dengue Outbreak,30,"Surge in dengue fever cases following monsoon rains, straining local healthcare facilities.",False
2023-10-11,Police,38,Mysore,12.1656,76.5386,11.9,6.0,Catastrophic,Industrial Accident,41,Accident at industrial facility causing multiple injuries and damage.,False
2023-10-12,Medical,72,Vadodara,22.2749,73.3355,15.1,6.9,Healthcare,Influenza Outbreak,14,Seasonal influenza outbreak with higher than normal hospitalization rates.,False
2023-10-12,Disaster,95,Agra,27.1485,78.1245,23.0,5.9,Natural,Heavy Rainfall,43,Unusually heavy rainfall causing urban flooding and infrastructure damage.,False
2023-10-13,Medical,79,Bhubaneswar,20.3118,85.9229,14.2,3.8,Healthcare,Malaria Surge,134,"Increased malaria cases reported in rural areas, requiring medical intervention.",False
2023-10-13,Disaster,89,Lucknow,26.8339,81.0286,18.1,8.2,Natural,Cold Wave,65,Severe cold conditions affecting normal life and causing health emergencies.,True
2023-10-13,Medical,72,Kohima,25.5938,94.1806,11.6,3.1,Healthcare,Heatstroke Wave,78,"Multiple cases of heatstroke amid extreme temperatures, affecting vulnerable populations.",False
2023-10-13,Medical,54,Dehradun,30.2679,78.0864,11.4,6.4,Healthcare,Influenza Outbreak,14,Seasonal influenza outbreak with higher than normal hospitalization rates.,False
2023-10-13,Medical,64,Surat,21.0607,72.6799,12.1,3.5,Healthcare,Dengue Outbreak,9,"Surge in dengue fever cases following monsoon rains, straining local healthcare facilities.",False
2023-10-14,Fire,25,Agra,27.252,78.0739,14.8,6.0,Catastrophic,Structural Failure,6,Critical structural failure in public infrastructure requiring evacuation.,False
2023-10-14,Disaster,99,Patna,25.5663,85.2279,23.9,8.9,Catastrophic,Road Collapse,45,Major road collapse due to structural failure or subsidence.,True
2023-10-14,Medical,71,Gangtok,27.2276,88.8,11.7,2.6,Healthcare,Dengue Outbreak,58,"Surge in dengue fever cases following monsoon rains, straining local healthcare facilities.",False
2023-10-14,Fire,16,Coimbatore,10.837,76.8266,17.2,7.6,Catastrophic,Industrial Fire,77,Major fire at industrial facility requiring evacuation and specialized response.,False
2023-10-14,Disaster,369,Delhi,28.6881,77.0229,21.5,6.4,Natural,Earthquake,146,Seismic activity causing structural damage and disruption.,True
2023-10-14,Disaster,348,Hyderabad,17.3341,78.6018,15.5,6.2,Natural,Earthquake,31,Seismic activity causing structural damage and disruption.,True
2023-10-15,Medical,42,Visakhapatnam,17.8771,83.3881,11.9,5.4,Healthcare,Encephalitis Cluster,15,"Cluster of encephalitis cases reported, primarily affecting children in the region.",False
2023-10-15,Medical,193,Kohima,25.6177,93.978,10.8,3.1,Healthcare,COVID-19 Cluster,111,Local outbreak of COVID-19 cases requiring medical response and containment measures.,False
2023-10-15,Disaster,60,Visakhapatnam,17.7756,83.3317,35.1,4.9,Natural,Thunderstorm,82,Severe thunderstorm with lightning causing damages and injuries.,False
2023-10-15,Disaster,61,Shimla,31.0759,77.0424,29.8,9.5,Natural,Landslide,81,Landslide triggered by heavy rainfall blocking roads and damaging structures.,True
2023-10-15,Disaster,63,Vadodara,22.2291,73.3607,26.4,4.6,Natural,Dust Storm,81,Severe dust storm reducing visibility and causing respiratory issues.,False
2023-10-15,Medical,68,Bhubaneswar,20.3134,85.6926,10.2,2.5,Healthcare,Influenza Outbreak,89,Seasonal influenza outbreak with higher than normal hospitalization rates.,False
2023-10-15,Medical,64,Mangalore,12.8349,74.9224,15.2,9.0,Catastrophic,Structural Failure,147,Critical structural failure in public infrastructure requiring evacuation.,True
2023-10-15,Fire,28,Kohima,25.8057,94.1508,15.7,8.6,Catastrophic,Market Fire,121,Major fire in crowded market area causing property damage and business disruption.,True
2023-10-15,Medical,57,Indore,22.5741,76.0356,13.9,8.1,Catastrophic,Dam Breach,58,Partial breach of dam structure causing downstream flooding concerns.,True
2023-10-16,Fire,18,Guwahati,26.2741,91.7652,14.1,6.7,Catastrophic,Factory Explosion,118,Explosion at manufacturing facility causing casualties and structural damage.,False
2023-10-16,Disaster,49,Pune,18.4482,73.9199,23.0,5.0,Natural,Heatwave,100,Prolonged period of extremely high temperatures affecting vulnerable populations.,False
2023-10-16,Medical,45,Agra,27.3483,78.1692,15.6,2.8,Healthcare,Encephalitis Cluster,143,"Cluster of encephalitis cases reported, primarily affecting children in the region.",False
2023-10-16,Disaster,42,Mangalore,12.8142,74.6966,31.7,5.1,Natural,Flash Flood,41,Sudden flooding due to heavy rainfall overwhelming drainage systems.,False
2023-10-16,Medical,37,Nagpur,21.1146,79.224,13.4,2.7,Healthcare,Encephalitis Cluster,126,"Cluster of encephalitis cases reported, primarily affecting children in the region.",False
2023-10-16,Medical,70,Chandigarh,30.8569,76.8174,11.9,2.1,Healthcare,Swine Flu Cluster,17,H1N1 influenza cases detected requiring enhanced surveillance and medical response.,False
2023-10-16,Disaster,81,Bengaluru,13.0741,77.715,22.7,7.3,Natural,Heavy Rainfall,91,Unusually heavy rainfall causing urban flooding and infrastructure damage.,False
2023-10-17,Fire,10,Goa,15.3267,73.9826,14.5,6.1,Catastrophic,Market Fire,25,Major fire in crowded market area causing property damage and business disruption.,False
2023-10-17,Medical,69,Imphal,24.7787,94.0359,12.1,4.3,Healthcare,Gastroenteritis Outbreak,141,"Outbreak of gastroenteritis affecting multiple communities, likely from contaminated water.",False
2023-10-17,Disaster,46,Guwahati,26.1604,91.8558,22.5,9.3,Natural,Landslide,64,Landslide triggered by heavy rainfall blocking roads and damaging structures.,True
2023-10-17,Medical,80,Lucknow,26.7306,80.769,12.7,3.9,Healthcare,Gastroenteritis Outbreak,57,"Outbreak of gastroenteritis affecting multiple communities, likely from contaminated water.",False
2023-10-17,Medical,71,Leh,33.9535,77.7645,13.5,6.0,Healthcare,Cholera Outbreak,127,Waterborne cholera outbreak in affected areas following contamination of water sources.,False
2023-10-17,Disaster,93,Indore,22.6442,75.7928,24.8,5.4,Natural,Coastal Erosion,26,Accelerated coastal erosion threatening coastal communities and infrastructure.,False
2023-10-17,Disaster,79,Pune,18.5963,73.8234,21.5,4.1,Natural,Flash Flood,101,Sudden flooding due to heavy rainfall overwhelming drainage systems.,False
2023-10-17,Medical,71,Aizawl,23.8219,92.545,16.5,4.6,Healthcare,Cholera Outbreak,66,Waterborne cholera outbreak in affected areas following contamination of water sources.,False
2023-10-17,Police,97,Delhi,28.5901,77.3447,8.2,9.3,Catastrophic,Chemical Spill,35,Hazardous chemical spill affecting surrounding areas and water bodies.,True
2023-10-18,Fire,22,Guwahati,26.042,91.5998,14.3,5.3,Natural,Forest Fire,135,Wildfire spreading through forest areas threatening nearby settlements.,False
2023-10-18,Disaster,134,Mumbai,19.2753,72.9052,21.2,9.2,Catastrophic,Bridge Collapse,48,Collapse of bridge structure affecting transportation and causing casualties.,True
2023-10-18,Disaster,71,Coimbatore,10.8548,76.8121,26.1,8.5,Natural,Landslide,111,Landslide triggered by heavy rainfall blocking roads and damaging structures.,True
2023-10-18,Disaster,93,Ranchi,23.4015,85.3896,21.6,5.4,Natural,Landslide,73,Landslide triggered by heavy rainfall blocking roads and damaging structures.,False
2023-10-18,Police,23,Shimla,31.289,76.9748,12.4,9.4,Catastrophic,Bridge Collapse,42,Collapse of bridge structure affecting transportation and causing casualties.,True
2023-10-18,Disaster,75,Dehradun,30.1787,77.8827,19.6,6.8,Natural,Heatwave,144,Prolonged period of extremely high temperatures affecting vulnerable populations.,False
2023-10-19,Medical,39,Mysore,12.4504,76.4449,15.6,3.9,Healthcare,Influenza Outbreak,93,Seasonal influenza outbreak with higher than normal hospitalization rates.,False
2023-10-19,Disaster,69,Kochi,9.7314,76.1123,20.5,7.3,Natural,Cold Wave,109,Severe cold conditions affecting normal life and causing health emergencies.,False
2023-10-19,Disaster,93,Shillong,25.5935,92.0495,30.1,7.2,Catastrophic,Power Plant Failure,115,Critical failure at power generation facility affecting power supply.,False
2023-10-20,Medical,66,Imphal,24.9789,93.8434,11.5,2.7,Healthcare,Gastroenteritis Outbreak,99,"Outbreak of gastroenteritis affecting multiple communities, likely from contaminated water.",False
2023-10-20,Disaster,81,Dehradun,30.1283,78.2312,20.9,4.5,Natural,Coastal Flooding,144,Coastal areas inundated due to high tides and storm surge.,False
2023-10-20,Fire,22,Goa,15.3888,74.0132,17.1,6.7,Catastrophic,Stadium Stampede,15,Crowd control incident at stadium leading to injuries.,False
2023-10-21,Police,22,Ahmedabad,22.9253,72.5234,9.3,8.3,Catastrophic,Construction Site Accident,30,Accident at major construction site requiring emergency response.,True
2023-10-21,Fire,18,Nagpur,21.0642,78.9154,13.7,6.5,Catastrophic,Refinery Fire,147,Fire at oil refinery requiring specialized firefighting and evacuation.,False
2023-10-21,Disaster,80,Varanasi,25.393,82.911,30.1,9.4,Natural,Dust Storm,87,Severe dust storm reducing visibility and causing respiratory issues.,True
2023-10-21,Disaster,115,Mumbai,19.1912,72.9432,21.1,8.2,Natural,River Overflow,84,River exceeding danger levels and breaching banks causing flooding.,True
2023-10-21,Medical,56,Vijayawada,16.6758,80.7631,12.2,5.4,Healthcare,Malaria Surge,5,"Increased malaria cases reported in rural areas, requiring medical intervention.",False
2023-10-21,Fire,30,Goa,15.4092,74.311,18.6,7.8,Catastrophic,Dam Breach,21,Partial breach of dam structure causing downstream flooding concerns.,False
2023-10-21,Medical,77,Patna,25.7288,85.2618,12.9,6.7,Healthcare,Measles Outbreak,86,Measles outbreak reported in communities with low vaccination coverage.,False
2023-10-21,Disaster,64,Imphal,24.8266,93.8081,34.0,8.1,Natural,Flash Flood,141,Sudden flooding due to heavy rainfall overwhelming drainage systems.,True
2023-10-21,Police,37,Patna,25.6092,85.2947,10.6,8.9,Catastrophic,Power Plant Failure,135,Critical failure at power generation facility affecting power supply.,True
2023-10-21,Disaster,82,Aizawl,23.583,92.7141,23.9,5.3,Natural,Heavy Rainfall,6,Unusually heavy rainfall causing urban flooding and infrastructure damage.,False
2023-10-21,Medical,108,Kolkata,22.748,88.3555,11.4,6.3,Catastrophic,Train Derailment,104,Passenger train derailment incident requiring emergency response.,False
2023-10-21,Disaster,59,Kochi,9.7356,76.186,20.3,9.1,Catastrophic,Industrial Accident,84,Accident at industrial facility causing multiple injuries and damage.,True
2023-10-21,Disaster,85,Vadodara,22.4791,73.0192,32.1,6.0,Natural,Coastal Erosion,137,Accelerated coastal erosion threatening coastal communities and infrastructure.,False
2023-10-22,Medical,61,Agartala,23.854,91.4604,13.1,4.6,Healthcare,Heatstroke Wave,47,"Multiple cases of heatstroke amid extreme temperatures, affecting vulnerable populations.",False
2023-10-22,Police,47,Mangalore,12.845,74.8262,10.4,6.6,Catastrophic,Dam Breach,124,Partial breach of dam structure causing downstream flooding concerns.,False
2023-10-22,Disaster,60,Indore,22.8784,75.9605,25.9,4.8,Natural,Avalanche,63,Snow avalanche in mountainous regions blocking roads and causing casualties.,False
2023-10-22,Medical,57,Vijayawada,16.6594,80.6278,14.8,5.7,Healthcare,Cholera Outbreak,148,Waterborne cholera outbreak in affected areas following contamination of water sources.,False
2023-10-22,Fire,20,Gwalior,26.4176,78.2329,14.1,7.0,Catastrophic,Chemical Spill,12,Hazardous chemical spill affecting surrounding areas and water bodies.,False
2023-10-22,Disaster,78,Bhopal,23.097,77.2388,22.8,7.1,Natural,Cold Wave,105,Severe cold conditions affecting normal life and causing health emergencies.,False
2023-10-22,Fire,27,Nagpur,21.2254,78.9618,14.8,7.5,Catastrophic,Structural Failure,16,Critical structural failure in public infrastructure requiring evacuation.,False
2023-10-22,Medical,51,Imphal,25.002,93.9791,16.2,4.4,Healthcare,Cholera Outbreak,149,Waterborne cholera outbreak in affected areas following contamination of water sources.,False
2023-10-23,Medical,112,Kohima,25.7034,94.2496,13.0,3.8,Healthcare,COVID-19 Cluster,30,Local outbreak of COVID-19 cases requiring medical response and containment measures.,False
2023-10-23,Medical,60,Vijayawada,16.4843,80.5703,9.8,2.9,Healthcare,Cholera Outbreak,49,Waterborne cholera outbreak in affected areas following contamination of water sources.,False
2023-10-23,Medical,51,Patna,25.7817,85.232,10.1,4.0,Healthcare,Dengue Outbreak,71,"Surge in dengue fever cases following monsoon rains, straining local healthcare facilities.",False
2023-10-23,Medical,68,Udaipur,24.7421,73.8437,10.4,6.6,Healthcare,Mumps Cases,8,Multiple mumps cases reported in schools and communities.,False
2023-10-23,Disaster,98,Srinagar,34.0781,74.5991,26.0,7.7,Natural,Thunderstorm,135,Severe thunderstorm with lightning causing damages and injuries.,False
2023-10-23,Medical,40,Coimbatore,10.8678,77.1428,11.2,9.0,Catastrophic,Power Plant Failure,123,Critical failure at power generation facility affecting power supply.,True
2023-10-23,Disaster,244,Bhopal,23.123,77.5484,20.7,6.1,Natural,Earthquake,12,Seismic activity causing structural damage and disruption.,True
2023-10-24,Disaster,92,Patna,25.7127,85.1703,26.3,7.7,Catastrophic,Road Collapse,23,Major road collapse due to structural failure or subsidence.,False
2023-10-24,Fire,20,Goa,15.2913,74.232,16.3,7.9,Catastrophic,Industrial Fire,93,Major fire at industrial facility requiring evacuation and specialized response.,False
2023-10-24,Fire,14,Amritsar,31.7306,74.7227,16.4,9.1,Catastrophic,Factory Explosion,49,Explosion at manufacturing facility causing casualties and structural damage.,True
2023-10-24,Police,47,Pune,18.4498,73.6731,9.1,8.4,Catastrophic,Industrial Accident,104,Accident at industrial facility causing multiple injuries and damage.,True
2023-10-24,Medical,53,Surat,21.3123,72.7932,10.1,5.5,Healthcare,Gastroenteritis Outbreak,128,"Outbreak of gastroenteritis affecting multiple communities, likely from contaminated water.",False
2023-10-24,Disaster,48,Ranchi,23.1622,85.3223,20.6,4.9,Natural,Heavy Rainfall,126,Unusually heavy rainfall causing urban flooding and infrastructure damage.,False
2023-10-24,Fire,20,Guwahati,26.2971,91.8018,15.1,7.7,Catastrophic,Market Fire,94,Major fire in crowded market area causing property damage and business disruption.,False
2023-10-24,Police,24,Dehradun,30.2817,77.971,10.6,7.0,Catastrophic,Road Collapse,134,Major road collapse due to structural failure or subsidence.,False
2023-10-24,Disaster,78,Guwahati,26.1295,91.8405,29.0,6.5,Catastrophic,Industrial Accident,47,Accident at industrial facility causing multiple injuries and damage.,False
2023-10-24,Medical,69,Chandigarh,30.691,76.7698,13.2,6.0,Healthcare,Heatstroke Wave,97,"Multiple cases of heatstroke amid extreme temperatures, affecting vulnerable populations.",False
2023-10-25,Medical,51,Agra,27.261,78.0018,14.3,5.4,Healthcare,Food Poisoning Incident,82,Mass food poisoning incident requiring emergency medical response.,False
2023-10-25,Disaster,49,Jodhpur,26.2971,73.0611,21.0,7.7,Natural,Coastal Erosion,38,Accelerated coastal erosion threatening coastal communities and infrastructure.,False
2023-10-25,Disaster,53,Jodhpur,26.102,72.982,27.0,6.4,Catastrophic,Stadium Stampede,124,Crowd control incident at stadium leading to injuries.,False
2023-10-25,Disaster,95,Amritsar,31.8178,74.9443,29.5,9.1,Natural,Thunderstorm,50,Severe thunderstorm with lightning causing damages and injuries.,True
2023-10-25,Fire,34,Bhubaneswar,20.3558,85.8333,15.6,8.9,Catastrophic,Industrial Fire,141,Major fire at industrial facility requiring evacuation and specialized response.,True
2023-10-25,Medical,52,Udaipur,24.7476,73.7721,16.8,3.8,Healthcare,Mumps Cases,65,Multiple mumps cases reported in schools and communities.,False
2023-10-26,Disaster,86,Gwalior,26.2632,78.2554,27.9,5.0,Natural,Cloudburst,108,Extremely heavy rainfall in a short period causing flash flooding in mountainous areas.,False
2023-10-26,Medical,74,Aizawl,23.8589,92.5729,14.9,3.8,Healthcare,Swine Flu Cluster,43,H1N1 influenza cases detected requiring enhanced surveillance and medical response.,False
2023-10-26,Disaster,90,Shillong,25.7346,91.7868,25.9,6.9,Natural,Heatwave,120,Prolonged period of extremely high temperatures affecting vulnerable populations.,False
2023-10-26,Medical,75,Gwalior,26.0976,78.1328,10.9,2.2,Healthcare,Swine Flu Cluster,84,H1N1 influenza cases detected requiring enhanced surveillance and medical response.,False
2023-10-26,Disaster,97,Varanasi,25.3671,82.7919,21.8,5.6,Natural,Cold Wave,96,Severe cold conditions affecting normal life and causing health emergencies.,False
2023-10-26,Disaster,68,Leh,34.2511,77.4221,26.9,8.5,Natural,Landslide,122,Landslide triggered by heavy rainfall blocking roads and damaging structures.,True
2023-10-26,Disaster,48,Guwahati,26.2136,91.9078,24.8,4.8,Natural,Heavy Rainfall,106,Unusually heavy rainfall causing urban flooding and infrastructure damage.,False
2023-10-26,Medical,69,Ahmedabad,22.8851,72.5233,10.9,5.7,Healthcare,Measles Outbreak,107,Measles outbreak reported in communities with low vaccination coverage.,False
2023-10-26,Medical,33,Ranchi,23.3754,85.4398,14.3,2.6,Healthcare,Dengue Outbreak,90,"Surge in dengue fever cases following monsoon rains, straining local healthcare facilities.",False
2023-10-26,Disaster,100,Bhubaneswar,20.2023,85.7162,28.4,5.3,Natural,Lightning Strike Incident,60,Multiple lightning strikes causing casualties and property damage.,False
2023-10-26,Medical,56,Coimbatore,11.0483,76.8953,14.8,4.4,Healthcare,Measles Outbreak,85,Measles outbreak reported in communities with low vaccination coverage.,False
2023-10-26,Fire,36,Guwahati,26.1838,91.8814,19.6,9.1,Catastrophic,Industrial Fire,10,Major fire at industrial facility requiring evacuation and specialized response.,True
2023-10-26,Fire,28,Dehradun,30.1771,78.0413,12.5,6.3,Catastrophic,Industrial Fire,77,Major fire at industrial facility requiring evacuation and specialized response.,False
2023-10-27,Medical,70,Shimla,31.0939,77.033,12.0,7.4,Catastrophic,Power Plant Failure,11,Critical failure at power generation facility affecting power supply.,False
2023-10-27,Fire,37,Lucknow,26.8343,81.0848,18.5,6.6,Catastrophic,Dam Breach,7,Partial breach of dam structure causing downstream flooding concerns.,False
2023-10-27,Medical,74,Coimbatore,10.8461,76.9759,12.3,4.2,Healthcare,Leptospirosis Cases,34,Post-flood leptospirosis cases reported in affected areas.,False
2023-10-27,Disaster,176,Lucknow,26.8704,80.8366,24.5,5.9,Natural,Earthquake,6,Seismic activity causing structural damage and disruption.,False
2023-10-27,Disaster,84,Visakhapatnam,17.5759,83.3605,22.4,8.4,Natural,River Overflow,65,River exceeding danger levels and breaching banks causing flooding.,True
2023-10-27,Disaster,64,Varanasi,25.2708,82.9822,31.0,8.3,Catastrophic,Road Collapse,110,Major road collapse due to structural failure or subsidence.,True
2023-10-28,Medical,42,Goa,15.1175,74.0639,13.7,4.1,Healthcare,Swine Flu Cluster,79,H1N1 influenza cases detected requiring enhanced surveillance and medical response.,False
2023-10-28,Medical,77,Coimbatore,10.897,76.9558,16.7,4.4,Healthcare,Food Poisoning Incident,7,Mass food poisoning incident requiring emergency medical response.,False
2023-10-28,Fire,20,Guwahati,26.0503,91.9314,17.4,7.0,Catastrophic,Refinery Fire,23,Fire at oil refinery requiring specialized firefighting and evacuation.,False
2023-10-28,Medical,80,Allahabad,25.4548,81.6944,14.6,9.3,Catastrophic,Power Plant Failure,96,Critical failure at power generation facility affecting power supply.,True
2023-10-28,Fire,36,Mangalore,12.8832,74.7486,15.7,7.0,Catastrophic,Market Fire,20,Major fire in crowded market area causing property damage and business disruption.,False
2023-10-28,Disaster,62,Agra,27.325,78.2013,21.6,6.7,Natural,Cloudburst,120,Extremely heavy rainfall in a short period causing flash flooding in mountainous areas.,False
2023-10-28,Disaster,77,Mysore,12.1344,76.4819,22.5,6.6,Catastrophic,Construction Site Accident,38,Accident at major construction site requiring emergency response.,False
2023-10-28,Medical,43,Imphal,24.7173,94.0257,12.0,4.2,Healthcare,Hepatitis Outbreak,70,Outbreak of hepatitis cases linked to contaminated water sources.,False
2023-10-28,Disaster,45,Goa,15.111,74.2018,27.7,6.3,Catastrophic,Chemical Spill,69,Hazardous chemical spill affecting surrounding areas and water bodies.,False
2023-10-28,Disaster,235,Jodhpur,26.2795,72.9988,28.7,7.4,Natural,Earthquake,140,Seismic activity causing structural damage and disruption.,True
2023-10-28,Police,42,Indore,22.558,76.0541,13.1,7.6,Catastrophic,Industrial Accident,58,Accident at industrial facility causing multiple injuries and damage.,False
2023-10-29,Fire,80,Mumbai,19.2621,72.8277,11.3,7.5,Catastrophic,Factory Explosion,86,Explosion at manufacturing facility causing casualties and structural damage.,False
2023-10-29,Fire,26,Pune,18.5077,73.8933,11.2,7.1,Catastrophic,Stadium Stampede,141,Crowd control incident at stadium leading to injuries.,False
2023-10-29,Disaster,67,Indore,22.5263,75.7917,32.0,8.2,Natural,Heavy Rainfall,99,Unusually heavy rainfall causing urban flooding and infrastructure damage.,True
2023-10-29,Fire,28,Imphal,24.6192,93.873,19.8,7.8,Catastrophic,Market Fire,17,Major fire in crowded market area causing property damage and business disruption.,False
2023-10-29,Fire,35,Agartala,23.8306,91.4721,14.3,9.2,Natural,Forest Fire,117,Wildfire spreading through forest areas threatening nearby settlements.,True
2023-10-29,Disaster,47,Srinagar,33.999,74.8862,27.2,6.0,Natural,Dust Storm,59,Severe dust storm reducing visibility and causing respiratory issues.,False
2023-10-29,Disaster,77,Varanasi,25.358,82.9446,28.4,4.2,Natural,Cold Wave,133,Severe cold conditions affecting normal life and causing health emergencies.,False
2023-10-30,Police,56,Ahmedabad,23.1257,72.718,9.4,7.7,Catastrophic,Train Derailment,137,Passenger train derailment incident requiring emergency response.,False
2023-10-30,Medical,52,Agra,27.3739,78.1245,15.2,2.7,Healthcare,Encephalitis Cluster,150,"Cluster of encephalitis cases reported, primarily affecting children in the region.",False
2023-10-30,Fire,38,Srinagar,34.0739,74.7611,15.1,9.3,Natural,Forest Fire,87,Wildfire spreading through forest areas threatening nearby settlements.,True
2023-10-30,Medical,54,Udaipur,24.4572,73.5632,16.9,3.4,Healthcare,Measles Outbreak,97,Measles outbreak reported in communities with low vaccination coverage.,False
2023-10-30,Police,31,Visakhapatnam,17.8445,83.2563,10.8,9.7,Catastrophic,Building Collapse,117,Multi-story building collapse trapping residents and causing casualties.,True
2023-10-30,Fire,34,Imphal,24.7879,93.8403,15.5,6.9,Catastrophic,Market Fire,121,Major fire in crowded market area causing property damage and business disruption.,False
2023-10-30,Disaster,47,Varanasi,25.3479,82.9262,23.4,5.1,Natural,Lightning Strike Incident,72,Multiple lightning strikes causing casualties and property damage.,False
2023-10-30,Medical,245,Agra,27.1442,77.8233,12.5,6.3,Healthcare,COVID-19 Cluster,105,Local outbreak of COVID-19 cases requiring medical response and containment measures.,True
2023-10-30,Police,55,Gangtok,27.4171,88.4484,9.6,6.8,Catastrophic,Road Collapse,88,Major road collapse due to structural failure or subsidence.,False
2023-10-30,Disaster,90,Vadodara,22.2589,73.0644,21.8,9.1,Catastrophic,Tunnel Collapse,127,Collapse in tunnel structure trapping vehicles and people.,True
2023-10-30,Medical,52,Odisha,20.4037,84.526,10.1,3.7,Healthcare,Measles Outbreak,38,Measles outbreak reported in communities with low vaccination coverage.,False
2023-10-30,Medical,73,Kohima,25.7346,93.9673,15.0,3.9,Healthcare,Gastroenteritis Outbreak,54,"Outbreak of gastroenteritis affecting multiple communities, likely from contaminated water.",False
2023-10-31,Police,47,Srinagar,33.9975,74.7269,13.9,8.5,Catastrophic,Road Collapse,99,Major road collapse due to structural failure or subsidence.,True
2023-10-31,Medical,74,Vijayawada,16.4933,80.5453,16.8,6.0,Healthcare,Encephalitis Cluster,121,"Cluster of encephalitis cases reported, primarily affecting children in the region.",False
2023-10-31,Medical,80,Udaipur,24.7122,73.7968,13.0,4.0,Healthcare,Malaria Surge,92,"Increased malaria cases reported in rural areas, requiring medical intervention.",False
2023-10-31,Disaster,100,Bhopal,23.2808,77.4546,29.9,9.6,Catastrophic,Road Collapse,20,Major road collapse due to structural failure or subsidence.,True
2023-11-01,Disaster,41,Bhopal,23.2504,77.3286,23.8,8.1,Catastrophic,Mine Collapse,36,Collapse in mining operation trapping workers underground.,True
2023-11-01,Police,32,Coimbatore,10.8993,76.9545,12.9,8.7,Catastrophic,Tunnel Collapse,63,Collapse in tunnel structure trapping vehicles and people.,True
2023-11-01,Disaster,73,Raipur,21.3363,81.6446,22.5,6.2,Natural,Drought,188,Prolonged dry period affecting agriculture and water availability.,False
2023-11-01,Disaster,79,Amritsar,31.6919,74.8468,21.7,6.0,Natural,Fog-Related Accidents,48,Fog-Related Accidents requiring emergency response.,False
2023-11-01,Disaster,109,Mumbai,19.086,73.0243,18.2,4.1,Natural,Landslide,116,Landslide triggered by heavy rainfall blocking roads and damaging structures.,False
2023-11-01,Disaster,55,Lucknow,26.8617,80.7503,29.8,4.3,Natural,Cold Wave,71,Severe cold conditions affecting normal life and causing health emergencies.,False
2023-11-02,Medical,107,Mumbai,19.0545,72.9519,10.0,7.0,Healthcare,Gastroenteritis Outbreak,10,"Outbreak of gastroenteritis affecting multiple communities, likely from contaminated water.",False
2023-11-02,Disaster,149,Bengaluru,12.8912,77.5049,25.0,6.6,Natural,Lightning Strike Incident,20,Multiple lightning strikes causing casualties and property damage.,False
2023-11-02,Disaster,61,Srinagar,34.2527,74.6929,22.7,6.9,Natural,Avalanche,29,Snow avalanche in mountainous regions blocking roads and causing casualties.,False
2023-11-02,Medical,86,Bengaluru,12.9626,77.5995,9.6,5.0,Healthcare,Gastroenteritis Outbreak,146,"Outbreak of gastroenteritis affecting multiple communities, likely from contaminated water.",False
2023-11-02,Disaster,43,Lucknow,27.0097,80.8476,24.7,7.1,Natural,Fog-Related Accidents,94,Fog-Related Accidents requiring emergency response.,False
2023-11-03,Disaster,51,Agartala,23.8507,91.0874,19.9,6.8,Catastrophic,Construction Site Accident,113,Accident at major construction site requiring emergency response.,False
2023-11-03,Disaster,84,Varanasi,25.2779,82.8277,21.8,7.2,Natural,Cold Wave,106,Severe cold conditions affecting normal life and causing health emergencies.,False
2023-11-03,Medical,63,Odisha,20.5726,84.6327,12.6,8.8,Catastrophic,Dam Breach,33,Partial breach of dam structure causing downstream flooding concerns.,True
2023-11-03,Disaster,84,Patna,25.7161,85.17,23.0,7.1,Natural,Cold Wave,99,Severe cold conditions affecting normal life and causing health emergencies.,False
2023-11-03,Medical,30,Mysore,12.4548,76.5814,12.3,3.9,Healthcare,Measles Outbreak,72,Measles outbreak reported in communities with low vaccination coverage.,False
2023-11-03,Disaster,49,Shillong,25.5241,91.8047,29.2,9.2,Natural,Fog-Related Accidents,13,Fog-Related Accidents requiring emergency response.,True
2023-11-03,Medical,58,Aizawl,23.6486,92.7653,15.3,3.9,Healthcare,Dengue Outbreak,69,"Surge in dengue fever cases following monsoon rains, straining local healthcare facilities.",False
2023-11-03,Disaster,51,Allahabad,25.4691,81.7889,25.2,8.0,Natural,Fog-Related Accidents,118,Fog-Related Accidents requiring emergency response.,False
2023-11-03,Medical,32,Shimla,31.0297,77.2354,11.9,5.5,Healthcare,Influenza Outbreak,31,Seasonal influenza outbreak with higher than normal hospitalization rates.,False
2023-11-04,Disaster,74,Mysore,12.1761,76.6244,34.5,4.3,Natural,Heavy Rainfall,124,Unusually heavy rainfall causing urban flooding and infrastructure damage.,False
2023-11-04,Medical,185,Amritsar,31.7592,75.0193,15.2,6.0,Healthcare,COVID-19 Cluster,55,Local outbreak of COVID-19 cases requiring medical response and containment measures.,False
2023-11-04,Medical,55,Dehradun,30.3287,78.0941,15.1,5.7,Healthcare,Influenza Outbreak,46,Seasonal influenza outbreak with higher than normal hospitalization rates.,False
2023-11-04,Medical,51,Ranchi,23.4609,85.4548,11.8,3.5,Healthcare,Swine Flu Cluster,99,H1N1 influenza cases detected requiring enhanced surveillance and medical response.,False
2023-11-04,Disaster,87,Patna,25.6566,85.1154,31.2,4.7,Natural,Fog-Related Accidents,86,Fog-Related Accidents requiring emergency response.,False
2023-11-04,Disaster,41,Jaipur,27.0511,75.6152,21.5,5.8,Natural,Cold Wave,67,Severe cold conditions affecting normal life and causing health emergencies.,False
2023-11-04,Medical,73,Indore,22.7827,75.9554,10.8,4.0,Healthcare,Dengue Outbreak,71,"Surge in dengue fever cases following monsoon rains, straining local healthcare facilities.",False
2023-11-04,Disaster,98,Raipur,21.201,81.4677,23.7,9.5,Natural,Flash Flood,63,Sudden flooding due to heavy rainfall overwhelming drainage systems.,True
2023-11-04,Disaster,59,Odisha,20.4838,84.3471,22.3,5.5,Natural,Flash Flood,8,Sudden flooding due to heavy rainfall overwhelming drainage systems.,False
2023-11-04,Police,42,Mangalore,12.7838,74.9692,11.2,8.9,Catastrophic,Mine Collapse,62,Collapse in mining operation trapping workers underground.,True
2023-11-05,Fire,24,Vijayawada,16.581,80.6267,15.6,8.7,Catastrophic,Refinery Fire,90,Fire at oil refinery requiring specialized firefighting and evacuation.,True
2023-11-05,Medical,67,Kochi,9.87,76.202,14.2,2.2,Healthcare,Influenza Outbreak,125,Seasonal influenza outbreak with higher than normal hospitalization rates.,False
2023-11-06,Fire,29,Indore,22.7594,75.8846,15.2,7.7,Catastrophic,Refinery Fire,22,Fire at oil refinery requiring specialized firefighting and evacuation.,False
2023-11-06,Disaster,91,Pune,18.4506,73.9064,19.3,8.1,Natural,Avalanche,134,Snow avalanche in mountainous regions blocking roads and causing casualties.,True
2023-11-06,Medical,76,Aizawl,23.9024,92.7294,13.3,5.1,Healthcare,Malaria Surge,31,"Increased malaria cases reported in rural areas, requiring medical intervention.",False
2023-11-06,Police,31,Pune,18.6261,73.9988,8.5,9.3,Catastrophic,Bridge Collapse,76,Collapse of bridge structure affecting transportation and causing casualties.,True
2023-11-06,Medical,78,Kohima,25.6159,93.9618,11.4,2.3,Healthcare,Influenza Outbreak,114,Seasonal influenza outbreak with higher than normal hospitalization rates.,False
2023-11-06,Medical,73,Imphal,24.7172,93.9097,15.9,2.7,Healthcare,Heatstroke Wave,98,"Multiple cases of heatstroke amid extreme temperatures, affecting vulnerable populations.",False
2023-11-06,Medical,46,Nagpur,21.134,79.0046,10.5,3.9,Healthcare,Food Poisoning Incident,61,Mass food poisoning incident requiring emergency medical response.,False
2023-11-07,Medical,70,Shimla,31.0223,77.1617,16.4,4.8,Healthcare,Influenza Outbreak,141,Seasonal influenza outbreak with higher than normal hospitalization rates.,False
2023-11-07,Medical,52,Ahmedabad,23.1138,72.6916,11.5,2.3,Healthcare,Leptospirosis Cases,115,Post-flood leptospirosis cases reported in affected areas.,False
2023-11-07,Fire,25,Visakhapatnam,17.6525,83.3428,14.0,6.8,Catastrophic,Industrial Fire,63,Major fire at industrial facility requiring evacuation and specialized response.,False
2023-11-07,Medical,77,Mumbai,19.0131,72.7606,12.0,2.2,Healthcare,Influenza Outbreak,132,Seasonal influenza outbreak with higher than normal hospitalization rates.,False
2023-11-08,Disaster,99,Chandigarh,30.662,76.725,23.5,8.0,Natural,Avalanche,111,Snow avalanche in mountainous regions blocking roads and causing casualties.,False
2023-11-08,Disaster,41,Gwalior,26.2124,78.3256,34.0,9.0,Natural,Cold Wave,80,Severe cold conditions affecting normal life and causing health emergencies.,True
2023-11-08,Medical,62,Jodhpur,26.4078,73.0308,12.8,2.1,Healthcare,Influenza Outbreak,75,Seasonal influenza outbreak with higher than normal hospitalization rates.,False
2023-11-08,Medical,70,Pune,18.7124,73.7387,10.7,6.4,Healthcare,Mumps Cases,116,Multiple mumps cases reported in schools and communities.,False
2023-11-09,Fire,15,Thiruvananthapuram,8.6846,76.8554,19.6,8.7,Catastrophic,Chemical Spill,94,Hazardous chemical spill affecting surrounding areas and water bodies.,True
2023-11-09,Medical,194,Agartala,23.7383,91.4615,11.0,3.0,Healthcare,COVID-19 Cluster,63,Local outbreak of COVID-19 cases requiring medical response and containment measures.,False
2023-11-09,Medical,69,Aizawl,23.7001,92.9156,11.9,6.7,Healthcare,Swine Flu Cluster,141,H1N1 influenza cases detected requiring enhanced surveillance and medical response.,False
2023-11-09,Disaster,60,Bhubaneswar,20.3512,85.638,27.9,7.1,Catastrophic,Train Derailment,8,Passenger train derailment incident requiring emergency response.,False
2023-11-09,Medical,149,Jodhpur,26.3713,72.9501,12.9,2.7,Healthcare,COVID-19 Cluster,49,Local outbreak of COVID-19 cases requiring medical response and containment measures.,False
2023-11-09,Disaster,42,Kochi,9.8444,76.3671,24.9,6.0,Catastrophic,Building Collapse,108,Multi-story building collapse trapping residents and causing casualties.,False
2023-11-10,Disaster,83,Srinagar,34.1051,74.9866,23.0,9.0,Natural,Cold Wave,72,Severe cold conditions affecting normal life and causing health emergencies.,True
2023-11-10,Disaster,80,Coimbatore,11.0107,76.8815,29.6,9.6,Catastrophic,Bridge Collapse,20,Collapse of bridge structure affecting transportation and causing casualties.,True
2023-11-10,Disaster,56,Jaipur,27.055,75.7952,21.7,7.0,Natural,Cold Wave,75,Severe cold conditions affecting normal life and causing health emergencies.,False
2023-11-10,Medical,188,Guwahati,26.2079,91.8644,11.1,3.1,Healthcare,COVID-19 Cluster,146,Local outbreak of COVID-19 cases requiring medical response and containment measures.,False
2023-11-10,Medical,105,Aizawl,23.9062,92.744,11.0,6.2,Healthcare,COVID-19 Cluster,41,Local outbreak of COVID-19 cases requiring medical response and containment measures.,False
2023-11-10,Medical,59,Hyderabad,17.3773,78.5916,8.9,2.5,Healthcare,Encephalitis Cluster,118,"Cluster of encephalitis cases reported, primarily affecting children in the region.",False
2023-11-10,Medical,206,Patna,25.6956,85.3192,11.2,3.2,Healthcare,COVID-19 Cluster,114,Local outbreak of COVID-19 cases requiring medical response and containment measures.,True
2023-11-10,Police,27,Nagpur,21.0791,78.9748,12.8,8.6,Catastrophic,Dam Breach,51,Partial breach of dam structure causing downstream flooding concerns.,True
2023-11-10,Medical,62,Dehradun,30.4782,77.9957,13.4,2.1,Healthcare,Influenza Outbreak,130,Seasonal influenza outbreak with higher than normal hospitalization rates.,False
2023-11-11,Disaster,76,Dehradun,30.4014,78.0885,21.6,8.3,Natural,Avalanche,83,Snow avalanche in mountainous regions blocking roads and causing casualties.,True
2023-11-11,Disaster,231,Kolkata,22.5925,88.3462,24.8,4.6,Natural,Cyclone,141,Tropical cyclone making landfall with strong winds and heavy rainfall causing widespread damage.,True
2023-11-11,Medical,98,Kolkata,22.4649,88.4952,8.8,6.0,Healthcare,Gastroenteritis Outbreak,28,"Outbreak of gastroenteritis affecting multiple communities, likely from contaminated water.",False
2023-11-11,Medical,74,Imphal,24.789,94.0096,12.5,2.7,Healthcare,Hepatitis Outbreak,11,Outbreak of hepatitis cases linked to contaminated water sources.,False
2023-11-11,Fire,39,Mangalore,13.0772,75.0436,15.1,9.7,Catastrophic,Factory Explosion,69,Explosion at manufacturing facility causing casualties and structural damage.,True
2023-11-12,Medical,123,Ranchi,23.3324,85.2213,13.9,4.2,Healthcare,COVID-19 Cluster,69,Local outbreak of COVID-19 cases requiring medical response and containment measures.,False
2023-11-12,Disaster,84,Patna,25.6665,85.2298,27.2,4.1,Natural,Cold Wave,50,Severe cold conditions affecting normal life and causing health emergencies.,False
2023-11-12,Medical,34,Surat,20.9927,72.8216,13.1,5.0,Healthcare,Mumps Cases,66,Multiple mumps cases reported in schools and communities.,False
2023-11-12,Medical,90,Delhi,28.7458,77.0095,10.2,6.1,Healthcare,Influenza Outbreak,64,Seasonal influenza outbreak with higher than normal hospitalization rates.,False
2023-11-12,Disaster,78,Amritsar,31.8045,74.9738,26.2,5.7,Natural,Avalanche,114,Snow avalanche in mountainous regions blocking roads and causing casualties.,False
2023-11-12,Fire,28,Coimbatore,11.0053,76.9011,20.6,9.6,Catastrophic,Oil Spill,39,Oil spill in water body affecting marine life and coastal communities.,True
2023-11-12,Disaster,49,Surat,21.1277,72.9799,34.1,5.9,Natural,Drought,86,Prolonged dry period affecting agriculture and water availability.,False
2023-11-12,Disaster,117,Delhi,28.4583,77.3727,19.6,5.1,Natural,Cold Wave,87,Severe cold conditions affecting normal life and causing health emergencies.,False
2023-11-12,Disaster,41,Agartala,23.998,91.2969,23.8,7.3,Natural,River Overflow,85,River exceeding danger levels and breaching banks causing flooding.,False
2023-11-13,Disaster,92,Udaipur,24.6279,73.8534,29.0,4.8,Natural,Heatwave,148,Prolonged period of extremely high temperatures affecting vulnerable populations.,False
2023-11-13,Police,42,Thiruvananthapuram,8.5551,77.0556,13.5,9.4,Catastrophic,Dam Breach,76,Partial breach of dam structure causing downstream flooding concerns.,True
2023-11-13,Medical,145,Delhi,28.7473,77.132,8.2,6.8,Healthcare,Influenza Outbreak,61,Seasonal influenza outbreak with higher than normal hospitalization rates.,False
2023-11-13,Disaster,94,Imphal,25.0068,93.7484,21.4,7.5,Natural,River Overflow,58,River exceeding danger levels and breaching banks causing flooding.,False
2023-11-13,Medical,30,Kohima,25.738,94.2482,13.3,2.0,Healthcare,Influenza Outbreak,43,Seasonal influenza outbreak with higher than normal hospitalization rates.,False
2023-11-13,Fire,33,Visakhapatnam,17.6605,83.2148,18.7,5.2,Natural,Forest Fire,129,Wildfire spreading through forest areas threatening nearby settlements.,False
2023-11-14,Fire,27,Raipur,21.0888,81.4518,16.0,8.1,Catastrophic,Oil Spill,97,Oil spill in water body affecting marine life and coastal communities.,True
2023-11-14,Medical,62,Visakhapatnam,17.8863,83.2073,14.1,8.1,Catastrophic,Chemical Spill,9,Hazardous chemical spill affecting surrounding areas and water bodies.,True
2023-11-14,Disaster,89,Surat,21.3461,72.8559,18.3,8.6,Catastrophic,Tunnel Collapse,66,Collapse in tunnel structure trapping vehicles and people.,True
2023-11-14,Disaster,72,Shimla,30.9135,77.0703,23.2,9.1,Natural,Fog-Related Accidents,58,Fog-Related Accidents requiring emergency response.,True
2023-11-14,Disaster,65,Amritsar,31.6491,75.0644,28.7,8.4,Natural,Avalanche,137,Snow avalanche in mountainous regions blocking roads and causing casualties.,True
2023-11-15,Disaster,55,Srinagar,33.9866,74.7091,25.4,8.3,Natural,Heavy Snowfall,111,Heavy Snowfall requiring emergency response.,True
2023-11-15,Medical,55,Varanasi,25.1361,82.8049,10.4,6.2,Healthcare,Influenza Outbreak,129,Seasonal influenza outbreak with higher than normal hospitalization rates.,False
2023-11-15,Disaster,70,Thiruvananthapuram,8.4221,77.0339,23.7,5.7,Natural,Thunderstorm,26,Severe thunderstorm with lightning causing damages and injuries.,False
2023-11-15,Disaster,60,Visakhapatnam,17.4907,83.1076,29.6,6.8,Catastrophic,Road Collapse,88,Major road collapse due to structural failure or subsidence.,False
2023-11-15,Disaster,74,Bhopal,23.3857,77.5261,29.5,5.5,Natural,Heavy Rainfall,79,Unusually heavy rainfall causing urban flooding and infrastructure damage.,False
2023-11-15,Disaster,103,Mumbai,18.8999,73.0623,16.6,9.3,Natural,Cold Wave,88,Severe cold conditions affecting normal life and causing health emergencies.,True
2023-11-16,Disaster,99,Amritsar,31.8137,74.9993,27.7,4.9,Natural,Cold Wave,129,Severe cold conditions affecting normal life and causing health emergencies.,False
2023-11-16,Disaster,70,Bengaluru,12.8532,77.6632,23.1,6.6,Natural,Flash Flood,136,Sudden flooding due to heavy rainfall overwhelming drainage systems.,False
2023-11-16,Medical,39,Surat,21.2958,72.8581,13.8,4.7,Healthcare,Encephalitis Cluster,25,"Cluster of encephalitis cases reported, primarily affecting children in the region.",False
2023-11-16,Medical,74,Mysore,12.293,76.5915,10.7,5.6,Healthcare,Influenza Outbreak,9,Seasonal influenza outbreak with higher than normal hospitalization rates.,False
2023-11-16,Disaster,97,Ahmedabad,22.8368,72.4505,17.5,7.1,Natural,Monsoon Flooding,162,Widespread flooding due to monsoon rains affecting multiple areas.,False
2023-11-16,Police,27,Bhubaneswar,20.2956,85.7398,9.5,9.4,Catastrophic,Bridge Collapse,115,Collapse of bridge structure affecting transportation and causing casualties.,True
2023-11-17,Medical,69,Udaipur,24.7283,73.5837,12.5,6.1,Healthcare,Food Poisoning Incident,101,Mass food poisoning incident requiring emergency medical response.,False
2023-11-17,Medical,39,Patna,25.4214,85.2654,14.3,4.5,Healthcare,Influenza Outbreak,28,Seasonal influenza outbreak with higher than normal hospitalization rates.,False
2023-11-17,Medical,103,Delhi,28.7848,77.1838,9.1,7.0,Healthcare,Influenza Outbreak,107,Seasonal influenza outbreak with higher than normal hospitalization rates.,False
2023-11-17,Disaster,261,Mysore,12.2853,76.6776,29.6,4.3,Natural,Earthquake,88,Seismic activity causing structural damage and disruption.,True
2023-11-17,Fire,33,Bhubaneswar,20.1505,85.7983,15.3,6.8,Catastrophic,Refinery Fire,11,Fire at oil refinery requiring specialized firefighting and evacuation.,False
2023-11-17,Disaster,73,Varanasi,25.3229,82.9968,28.6,5.2,Natural,Fog-Related Accidents,128,Fog-Related Accidents requiring emergency response.,False
2023-11-17,Medical,292,Gangtok,27.2489,88.6479,10.5,2.8,Healthcare,COVID-19 Cluster,21,Local outbreak of COVID-19 cases requiring medical response and containment measures.,True
2023-11-18,Police,28,Agartala,23.6341,91.1597,13.2,8.4,Catastrophic,Gas Leak,80,Toxic gas leak from industrial facility affecting nearby residential areas.,True
2023-11-18,Disaster,78,Hyderabad,17.3679,78.3973,19.9,7.0,Natural,Cloudburst,93,Extremely heavy rainfall in a short period causing flash flooding in mountainous areas.,False
2023-11-18,Medical,75,Patna,25.5754,84.9609,12.3,6.4,Healthcare,Influenza Outbreak,67,Seasonal influenza outbreak with higher than normal hospitalization rates.,False
2023-11-18,Disaster,63,Pune,18.3705,74.009,23.2,6.5,Natural,Cold Wave,54,Severe cold conditions affecting normal life and causing health emergencies.,False
2023-11-18,Disaster,85,Vadodara,22.3608,73.0992,28.2,9.4,Natural,Heatwave,148,Prolonged period of extremely high temperatures affecting vulnerable populations.,True
2023-11-19,Disaster,75,Gangtok,27.4607,88.522,19.7,4.6,Natural,Cold Wave,110,Severe cold conditions affecting normal life and causing health emergencies.,False
2023-11-19,Disaster,40,Mysore,12.1914,76.4578,24.8,6.1,Natural,Coastal Flooding,78,Coastal areas inundated due to high tides and storm surge.,False
2023-11-19,Medical,46,Udaipur,24.5835,73.8993,15.2,5.3,Healthcare,Dengue Outbreak,105,"Surge in dengue fever cases following monsoon rains, straining local healthcare facilities.",False
2023-11-19,Police,54,Ranchi,23.5303,85.2737,12.3,6.9,Catastrophic,Bridge Collapse,88,Collapse of bridge structure affecting transportation and causing casualties.,False
2023-11-19,Fire,19,Vijayawada,16.5157,80.8333,17.6,8.9,Catastrophic,Dam Breach,39,Partial breach of dam structure causing downstream flooding concerns.,True
2023-11-19,Disaster,180,Bengaluru,13.1292,77.4557,18.0,8.5,Catastrophic,Industrial Accident,91,Accident at industrial facility causing multiple injuries and damage.,True
2023-11-19,Disaster,41,Bhopal,23.3787,77.5448,27.5,8.9,Natural,Coastal Erosion,56,Accelerated coastal erosion threatening coastal communities and infrastructure.,True
2023-11-19,Disaster,91,Amritsar,31.5104,74.9233,33.2,8.2,Natural,Cold Wave,119,Severe cold conditions affecting normal life and causing health emergencies.,True
2023-11-19,Disaster,93,Kochi,9.8088,76.4201,18.9,6.9,Catastrophic,Tunnel Collapse,9,Collapse in tunnel structure trapping vehicles and people.,False
2023-11-19,Medical,69,Kolkata,22.5362,88.2114,9.8,6.1,Healthcare,Cholera Outbreak,123,Waterborne cholera outbreak in affected areas following contamination of water sources.,False
2023-11-19,Disaster,66,Lucknow,26.7142,81.0532,23.9,6.6,Natural,Cold Wave,69,Severe cold conditions affecting normal life and causing health emergencies.,False
2023-11-20,Disaster,91,Kohima,25.5342,94.1807,33.9,5.1,Natural,Cold Wave,130,Severe cold conditions affecting normal life and causing health emergencies.,False
2023-11-20,Medical,54,Coimbatore,11.0391,76.8804,13.9,3.3,Healthcare,Influenza Outbreak,80,Seasonal influenza outbreak with higher than normal hospitalization rates.,False
2023-11-20,Medical,111,Patna,25.4674,85.0733,10.5,6.9,Healthcare,COVID-19 Cluster,123,Local outbreak of COVID-19 cases requiring medical response and containment measures.,False
2023-11-20,Disaster,85,Jaipur,26.9616,75.6166,22.1,8.9,Natural,Fog-Related Accidents,29,Fog-Related Accidents requiring emergency response.,True
2023-11-20,Medical,42,Coimbatore,11.0122,76.8484,10.7,6.8,Healthcare,Leptospirosis Cases,74,Post-flood leptospirosis cases reported in affected areas.,False
2023-11-20,Disaster,90,Lucknow,26.7745,80.8437,26.2,8.5,Natural,Fog-Related Accidents,7,Fog-Related Accidents requiring emergency response.,True
2023-11-20,Medical,128,Gwalior,26.1789,78.1817,13.4,3.1,Healthcare,COVID-19 Cluster,40,Local outbreak of COVID-19 cases requiring medical response and containment measures.,False
2023-11-20,Police,32,Nagpur,21.0708,79.0085,12.7,8.3,Catastrophic,Building Collapse,69,Multi-story building collapse trapping residents and causing casualties.,True
2023-11-21,Medical,33,Kochi,9.9396,76.1235,15.1,2.7,Healthcare,Influenza Outbreak,82,Seasonal influenza outbreak with higher than normal hospitalization rates.,False
2023-11-21,Medical,59,Vijayawada,16.3117,80.7211,13.7,2.0,Healthcare,Hepatitis Outbreak,97,Outbreak of hepatitis cases linked to contaminated water sources.,False
2023-11-21,Medical,75,Agartala,23.7145,91.143,12.4,5.0,Healthcare,Mumps Cases,147,Multiple mumps cases reported in schools and communities.,False
2023-11-21,Medical,76,Surat,21.1039,72.8811,14.3,3.7,Healthcare,Influenza Outbreak,62,Seasonal influenza outbreak with higher than normal hospitalization rates.,False
2023-11-21,Disaster,68,Lucknow,26.6708,81.1149,29.6,4.9,Natural,Cold Wave,118,Severe cold conditions affecting normal life and causing health emergencies.,False
2023-11-21,Medical,108,Mumbai,19.1494,72.7694,9.2,3.6,Healthcare,Mumps Cases,37,Multiple mumps cases reported in schools and communities.,False
2023-11-21,Medical,39,Vadodara,22.1922,73.1701,15.2,4.0,Healthcare,Swine Flu Cluster,67,H1N1 influenza cases detected requiring enhanced surveillance and medical response.,False
2023-11-22,Medical,65,Mysore,12.25,76.6627,16.9,4.1,Healthcare,Influenza Outbreak,41,Seasonal influenza outbreak with higher than normal hospitalization rates.,False
2023-11-22,Disaster,97,Agartala,23.7917,91.3987,31.4,6.8,Natural,Landslide,64,Landslide triggered by heavy rainfall blocking roads and damaging structures.,False
2023-11-22,Disaster,55,Bhopal,23.4049,77.4051,30.9,6.8,Catastrophic,Chemical Spill,124,Hazardous chemical spill affecting surrounding areas and water bodies.,False
2023-11-22,Disaster,61,Gangtok,27.2149,88.6892,22.8,4.1,Natural,Fog-Related Accidents,91,Fog-Related Accidents requiring emergency response.,False
2023-11-22,Medical,36,Indore,22.5855,75.8306,16.4,6.7,Healthcare,Measles Outbreak,127,Measles outbreak reported in communities with low vaccination coverage.,False
2023-11-22,Fire,11,Hyderabad,17.3395,78.642,11.0,6.9,Natural,Forest Fire,25,Wildfire spreading through forest areas threatening nearby settlements.,False
2023-11-22,Disaster,122,Bhubaneswar,20.19,85.904,30.9,4.8,Natural,Cyclone,177,Tropical cyclone making landfall with strong winds and heavy rainfall causing widespread damage.,False
2023-11-22,Disaster,70,Thiruvananthapuram,8.358,76.7996,24.3,7.6,Catastrophic,Stadium Stampede,44,Crowd control incident at stadium leading to injuries.,False
2023-11-22,Medical,185,Jaipur,26.776,75.9048,14.1,2.3,Healthcare,COVID-19 Cluster,58,Local outbreak of COVID-19 cases requiring medical response and containment measures.,False
2023-11-22,Fire,33,Pune,18.4991,73.9665,14.3,6.0,Natural,Forest Fire,50,Wildfire spreading through forest areas threatening nearby settlements.,False
2023-11-22,Disaster,80,Varanasi,25.2676,82.9306,26.9,8.5,Natural,Cold Wave,142,Severe cold conditions affecting normal life and causing health emergencies.,True
2023-11-23,Medical,75,Thiruvananthapuram,8.4997,76.9029,13.6,6.2,Healthcare,Swine Flu Cluster,79,H1N1 influenza cases detected requiring enhanced surveillance and medical response.,False
2023-11-23,Disaster,85,Coimbatore,11.1488,77.0218,24.3,8.9,Natural,Monsoon Flooding,118,Widespread flooding due to monsoon rains affecting multiple areas.,True
2023-11-23,Medical,130,Bhopal,23.0706,77.5382,12.4,6.2,Healthcare,COVID-19 Cluster,141,Local outbreak of COVID-19 cases requiring medical response and containment measures.,False
2023-11-23,Police,58,Mysore,12.4073,76.7006,10.3,7.4,Catastrophic,Tunnel Collapse,70,Collapse in tunnel structure trapping vehicles and people.,False
2023-11-24,Disaster,51,Amritsar,31.5873,74.8479,24.7,7.3,Natural,Fog-Related Accidents,62,Fog-Related Accidents requiring emergency response.,False
2023-11-24,Medical,163,Allahabad,25.5667,81.8073,11.4,6.1,Healthcare,COVID-19 Cluster,57,Local outbreak of COVID-19 cases requiring medical response and containment measures.,False
2023-11-25,Disaster,67,Gangtok,27.2031,88.7478,20.2,5.6,Natural,Cold Wave,94,Severe cold conditions affecting normal life and causing health emergencies.,False
2023-11-25,Fire,13,Vijayawada,16.5224,80.4525,18.1,7.5,Catastrophic,Power Plant Failure,53,Critical failure at power generation facility affecting power supply.,False
2023-11-25,Disaster,41,Agra,27.0378,78.1563,19.5,5.3,Natural,Fog-Related Accidents,63,Fog-Related Accidents requiring emergency response.,False
2023-11-26,Medical,56,Vadodara,22.5024,73.2171,12.2,6.6,Healthcare,Measles Outbreak,28,Measles outbreak reported in communities with low vaccination coverage.,False
2023-11-26,Disaster,108,Delhi,28.7337,77.3914,21.6,5.1,Natural,Cold Wave,87,Severe cold conditions affecting normal life and causing health emergencies.,False
2023-11-26,Fire,39,Mysore,12.2267,76.5313,13.7,8.1,Catastrophic,Oil Spill,103,Oil spill in water body affecting marine life and coastal communities.,True
2023-11-26,Disaster,46,Raipur,21.3602,81.7565,30.3,5.7,Natural,Dust Storm,9,Severe dust storm reducing visibility and causing respiratory issues.,False
2023-11-26,Medical,70,Udaipur,24.6476,73.554,10.2,3.5,Healthcare,Measles Outbreak,70,Measles outbreak reported in communities with low vaccination coverage.,False
2023-11-26,Medical,31,Shillong,25.6813,91.987,13.7,3.1,Healthcare,Influenza Outbreak,30,Seasonal influenza outbreak with higher than normal hospitalization rates.,False
2023-11-26,Medical,51,Surat,21.2855,72.8012,13.0,3.0,Healthcare,Swine Flu Cluster,105,H1N1 influenza cases detected requiring enhanced surveillance and medical response.,False
2023-11-26,Medical,55,Gwalior,26.0681,77.9847,11.2,5.9,Healthcare,Influenza Outbreak,7,Seasonal influenza outbreak with higher than normal hospitalization rates.,False
2023-11-26,Disaster,98,Shillong,25.4145,91.7681,25.2,6.7,Natural,Fog-Related Accidents,91,Fog-Related Accidents requiring emergency response.,False
2023-11-26,Disaster,89,Chandigarh,30.8479,76.9214,31.0,5.0,Natural,Avalanche,23,Snow avalanche in mountainous regions blocking roads and causing casualties.,False
2023-11-27,Disaster,211,Kochi,10.0293,76.3171,26.5,4.8,Natural,Cyclone,198,Tropical cyclone making landfall with strong winds and heavy rainfall causing widespread damage.,True
2023-11-27,Disaster,78,Mangalore,12.7647,74.7217,23.7,5.4,Natural,Lightning Strike Incident,32,Multiple lightning strikes causing casualties and property damage.,False
2023-11-27,Disaster,52,Nagpur,21.3335,79.2659,35.6,8.3,Natural,Heatwave,50,Prolonged period of extremely high temperatures affecting vulnerable populations.,True
2023-11-27,Disaster,83,Mysore,12.4254,76.7254,23.8,7.5,Natural,Heavy Rainfall,83,Unusually heavy rainfall causing urban flooding and infrastructure damage.,False
2023-11-28,Medical,93,Chandigarh,30.7929,76.9782,13.0,5.8,Healthcare,COVID-19 Cluster,111,Local outbreak of COVID-19 cases requiring medical response and containment measures.,False
2023-11-28,Disaster,73,Gangtok,27.2034,88.5395,31.9,5.1,Natural,Fog-Related Accidents,37,Fog-Related Accidents requiring emergency response.,False
2023-11-28,Disaster,72,Thiruvananthapuram,8.6586,76.9876,25.2,6.5,Natural,Coastal Flooding,135,Coastal areas inundated due to high tides and storm surge.,False
2023-11-28,Medical,64,Leh,34.0589,77.6221,13.2,6.2,Healthcare,Influenza Outbreak,115,Seasonal influenza outbreak with higher than normal hospitalization rates.,False
2023-11-28,Disaster,54,Kohima,25.7755,94.3046,29.7,4.3,Natural,Fog-Related Accidents,136,Fog-Related Accidents requiring emergency response.,False
2023-11-28,Disaster,41,Goa,15.2182,73.9918,31.8,8.5,Natural,Cloudburst,119,Extremely heavy rainfall in a short period causing flash flooding in mountainous areas.,True
2023-11-29,Disaster,84,Kohima,25.7622,94.2915,24.8,8.0,Natural,Cold Wave,146,Severe cold conditions affecting normal life and causing health emergencies.,False
2023-11-29,Disaster,49,Chandigarh,30.5987,76.8523,22.8,6.3,Natural,Avalanche,103,Snow avalanche in mountainous regions blocking roads and causing casualties.,False
2023-11-29,Disaster,66,Chennai,13.1073,80.3899,16.7,7.8,Catastrophic,Dam Breach,38,Partial breach of dam structure causing downstream flooding concerns.,False
2023-11-29,Disaster,87,Leh,34.1009,77.649,23.4,5.1,Natural,Heavy Snowfall,135,Heavy Snowfall requiring emergency response.,False
2023-11-30,Police,56,Imphal,24.676,94.097,11.1,7.2,Catastrophic,Building Collapse,90,Multi-story building collapse trapping residents and causing casualties.,False
2023-11-30,Disaster,68,Jodhpur,26.2606,72.8517,27.5,6.6,Natural,Fog-Related Accidents,140,Fog-Related Accidents requiring emergency response.,False
2023-11-30,Disaster,132,Kolkata,22.6795,88.2405,17.9,8.1,Catastrophic,Oil Spill,108,Oil spill in water body affecting marine life and coastal communities.,True
2023-11-30,Disaster,345,Mumbai,19.1238,72.8549,17.8,4.9,Natural,Earthquake,44,Seismic activity causing structural damage and disruption.,True
2023-11-30,Medical,67,Bhopal,23.0695,77.4605,16.5,3.0,Healthcare,Gastroenteritis Outbreak,18,"Outbreak of gastroenteritis affecting multiple communities, likely from contaminated water.",False
2023-11-30,Medical,80,Bengaluru,13.0171,77.5556,11.0,3.0,Healthcare,Influenza Outbreak,46,Seasonal influenza outbreak with higher than normal hospitalization rates.,False
2023-12-01,Disaster,58,Varanasi,25.4616,82.8038,24.6,8.9,Natural,Fog-Related Accidents,64,Fog-Related Accidents requiring emergency response.,True
2023-12-01,Disaster,78,Lucknow,26.8535,81.0203,21.7,6.2,Natural,Cold Wave,125,Severe cold conditions affecting normal life and causing health emergencies.,False
2023-12-01,Disaster,61,Kohima,25.4907,94.0803,24.4,7.0,Natural,Fog-Related Accidents,139,Fog-Related Accidents requiring emergency response.,False
2023-12-01,Medical,59,Imphal,24.7063,93.8475,13.2,5.5,Healthcare,Cholera Outbreak,112,Waterborne cholera outbreak in affected areas following contamination of water sources.,False
2023-12-01,Disaster,61,Visakhapatnam,17.743,83.3992,28.4,7.6,Natural,Avalanche,106,Snow avalanche in mountainous regions blocking roads and causing casualties.,False
2023-12-01,Disaster,73,Shillong,25.4749,91.9502,26.5,5.9,Natural,Fog-Related Accidents,80,Fog-Related Accidents requiring emergency response.,False
2023-12-02,Disaster,51,Kochi,9.871,76.1721,20.1,8.2,Natural,Heavy Rainfall,11,Unusually heavy rainfall causing urban flooding and infrastructure damage.,True
2023-12-02,Disaster,100,Amritsar,31.7753,74.9182,28.4,6.3,Natural,Fog-Related Accidents,116,Fog-Related Accidents requiring emergency response.,False
2023-12-02,Disaster,74,Coimbatore,11.1686,77.1306,27.0,9.3,Natural,Dust Storm,70,Severe dust storm reducing visibility and causing respiratory issues.,True
2023-12-02,Disaster,66,Indore,22.6143,75.7052,24.6,5.9,Natural,Landslide,14,Landslide triggered by heavy rainfall blocking roads and damaging structures.,False
2023-12-02,Disaster,56,Nagpur,21.1344,78.9029,22.7,4.5,Natural,Heatwave,71,Prolonged period of extremely high temperatures affecting vulnerable populations.,False
2023-12-02,Disaster,100,Chandigarh,30.9073,76.7099,22.8,4.9,Natural,Avalanche,148,Snow avalanche in mountainous regions blocking roads and causing casualties.,False
2023-12-02,Disaster,83,Bhopal,23.2262,77.3611,27.3,4.9,Natural,River Overflow,128,River exceeding danger levels and breaching banks causing flooding.,False
2023-12-02,Disaster,204,Mumbai,19.1945,72.8931,17.7,6.3,Natural,Cold Wave,59,Severe cold conditions affecting normal life and causing health emergencies.,True
2023-12-02,Disaster,47,Agra,27.2918,78.0052,23.9,8.8,Natural,Fog-Related Accidents,123,Fog-Related Accidents requiring emergency response.,True
2023-12-03,Disaster,95,Patna,25.4712,84.9911,33.0,4.6,Natural,Fog-Related Accidents,55,Fog-Related Accidents requiring emergency response.,False
2023-12-03,Police,46,Ranchi,23.1543,85.3824,11.5,9.8,Catastrophic,Mine Collapse,33,Collapse in mining operation trapping workers underground.,True
2023-12-03,Medical,34,Thiruvananthapuram,8.3481,77.0877,13.5,5.5,Healthcare,Hepatitis Outbreak,5,Outbreak of hepatitis cases linked to contaminated water sources.,False
2023-12-03,Disaster,160,Kochi,10.1089,76.1837,29.3,8.5,Natural,Cyclone,170,Tropical cyclone making landfall with strong winds and heavy rainfall causing widespread damage.,True
2023-12-03,Medical,46,Pune,18.5115,73.9851,11.0,2.2,Healthcare,Hepatitis Outbreak,112,Outbreak of hepatitis cases linked to contaminated water sources.,False
2023-12-03,Disaster,60,Thiruvananthapuram,8.5387,77.0859,30.9,4.9,Natural,Heatwave,121,Prolonged period of extremely high temperatures affecting vulnerable populations.,False
2023-12-03,Fire,34,Raipur,21.267,81.4781,20.8,8.8,Catastrophic,Industrial Fire,43,Major fire at industrial facility requiring evacuation and specialized response.,True
2023-12-03,Disaster,66,Agra,27.3169,77.9811,28.4,7.0,Natural,Fog-Related Accidents,54,Fog-Related Accidents requiring emergency response.,False
2023-12-03,Disaster,84,Goa,15.2216,74.1842,21.6,9.1,Natural,Heavy Rainfall,114,Unusually heavy rainfall causing urban flooding and infrastructure damage.,True
2023-12-03,Medical,152,Leh,34.0806,77.6568,14.1,2.4,Healthcare,COVID-19 Cluster,135,Local outbreak of COVID-19 cases requiring medical response and containment measures.,False
2023-12-03,Disaster,74,Shimla,31.0795,77.3486,26.8,7.8,Natural,Cold Wave,51,Severe cold conditions affecting normal life and causing health emergencies.,False
2023-12-04,Medical,46,Jodhpur,26.3137,73.1578,13.4,3.7,Healthcare,Influenza Outbreak,78,Seasonal influenza outbreak with higher than normal hospitalization rates.,False
2023-12-04,Medical,62,Leh,34.1742,77.6786,13.0,6.7,Healthcare,Influenza Outbreak,126,Seasonal influenza outbreak with higher than normal hospitalization rates.,False
2023-12-05,Medical,52,Visakhapatnam,17.5744,83.2882,15.9,6.3,Healthcare,Malaria Surge,141,"Increased malaria cases reported in rural areas, requiring medical intervention.",False
2023-12-05,Fire,58,Mumbai,19.1996,72.8521,10.5,6.6,Natural,Forest Fire,61,Wildfire spreading through forest areas threatening nearby settlements.,False
2023-12-05,Medical,44,Dehradun,30.1947,77.9715,13.7,6.6,Healthcare,Influenza Outbreak,80,Seasonal influenza outbreak with higher than normal hospitalization rates.,False
2023-12-05,Disaster,60,Ranchi,23.1699,85.4149,21.8,5.3,Natural,River Overflow,40,River exceeding danger levels and breaching banks causing flooding.,False
2023-12-05,Disaster,62,Goa,15.1507,73.9667,28.1,4.4,Natural,Flash Flood,121,Sudden flooding due to heavy rainfall overwhelming drainage systems.,False
2023-12-05,Disaster,116,Kolkata,22.5201,88.3856,23.1,6.2,Natural,Thunderstorm,93,Severe thunderstorm with lightning causing damages and injuries.,False
2023-12-05,Disaster,89,Aizawl,23.9072,92.5751,24.2,6.8,Natural,Lightning Strike Incident,134,Multiple lightning strikes causing casualties and property damage.,False
2023-12-06,Disaster,51,Visakhapatnam,17.5438,83.1028,28.4,7.5,Natural,Lightning Strike Incident,18,Multiple lightning strikes causing casualties and property damage.,False
2023-12-06,Medical,45,Vijayawada,16.454,80.6179,11.3,6.8,Healthcare,Food Poisoning Incident,8,Mass food poisoning incident requiring emergency medical response.,False
2023-12-06,Medical,71,Coimbatore,10.8661,76.9033,13.4,5.2,Healthcare,Measles Outbreak,5,Measles outbreak reported in communities with low vaccination coverage.,False
2023-12-06,Medical,239,Shillong,25.7472,92.0195,13.5,5.4,Healthcare,COVID-19 Cluster,14,Local outbreak of COVID-19 cases requiring medical response and containment measures.,True
2023-12-06,Disaster,56,Mangalore,12.8094,74.6716,25.7,6.2,Catastrophic,Building Collapse,133,Multi-story building collapse trapping residents and causing casualties.,False
2023-12-06,Medical,45,Kohima,25.4988,93.993,12.7,4.7,Healthcare,Influenza Outbreak,135,Seasonal influenza outbreak with higher than normal hospitalization rates.,False
2023-12-06,Disaster,192,Delhi,28.6426,77.3203,15.0,6.8,Natural,Cold Wave,116,Severe cold conditions affecting normal life and causing health emergencies.,False
2023-12-07,Medical,50,Vadodara,22.1185,72.9873,11.9,6.0,Healthcare,Encephalitis Cluster,84,"Cluster of encephalitis cases reported, primarily affecting children in the region.",False
2023-12-07,Fire,22,Odisha,20.6285,84.5468,13.8,6.3,Catastrophic,Gas Leak,57,Toxic gas leak from industrial facility affecting nearby residential areas.,False
2023-12-07,Disaster,96,Kochi,9.8492,76.2748,21.5,8.1,Natural,Coastal Erosion,106,Accelerated coastal erosion threatening coastal communities and infrastructure.,True
2023-12-07,Medical,37,Ranchi,23.4327,85.3269,11.6,4.7,Healthcare,Cholera Outbreak,43,Waterborne cholera outbreak in affected areas following contamination of water sources.,False
2023-12-08,Disaster,56,Gwalior,26.3004,78.1869,34.8,7.4,Natural,Fog-Related Accidents,121,Fog-Related Accidents requiring emergency response.,False
2023-12-08,Medical,96,Delhi,28.5984,77.1175,8.6,3.8,Healthcare,Influenza Outbreak,8,Seasonal influenza outbreak with higher than normal hospitalization rates.,False
2023-12-08,Disaster,74,Srinagar,33.9138,74.7518,28.5,7.6,Natural,Avalanche,112,Snow avalanche in mountainous regions blocking roads and causing casualties.,False
2023-12-08,Disaster,62,Coimbatore,10.8663,77.1013,31.5,8.5,Natural,Monsoon Flooding,115,Widespread flooding due to monsoon rains affecting multiple areas.,True
2023-12-08,Medical,34,Chandigarh,30.9077,76.7928,13.9,5.4,Healthcare,Influenza Outbreak,127,Seasonal influenza outbreak with higher than normal hospitalization rates.,False
2023-12-08,Fire,21,Goa,15.316,73.931,19.3,7.5,Catastrophic,Refinery Fire,73,Fire at oil refinery requiring specialized firefighting and evacuation.,False
2023-12-08,Medical,306,Patna,25.7398,85.0578,14.8,4.7,Healthcare,COVID-19 Cluster,115,Local outbreak of COVID-19 cases requiring medical response and containment measures.,True
2023-12-08,Medical,36,Vijayawada,16.3632,80.596,12.3,2.9,Healthcare,Swine Flu Cluster,132,H1N1 influenza cases detected requiring enhanced surveillance and medical response.,False
2023-12-08,Medical,53,Mysore,12.1684,76.4553,16.1,5.5,Healthcare,Leptospirosis Cases,146,Post-flood leptospirosis cases reported in affected areas.,False
2023-12-09,Fire,34,Surat,21.1569,72.6746,18.0,7.3,Catastrophic,Factory Explosion,18,Explosion at manufacturing facility causing casualties and structural damage.,False
2023-12-09,Disaster,71,Allahabad,25.4936,81.6535,26.5,6.3,Natural,Cold Wave,66,Severe cold conditions affecting normal life and causing health emergencies.,False
2023-12-09,Disaster,60,Surat,21.3582,72.6363,27.8,6.6,Natural,Avalanche,64,Snow avalanche in mountainous regions blocking roads and causing casualties.,False
2023-12-09,Disaster,80,Shimla,31.2595,77.1092,24.6,9.1,Natural,Fog-Related Accidents,119,Fog-Related Accidents requiring emergency response.,True
2023-12-09,Medical,162,Mumbai,18.9936,73.046,10.4,6.0,Catastrophic,Chemical Spill,25,Hazardous chemical spill affecting surrounding areas and water bodies.,False
2023-12-09,Police,49,Aizawl,23.6343,92.6031,9.7,7.9,Catastrophic,Dam Breach,104,Partial breach of dam structure causing downstream flooding concerns.,False
2023-12-10,Disaster,74,Gwalior,26.357,78.3105,32.6,8.1,Natural,Fog-Related Accidents,22,Fog-Related Accidents requiring emergency response.,True
2023-12-10,Disaster,357,Ahmedabad,23.0886,72.6919,21.0,4.8,Natural,Cyclone,189,Tropical cyclone making landfall with strong winds and heavy rainfall causing widespread damage.,True
2023-12-10,Medical,62,Nagpur,21.2587,79.2133,13.4,6.9,Healthcare,Dengue Outbreak,125,"Surge in dengue fever cases following monsoon rains, straining local healthcare facilities.",False
2023-12-10,Medical,33,Kohima,25.6096,93.9216,11.5,4.3,Healthcare,Influenza Outbreak,31,Seasonal influenza outbreak with higher than normal hospitalization rates.,False
2023-12-10,Medical,41,Raipur,21.2944,81.7882,16.5,4.8,Healthcare,Mumps Cases,36,Multiple mumps cases reported in schools and communities.,False
2023-12-10,Disaster,42,Hyderabad,17.5377,78.5336,19.4,5.0,Natural,Avalanche,40,Snow avalanche in mountainous regions blocking roads and causing casualties.,False
2023-12-10,Medical,141,Shillong,25.6077,91.9724,12.5,3.9,Healthcare,COVID-19 Cluster,69,Local outbreak of COVID-19 cases requiring medical response and containment measures.,False
2023-12-10,Medical,68,Bengaluru,13.0685,77.687,11.6,2.5,Healthcare,Influenza Outbreak,16,Seasonal influenza outbreak with higher than normal hospitalization rates.,False
2023-12-10,Medical,248,Delhi,28.6692,77.3341,10.8,2.0,Healthcare,COVID-19 Cluster,135,Local outbreak of COVID-19 cases requiring medical response and containment measures.,True
2023-12-10,Medical,39,Vadodara,22.1364,73.2862,13.2,6.7,Healthcare,Mumps Cases,42,Multiple mumps cases reported in schools and communities.,False
2023-12-10,Medical,56,Kochi,9.9364,76.2697,11.0,6.7,Healthcare,Gastroenteritis Outbreak,60,"Outbreak of gastroenteritis affecting multiple communities, likely from contaminated water.",False
2023-12-10,Disaster,62,Srinagar,33.9587,74.8402,23.1,4.3,Natural,Fog-Related Accidents,113,Fog-Related Accidents requiring emergency response.,False
2023-12-11,Disaster,49,Nagpur,20.988,79.2295,29.8,9.5,Natural,Dust Storm,6,Severe dust storm reducing visibility and causing respiratory issues.,True
2023-12-11,Disaster,61,Bhubaneswar,20.2647,85.9504,26.1,7.0,Natural,Heatwave,76,Prolonged period of extremely high temperatures affecting vulnerable populations.,False
2023-12-11,Disaster,67,Indore,22.5317,75.7659,30.2,4.4,Natural,Heatwave,86,Prolonged period of extremely high temperatures affecting vulnerable populations.,False
2023-12-11,Medical,138,Shillong,25.5099,91.8467,13.8,2.8,Healthcare,COVID-19 Cluster,89,Local outbreak of COVID-19 cases requiring medical response and containment measures.,False
2023-12-11,Disaster,94,Kolkata,22.5086,88.2819,17.3,8.2,Natural,Cold Wave,143,Severe cold conditions affecting normal life and causing health emergencies.,True
2023-12-11,Medical,214,Guwahati,26.3011,91.793,10.8,4.1,Healthcare,COVID-19 Cluster,108,Local outbreak of COVID-19 cases requiring medical response and containment measures.,True
2023-12-11,Disaster,93,Agra,27.3197,78.1876,23.9,9.5,Natural,Fog-Related Accidents,73,Fog-Related Accidents requiring emergency response.,True
2023-12-11,Medical,69,Coimbatore,11.1547,76.9162,16.7,3.5,Healthcare,Food Poisoning Incident,31,Mass food poisoning incident requiring emergency medical response.,False
2023-12-11,Fire,30,Mangalore,12.7734,74.7794,20.1,6.7,Catastrophic,Market Fire,141,Major fire in crowded market area causing property damage and business disruption.,False
2023-12-12,Disaster,49,Goa,15.1649,74.2277,29.5,9.4,Natural,Heatwave,66,Prolonged period of extremely high temperatures affecting vulnerable populations.,True
2023-12-12,Disaster,67,Varanasi,25.3083,83.0564,27.2,8.9,Natural,Cold Wave,129,Severe cold conditions affecting normal life and causing health emergencies.,True
2023-12-12,Disaster,97,Patna,25.5982,85.2066,24.2,6.4,Natural,Cold Wave,96,Severe cold conditions affecting normal life and causing health emergencies.,False
2023-12-12,Medical,38,Dehradun,30.3209,77.9947,15.4,6.7,Healthcare,Influenza Outbreak,39,Seasonal influenza outbreak with higher than normal hospitalization rates.,False
2023-12-12,Disaster,45,Imphal,24.9782,94.0734,24.6,6.5,Catastrophic,Bridge Collapse,139,Collapse of bridge structure affecting transportation and causing casualties.,False
2023-12-12,Medical,39,Hyderabad,17.2641,78.5701,11.4,2.9,Healthcare,Leptospirosis Cases,32,Post-flood leptospirosis cases reported in affected areas.,False
2023-12-12,Medical,42,Goa,15.4157,73.9839,14.1,4.6,Healthcare,Heatstroke Wave,134,"Multiple cases of heatstroke amid extreme temperatures, affecting vulnerable populations.",False
2023-12-12,Disaster,94,Mangalore,12.9436,74.882,22.6,7.2,Catastrophic,Building Collapse,48,Multi-story building collapse trapping residents and causing casualties.,False
2023-12-12,Disaster,81,Leh,34.0526,77.7692,30.6,6.7,Natural,Cold Wave,133,Severe cold conditions affecting normal life and causing health emergencies.,False
2023-12-13,Medical,52,Patna,25.6763,85.216,13.7,6.0,Healthcare,Influenza Outbreak,24,Seasonal influenza outbreak with higher than normal hospitalization rates.,False
2023-12-13,Disaster,41,Imphal,24.8904,93.744,23.4,6.1,Natural,Dust Storm,127,Severe dust storm reducing visibility and causing respiratory issues.,False
2023-12-13,Disaster,73,Lucknow,27.0349,81.1101,22.0,4.8,Natural,Fog-Related Accidents,40,Fog-Related Accidents requiring emergency response.,False
2023-12-13,Medical,60,Hyderabad,17.4354,78.5153,9.8,5.1,Healthcare,Cholera Outbreak,84,Waterborne cholera outbreak in affected areas following contamination of water sources.,False
2023-12-13,Disaster,68,Kochi,9.8604,76.2034,33.9,5.2,Natural,Lightning Strike Incident,119,Multiple lightning strikes causing casualties and property damage.,False
2023-12-13,Disaster,88,Chandigarh,30.6911,76.6544,33.9,6.1,Natural,Cold Wave,53,Severe cold conditions affecting normal life and causing health emergencies.,False
2023-12-13,Disaster,41,Jaipur,26.8527,75.7402,26.0,7.2,Natural,Cold Wave,127,Severe cold conditions affecting normal life and causing health emergencies.,False
2023-12-13,Medical,76,Gangtok,27.535,88.7096,13.8,5.4,Healthcare,Influenza Outbreak,129,Seasonal influenza outbreak with higher than normal hospitalization rates.,False
2023-12-13,Disaster,81,Chandigarh,30.915,76.9449,30.9,4.5,Natural,Fog-Related Accidents,52,Fog-Related Accidents requiring emergency response.,False
2023-12-14,Disaster,59,Shimla,31.1191,77.0359,33.9,4.1,Natural,Cold Wave,57,Severe cold conditions affecting normal life and causing health emergencies.,False
2023-12-14,Disaster,92,Srinagar,34.1607,74.6587,26.5,4.6,Natural,Fog-Related Accidents,71,Fog-Related Accidents requiring emergency response.,False
2023-12-14,Disaster,187,Bhopal,23.3358,77.3148,27.2,6.1,Natural,Cyclone,160,Tropical cyclone making landfall with strong winds and heavy rainfall causing widespread damage.,False
2023-12-14,Medical,58,Gangtok,27.5081,88.7905,16.5,5.8,Healthcare,Influenza Outbreak,75,Seasonal influenza outbreak with higher than normal hospitalization rates.,False
2023-12-14,Disaster,91,Kohima,25.5538,94.2457,24.3,8.4,Natural,Fog-Related Accidents,24,Fog-Related Accidents requiring emergency response.,True
2023-12-14,Medical,169,Guwahati,26.0015,91.6005,11.6,4.2,Healthcare,COVID-19 Cluster,65,Local outbreak of COVID-19 cases requiring medical response and containment measures.,False
2023-12-15,Disaster,57,Imphal,24.7034,94.0286,23.8,6.9,Catastrophic,Mine Collapse,11,Collapse in mining operation trapping workers underground.,False
2023-12-15,Medical,49,Nagpur,21.1378,79.1601,12.2,6.9,Healthcare,Leptospirosis Cases,137,Post-flood leptospirosis cases reported in affected areas.,False
2023-12-15,Police,35,Thiruvananthapuram,8.4491,76.749,10.0,6.2,Catastrophic,Construction Site Accident,77,Accident at major construction site requiring emergency response.,False
2023-12-15,Fire,19,Hyderabad,17.2879,78.592,11.1,5.3,Natural,Forest Fire,129,Wildfire spreading through forest areas threatening nearby settlements.,False
2023-12-15,Disaster,69,Ahmedabad,23.1822,72.6665,21.6,6.3,Catastrophic,Structural Failure,125,Critical structural failure in public infrastructure requiring evacuation.,False
2023-12-15,Disaster,66,Udaipur,24.537,73.5156,27.0,8.3,Catastrophic,Power Plant Failure,58,Critical failure at power generation facility affecting power supply.,True
2023-12-15,Police,54,Goa,15.2513,73.9457,11.1,9.4,Catastrophic,Industrial Accident,76,Accident at industrial facility causing multiple injuries and damage.,True
2023-12-16,Police,30,Odisha,20.6796,84.3556,10.3,9.5,Catastrophic,Building Collapse,31,Multi-story building collapse trapping residents and causing casualties.,True
2023-12-16,Medical,69,Indore,22.5238,75.9973,12.8,4.2,Healthcare,Swine Flu Cluster,50,H1N1 influenza cases detected requiring enhanced surveillance and medical response.,False
2023-12-16,Medical,76,Bhubaneswar,20.2131,85.6396,10.2,2.7,Healthcare,Malaria Surge,115,"Increased malaria cases reported in rural areas, requiring medical intervention.",False
2023-12-16,Medical,80,Vadodara,22.1859,73.3516,10.8,4.3,Healthcare,COVID-19 Cluster,96,Local outbreak of COVID-19 cases requiring medical response and containment measures.,False
2023-12-16,Medical,215,Mangalore,13.0143,74.8238,15.2,2.7,Healthcare,COVID-19 Cluster,95,Local outbreak of COVID-19 cases requiring medical response and containment measures.,True
2023-12-16,Disaster,51,Gwalior,26.137,78.2511,32.0,4.2,Natural,Fog-Related Accidents,49,Fog-Related Accidents requiring emergency response.,False
2023-12-16,Disaster,67,Surat,21.0043,72.8039,29.4,4.5,Natural,Monsoon Flooding,133,Widespread flooding due to monsoon rains affecting multiple areas.,False
2023-12-16,Fire,32,Bhubaneswar,20.317,85.9485,19.2,8.6,Catastrophic,Refinery Fire,19,Fire at oil refinery requiring specialized firefighting and evacuation.,True
2023-12-17,Disaster,96,Mumbai,19.2554,72.8138,19.4,7.4,Natural,Coastal Erosion,26,Accelerated coastal erosion threatening coastal communities and infrastructure.,False
2023-12-17,Medical,63,Kolkata,22.4706,88.431,11.2,5.6,Healthcare,Dengue Outbreak,99,"Surge in dengue fever cases following monsoon rains, straining local healthcare facilities.",False
2023-12-17,Disaster,110,Bengaluru,13.0584,77.5684,17.2,8.8,Natural,Cloudburst,94,Extremely heavy rainfall in a short period causing flash flooding in mountainous areas.,True
2023-12-17,Medical,57,Amritsar,31.5272,74.9231,10.0,4.4,Healthcare,Influenza Outbreak,17,Seasonal influenza outbreak with higher than normal hospitalization rates.,False
2023-12-17,Medical,32,Indore,22.7778,75.9171,12.5,2.1,Healthcare,Hepatitis Outbreak,93,Outbreak of hepatitis cases linked to contaminated water sources.,False
2023-12-17,Medical,56,Chandigarh,30.8307,76.8011,10.4,2.3,Healthcare,Influenza Outbreak,83,Seasonal influenza outbreak with higher than normal hospitalization rates.,False
2023-12-18,Disaster,43,Aizawl,23.6252,92.6482,20.8,6.3,Catastrophic,Chemical Spill,132,Hazardous chemical spill affecting surrounding areas and water bodies.,False
2023-12-18,Medical,57,Mysore,12.3825,76.7812,11.9,3.9,Healthcare,Heatstroke Wave,92,"Multiple cases of heatstroke amid extreme temperatures, affecting vulnerable populations.",False
2023-12-18,Medical,69,Dehradun,30.4126,78.0381,16.6,5.9,Healthcare,Influenza Outbreak,73,Seasonal influenza outbreak with higher than normal hospitalization rates.,False
2023-12-18,Disaster,93,Udaipur,24.653,73.5788,30.2,8.1,Natural,Cloudburst,120,Extremely heavy rainfall in a short period causing flash flooding in mountainous areas.,True
2023-12-18,Medical,63,Raipur,21.1048,81.4737,10.9,4.4,Healthcare,Measles Outbreak,112,Measles outbreak reported in communities with low vaccination coverage.,False
2023-12-18,Medical,69,Mangalore,12.8076,74.9141,13.0,2.9,Healthcare,Encephalitis Cluster,136,"Cluster of encephalitis cases reported, primarily affecting children in the region.",False
2023-12-18,Police,95,Bengaluru,12.9631,77.4789,9.4,7.8,Catastrophic,Mine Collapse,43,Collapse in mining operation trapping workers underground.,False
2023-12-19,Disaster,76,Gwalior,26.3712,77.9889,21.9,8.7,Natural,Cold Wave,107,Severe cold conditions affecting normal life and causing health emergencies.,True
2023-12-19,Disaster,52,Leh,34.148,77.7218,21.9,7.4,Natural,Fog-Related Accidents,34,Fog-Related Accidents requiring emergency response.,False
2023-12-19,Disaster,97,Nagpur,21.1915,79.2331,20.8,6.5,Natural,Coastal Flooding,116,Coastal areas inundated due to high tides and storm surge.,False
2023-12-19,Medical,37,Agra,27.2715,78.1137,11.1,4.0,Healthcare,Influenza Outbreak,149,Seasonal influenza outbreak with higher than normal hospitalization rates.,False
2023-12-20,Medical,53,Nagpur,20.991,79.0797,15.7,2.3,Healthcare,Hepatitis Outbreak,71,Outbreak of hepatitis cases linked to contaminated water sources.,False
2023-12-20,Disaster,66,Gwalior,26.2537,78.2705,29.7,8.3,Natural,Cold Wave,72,Severe cold conditions affecting normal life and causing health emergencies.,True
2023-12-20,Medical,37,Surat,21.3466,72.7851,15.3,6.6,Healthcare,Food Poisoning Incident,22,Mass food poisoning incident requiring emergency medical response.,False
2023-12-20,Medical,86,Delhi,28.4761,77.1104,9.1,2.9,Healthcare,Influenza Outbreak,132,Seasonal influenza outbreak with higher than normal hospitalization rates.,False
2023-12-20,Medical,119,Shillong,25.6635,91.8469,15.0,3.0,Healthcare,COVID-19 Cluster,7,Local outbreak of COVID-19 cases requiring medical response and containment measures.,False
2023-12-20,Disaster,93,Bhubaneswar,20.3435,85.8564,27.7,8.9,Catastrophic,Dam Breach,65,Partial breach of dam structure causing downstream flooding concerns.,True
2023-12-20,Medical,74,Dehradun,30.4308,78.0653,12.5,2.8,Healthcare,COVID-19 Cluster,128,Local outbreak of COVID-19 cases requiring medical response and containment measures.,False
2023-12-20,Medical,75,Gangtok,27.29,88.505,11.6,3.2,Healthcare,Influenza Outbreak,109,Seasonal influenza outbreak with higher than normal hospitalization rates.,False
2023-12-20,Medical,76,Jodhpur,26.1805,73.0101,13.0,4.4,Healthcare,Influenza Outbreak,39,Seasonal influenza outbreak with higher than normal hospitalization rates.,False
2023-12-20,Disaster,152,Bengaluru,13.0316,77.7498,19.4,5.5,Natural,Avalanche,82,Snow avalanche in mountainous regions blocking roads and causing casualties.,False
2023-12-20,Medical,60,Mysore,12.4517,76.7145,11.8,4.6,Healthcare,Swine Flu Cluster,23,H1N1 influenza cases detected requiring enhanced surveillance and medical response.,False
2023-12-21,Disaster,75,Shimla,31.0601,77.3429,25.1,8.2,Natural,Heavy Snowfall,37,Heavy Snowfall requiring emergency response.,True
2023-12-21,Police,31,Hyderabad,17.487,78.4866,9.5,7.3,Catastrophic,Industrial Accident,16,Accident at industrial facility causing multiple injuries and damage.,False
2023-12-21,Medical,75,Hyderabad,17.381,78.5773,12.0,5.0,Healthcare,Measles Outbreak,22,Measles outbreak reported in communities with low vaccination coverage.,False
2023-12-21,Disaster,50,Varanasi,25.3835,83.1629,30.6,7.8,Natural,Cold Wave,104,Severe cold conditions affecting normal life and causing health emergencies.,False
2023-12-21,Fire,34,Chennai,13.2167,80.4613,12.5,8.9,Catastrophic,Refinery Fire,7,Fire at oil refinery requiring specialized firefighting and evacuation.,True
2023-12-21,Medical,40,Leh,34.2799,77.6578,13.9,3.6,Healthcare,Influenza Outbreak,39,Seasonal influenza outbreak with higher than normal hospitalization rates.,False
2023-12-22,Fire,33,Kochi,9.7757,76.2473,17.6,8.6,Catastrophic,Oil Spill,26,Oil spill in water body affecting marine life and coastal communities.,True
2023-12-22,Disaster,53,Leh,34.1831,77.6112,26.5,7.9,Natural,Cold Wave,114,Severe cold conditions affecting normal life and causing health emergencies.,False
2023-12-22,Medical,75,Surat,21.3563,72.7639,17.8,2.6,Healthcare,Cholera Outbreak,126,Waterborne cholera outbreak in affected areas following contamination of water sources.,False
2023-12-22,Medical,43,Vadodara,22.4513,73.2588,13.5,6.5,Catastrophic,Chemical Spill,5,Hazardous chemical spill affecting surrounding areas and water bodies.,False
2023-12-22,Disaster,157,Mumbai,19.2106,72.684,17.2,7.2,Natural,Thunderstorm,84,Severe thunderstorm with lightning causing damages and injuries.,False
2023-12-23,Disaster,93,Varanasi,25.3525,82.8226,28.8,6.1,Natural,Fog-Related Accidents,15,Fog-Related Accidents requiring emergency response.,False
2023-12-23,Medical,59,Chandigarh,30.5627,76.8875,11.1,2.7,Healthcare,Influenza Outbreak,66,Seasonal influenza outbreak with higher than normal hospitalization rates.,False
2023-12-23,Disaster,52,Vadodara,22.2104,73.0754,20.9,4.1,Natural,Avalanche,148,Snow avalanche in mountainous regions blocking roads and causing casualties.,False
2023-12-23,Medical,42,Bhubaneswar,20.2504,85.787,13.8,4.3,Healthcare,Influenza Outbreak,42,Seasonal influenza outbreak with higher than normal hospitalization rates.,False
2023-12-23,Disaster,47,Imphal,24.7411,93.8983,23.3,6.8,Natural,Cold Wave,120,Severe cold conditions affecting normal life and causing health emergencies.,False
2023-12-23,Disaster,77,Jaipur,26.8956,75.6017,26.8,7.7,Natural,Cold Wave,86,Severe cold conditions affecting normal life and causing health emergencies.,False
2023-12-23,Disaster,263,Raipur,21.2106,81.79,28.3,5.1,Natural,Earthquake,130,Seismic activity causing structural damage and disruption.,True
2023-12-23,Medical,70,Visakhapatnam,17.6171,83.2042,11.8,4.9,Healthcare,Leptospirosis Cases,143,Post-flood leptospirosis cases reported in affected areas.,False
2023-12-23,Fire,23,Indore,22.5755,75.7404,20.3,6.9,Catastrophic,Train Derailment,7,Passenger train derailment incident requiring emergency response.,False
2023-12-23,Disaster,49,Kochi,9.877,76.3794,23.0,7.8,Natural,Drought,82,Prolonged dry period affecting agriculture and water availability.,False
2023-12-23,Fire,19,Vadodara,22.4697,73.2692,17.7,7.6,Catastrophic,Structural Failure,108,Critical structural failure in public infrastructure requiring evacuation.,False
2023-12-23,Disaster,341,Raipur,21.2479,81.5706,30.1,9.5,Natural,Cyclone,155,Tropical cyclone making landfall with strong winds and heavy rainfall causing widespread damage.,True
2023-12-23,Disaster,64,Bhubaneswar,20.2002,85.826,33.8,7.2,Natural,Flash Flood,6,Sudden flooding due to heavy rainfall overwhelming drainage systems.,False
2023-12-24,Disaster,43,Visakhapatnam,17.6401,83.0902,28.6,4.6,Natural,Heatwave,72,Prolonged period of extremely high temperatures affecting vulnerable populations.,False
2023-12-24,Medical,143,Bengaluru,12.9445,77.4294,11.9,4.1,Healthcare,Cholera Outbreak,28,Waterborne cholera outbreak in affected areas following contamination of water sources.,False
2023-12-24,Disaster,41,Coimbatore,11.0174,76.9214,30.5,9.0,Natural,Cloudburst,72,Extremely heavy rainfall in a short period causing flash flooding in mountainous areas.,True
2023-12-24,Disaster,440,Mumbai,19.1994,72.8153,23.6,4.1,Natural,Earthquake,72,Seismic activity causing structural damage and disruption.,True
2023-12-24,Disaster,154,Ranchi,23.4804,85.2343,24.1,4.4,Natural,Cyclone,172,Tropical cyclone making landfall with strong winds and heavy rainfall causing widespread damage.,False
2023-12-25,Medical,34,Surat,21.1533,72.7088,10.3,3.9,Healthcare,Influenza Outbreak,61,Seasonal influenza outbreak with higher than normal hospitalization rates.,False
2023-12-25,Disaster,96,Amritsar,31.7633,74.7018,30.1,8.2,Natural,Avalanche,124,Snow avalanche in mountainous regions blocking roads and causing casualties.,True
2023-12-25,Disaster,74,Leh,34.0825,77.4495,29.1,5.8,Natural,Heavy Snowfall,131,Heavy Snowfall requiring emergency response.,False
2023-12-26,Medical,60,Ahmedabad,23.0587,72.6708,9.5,3.7,Healthcare,Food Poisoning Incident,38,Mass food poisoning incident requiring emergency medical response.,False
2023-12-26,Medical,88,Mangalore,12.8164,75.0122,11.6,3.8,Healthcare,COVID-19 Cluster,71,Local outbreak of COVID-19 cases requiring medical response and containment measures.,False
2023-12-26,Medical,58,Pune,18.4998,74.0469,8.8,2.7,Healthcare,Cholera Outbreak,37,Waterborne cholera outbreak in affected areas following contamination of water sources.,False
2023-12-26,Disaster,90,Lucknow,26.6858,80.9097,24.3,9.1,Natural,Fog-Related Accidents,94,Fog-Related Accidents requiring emergency response.,True
2023-12-26,Medical,53,Odisha,20.3511,84.3047,15.0,5.6,Healthcare,Measles Outbreak,135,Measles outbreak reported in communities with low vaccination coverage.,False
2023-12-26,Disaster,83,Mumbai,19.2714,72.7155,20.0,8.2,Catastrophic,Industrial Accident,62,Accident at industrial facility causing multiple injuries and damage.,True
2023-12-26,Medical,32,Surat,21.1976,72.8025,15.1,5.2,Healthcare,Measles Outbreak,131,Measles outbreak reported in communities with low vaccination coverage.,False
2023-12-26,Medical,121,Dehradun,30.2861,78.0771,14.5,2.4,Healthcare,COVID-19 Cluster,35,Local outbreak of COVID-19 cases requiring medical response and containment measures.,False
2023-12-26,Medical,31,Thiruvananthapuram,8.374,76.8484,16.4,2.2,Healthcare,Swine Flu Cluster,73,H1N1 influenza cases detected requiring enhanced surveillance and medical response.,False
2023-12-27,Medical,92,Chennai,12.9954,80.0896,9.6,4.5,Healthcare,Hepatitis Outbreak,48,Outbreak of hepatitis cases linked to contaminated water sources.,False
2023-12-27,Disaster,69,Amritsar,31.6309,74.6865,22.0,6.6,Natural,Cold Wave,99,Severe cold conditions affecting normal life and causing health emergencies.,False
2023-12-27,Disaster,67,Indore,22.5409,75.8609,33.2,6.6,Natural,Avalanche,40,Snow avalanche in mountainous regions blocking roads and causing casualties.,False
2023-12-27,Disaster,49,Aizawl,23.6159,92.5539,29.4,8.4,Natural,Heavy Rainfall,33,Unusually heavy rainfall causing urban flooding and infrastructure damage.,True
2023-12-27,Disaster,80,Gangtok,27.3928,88.707,31.4,6.7,Natural,Fog-Related Accidents,114,Fog-Related Accidents requiring emergency response.,False
2023-12-27,Medical,37,Bhopal,23.2085,77.4912,13.9,4.5,Healthcare,Dengue Outbreak,32,"Surge in dengue fever cases following monsoon rains, straining local healthcare facilities.",False
2023-12-28,Disaster,74,Mangalore,13.1128,74.9473,22.0,6.6,Natural,Thunderstorm,66,Severe thunderstorm with lightning causing damages and injuries.,False
2023-12-28,Disaster,108,Kolkata,22.4325,88.5625,18.1,5.9,Natural,Thunderstorm,148,Severe thunderstorm with lightning causing damages and injuries.,False
2023-12-28,Fire,47,Kolkata,22.5349,88.2959,11.1,7.0,Catastrophic,Refinery Fire,104,Fire at oil refinery requiring specialized firefighting and evacuation.,False
2023-12-28,Disaster,89,Allahabad,25.565,81.8943,27.5,4.1,Natural,Cold Wave,107,Severe cold conditions affecting normal life and causing health emergencies.,False
2023-12-28,Fire,40,Visakhapatnam,17.7875,83.076,17.7,6.7,Catastrophic,Factory Explosion,13,Explosion at manufacturing facility causing casualties and structural damage.,False
2023-12-28,Fire,21,Surat,21.3428,72.7286,17.9,7.6,Catastrophic,Refinery Fire,17,Fire at oil refinery requiring specialized firefighting and evacuation.,False
2023-12-29,Medical,134,Lucknow,26.6921,80.823,13.3,4.0,Healthcare,COVID-19 Cluster,116,Local outbreak of COVID-19 cases requiring medical response and containment measures.,False
2023-12-29,Medical,48,Indore,22.6254,75.804,14.0,6.5,Catastrophic,Oil Spill,17,Oil spill in water body affecting marine life and coastal communities.,False
2023-12-29,Disaster,100,Varanasi,25.2217,82.8231,30.3,4.8,Natural,Cold Wave,149,Severe cold conditions affecting normal life and causing health emergencies.,False
2023-12-29,Disaster,194,Kolkata,22.5828,88.4626,24.6,6.2,Catastrophic,Industrial Accident,89,Accident at industrial facility causing multiple injuries and damage.,False
2023-12-29,Disaster,89,Ranchi,23.2542,85.3709,33.2,7.6,Natural,Thunderstorm,49,Severe thunderstorm with lightning causing damages and injuries.,False
2023-12-29,Medical,31,Aizawl,23.5913,92.8548,10.1,3.4,Healthcare,Dengue Outbreak,79,"Surge in dengue fever cases following monsoon rains, straining local healthcare facilities.",False
2023-12-29,Medical,265,Leh,34.0151,77.5337,13.9,4.7,Healthcare,COVID-19 Cluster,125,Local outbreak of COVID-19 cases requiring medical response and containment measures.,True
2023-12-29,Medical,59,Surat,21.3331,72.6769,12.3,6.5,Catastrophic,Dam Breach,41,Partial breach of dam structure causing downstream flooding concerns.,False
2023-12-29,Medical,79,Goa,15.4424,73.93,13.4,4.8,Healthcare,Influenza Outbreak,75,Seasonal influenza outbreak with higher than normal hospitalization rates.,False
2023-12-30,Disaster,85,Udaipur,24.5697,73.832,20.6,4.0,Natural,Drought,111,Prolonged dry period affecting agriculture and water availability.,False
2023-12-30,Medical,270,Agra,27.3429,77.9278,13.7,6.3,Healthcare,COVID-19 Cluster,76,Local outbreak of COVID-19 cases requiring medical response and containment measures.,True
2023-12-30,Medical,83,Mumbai,19.2457,73.0533,9.7,6.4,Catastrophic,Gas Leak,32,Toxic gas leak from industrial facility affecting nearby residential areas.,False
2023-12-30,Fire,35,Mangalore,12.7478,75.0245,14.7,9.1,Catastrophic,Industrial Fire,48,Major fire at industrial facility requiring evacuation and specialized response.,True
2023-12-30,Disaster,61,Pune,18.6481,73.955,20.8,8.4,Catastrophic,Industrial Accident,45,Accident at industrial facility causing multiple injuries and damage.,True
2023-12-31,Fire,38,Kolkata,22.6636,88.4462,12.5,9.2,Catastrophic,Gas Leak,9,Toxic gas leak from industrial facility affecting nearby residential areas.,True
2023-12-31,Fire,22,Bhubaneswar,20.1388,86.0092,20.3,7.3,Catastrophic,Industrial Fire,13,Major fire at industrial facility requiring evacuation and specialized response.,False
2023-12-31,Disaster,74,Dehradun,30.2329,78.1954,29.4,6.2,Natural,Cold Wave,64,Severe cold conditions affecting normal life and causing health emergencies.,False
2023-12-31,Disaster,84,Odisha,20.3224,84.4371,34.2,4.3,Natural,River Overflow,125,River exceeding danger levels and breaching banks causing flooding.,False
2023-12-31,Medical,191,Delhi,28.6717,77.2895,10.5,2.3,Healthcare,COVID-19 Cluster,44,Local outbreak of COVID-19 cases requiring medical response and containment measures.,False
2023-12-31,Disaster,164,Delhi,28.7615,77.2055,19.4,6.2,Natural,Cold Wave,121,Severe cold conditions affecting normal life and causing health emergencies.,False
2023-12-31,Medical,80,Ahmedabad,23.1514,72.4136,9.7,9.2,Catastrophic,Stadium Stampede,149,Crowd control incident at stadium leading to injuries.,True
2024-01-01,Disaster,92,Nagpur,21.0295,78.9084,28.4,7.6,Natural,Lightning Strike Incident,62,Multiple lightning strikes causing casualties and property damage.,False
2024-01-01,Disaster,95,Mysore,12.4863,76.4945,30.7,6.0,Natural,Dust Storm,129,Severe dust storm reducing visibility and causing respiratory issues.,False
2024-01-01,Disaster,130,Chennai,12.9954,80.3665,22.6,7.9,Catastrophic,Gas Leak,89,Toxic gas leak from industrial facility affecting nearby residential areas.,False
2024-01-01,Disaster,63,Ahmedabad,22.9899,72.4934,23.7,6.3,Natural,Heavy Rainfall,29,Unusually heavy rainfall causing urban flooding and infrastructure damage.,False
2024-01-01,Medical,122,Goa,15.2308,74.0353,13.1,5.7,Healthcare,COVID-19 Cluster,40,Local outbreak of COVID-19 cases requiring medical response and containment measures.,False
2024-01-01,Medical,259,Chandigarh,30.6595,76.8766,12.9,5.6,Healthcare,COVID-19 Cluster,126,Local outbreak of COVID-19 cases requiring medical response and containment measures.,True
2024-01-01,Disaster,60,Mangalore,12.9499,74.8953,26.1,6.4,Catastrophic,Industrial Accident,30,Accident at industrial facility causing multiple injuries and damage.,False
2024-01-01,Police,76,Chennai,13.1441,80.2153,9.7,6.0,Catastrophic,Mine Collapse,128,Collapse in mining operation trapping workers underground.,False
2024-01-02,Medical,126,Jodhpur,26.1442,73.1418,14.4,5.6,Healthcare,COVID-19 Cluster,126,Local outbreak of COVID-19 cases requiring medical response and containment measures.,False
2024-01-02,Disaster,41,Dehradun,30.4588,78.1447,30.5,5.7,Natural,Heavy Snowfall,96,Heavy Snowfall requiring emergency response.,False
2024-01-02,Medical,251,Jaipur,26.798,75.6152,14.7,5.7,Healthcare,COVID-19 Cluster,130,Local outbreak of COVID-19 cases requiring medical response and containment measures.,True
2024-01-02,Police,46,Mysore,12.2117,76.8162,11.7,9.1,Catastrophic,Train Derailment,147,Passenger train derailment incident requiring emergency response.,True
2024-01-02,Disaster,44,Guwahati,26.0326,91.8215,29.2,9.0,Natural,Fog-Related Accidents,127,Fog-Related Accidents requiring emergency response.,True
2024-01-02,Disaster,75,Agra,27.0367,77.8154,22.5,8.4,Natural,Cold Wave,60,Severe cold conditions affecting normal life and causing health emergencies.,True
2024-01-02,Disaster,56,Surat,21.0397,72.9747,28.5,9.2,Catastrophic,Building Collapse,147,Multi-story building collapse trapping residents and causing casualties.,True
2024-01-02,Medical,294,Leh,34.0532,77.7282,15.3,3.3,Healthcare,COVID-19 Cluster,143,Local outbreak of COVID-19 cases requiring medical response and containment measures.,True
2024-01-02,Police,52,Mysore,12.1171,76.7958,9.7,8.1,Catastrophic,Building Collapse,66,Multi-story building collapse trapping residents and causing casualties.,True
2024-01-02,Disaster,78,Allahabad,25.3507,81.8576,27.1,5.4,Natural,Cold Wave,132,Severe cold conditions affecting normal life and causing health emergencies.,False
2024-01-02,Disaster,140,Bhubaneswar,20.358,85.8553,20.9,4.7,Natural,Cyclone,116,Tropical cyclone making landfall with strong winds and heavy rainfall causing widespread damage.,False
2024-01-03,Disaster,74,Shillong,25.6044,91.8063,21.5,7.3,Natural,Cold Wave,79,Severe cold conditions affecting normal life and causing health emergencies.,False
2024-01-03,Medical,55,Kochi,9.9892,76.1163,13.8,4.7,Healthcare,Food Poisoning Incident,68,Mass food poisoning incident requiring emergency medical response.,False
2024-01-03,Disaster,81,Raipur,21.3383,81.7418,18.9,7.0,Catastrophic,Building Collapse,135,Multi-story building collapse trapping residents and causing casualties.,False
2024-01-03,Medical,169,Bengaluru,12.7903,77.6288,11.1,5.2,Healthcare,Dengue Outbreak,15,"Surge in dengue fever cases following monsoon rains, straining local healthcare facilities.",False
2024-01-03,Medical,196,Lucknow,26.7056,80.8867,11.2,3.5,Healthcare,COVID-19 Cluster,62,Local outbreak of COVID-19 cases requiring medical response and containment measures.,False
2024-01-03,Medical,171,Chandigarh,30.6387,76.6121,13.8,5.4,Healthcare,COVID-19 Cluster,110,Local outbreak of COVID-19 cases requiring medical response and containment measures.,False
2024-01-03,Disaster,52,Chandigarh,30.8743,76.9649,32.2,5.0,Natural,Heavy Snowfall,113,Heavy Snowfall requiring emergency response.,False
2024-01-03,Disaster,49,Jaipur,26.878,75.9519,25.9,6.8,Natural,Fog-Related Accidents,36,Fog-Related Accidents requiring emergency response.,False
2024-01-03,Medical,74,Visakhapatnam,17.5936,83.3639,13.1,6.9,Healthcare,Hepatitis Outbreak,13,Outbreak of hepatitis cases linked to contaminated water sources.,False
2024-01-03,Disaster,80,Allahabad,25.4718,81.9358,31.4,5.8,Natural,Cold Wave,94,Severe cold conditions affecting normal life and causing health emergencies.,False
2024-01-03,Disaster,58,Lucknow,26.9886,81.1292,31.3,5.9,Natural,Cold Wave,80,Severe cold conditions affecting normal life and causing health emergencies.,False
2024-01-03,Disaster,51,Nagpur,21.2489,79.19,30.2,8.6,Catastrophic,Construction Site Accident,96,Accident at major construction site requiring emergency response.,True
2024-01-03,Disaster,80,Shillong,25.7061,92.0134,24.7,4.3,Natural,Fog-Related Accidents,99,Fog-Related Accidents requiring emergency response.,False
2024-01-03,Disaster,44,Agra,27.1687,77.9554,29.3,8.8,Natural,Cold Wave,143,Severe cold conditions affecting normal life and causing health emergencies.,True
2024-01-03,Medical,78,Kochi,9.918,76.0777,14.7,2.2,Healthcare,Gastroenteritis Outbreak,32,"Outbreak of gastroenteritis affecting multiple communities, likely from contaminated water.",False
2024-01-04,Disaster,54,Bhubaneswar,20.3399,86.0103,31.3,6.5,Catastrophic,Oil Spill,26,Oil spill in water body affecting marine life and coastal communities.,False
2024-01-04,Medical,76,Kohima,25.872,94.2402,12.6,2.4,Healthcare,Influenza Outbreak,106,Seasonal influenza outbreak with higher than normal hospitalization rates.,False
2024-01-04,Fire,18,Imphal,24.8699,93.7407,12.5,9.2,Catastrophic,Factory Explosion,75,Explosion at manufacturing facility causing casualties and structural damage.,True
2024-01-04,Medical,253,Goa,15.1761,74.2997,10.7,3.8,Healthcare,COVID-19 Cluster,20,Local outbreak of COVID-19 cases requiring medical response and containment measures.,True
2024-01-04,Disaster,56,Agartala,23.9844,91.3845,33.6,8.2,Natural,Dust Storm,116,Severe dust storm reducing visibility and causing respiratory issues.,True
2024-01-05,Medical,61,Leh,34.2173,77.6652,12.7,3.6,Healthcare,Influenza Outbreak,94,Seasonal influenza outbreak with higher than normal hospitalization rates.,False
2024-01-05,Medical,62,Pune,18.4147,73.8632,10.1,2.5,Healthcare,Gastroenteritis Outbreak,30,"Outbreak of gastroenteritis affecting multiple communities, likely from contaminated water.",False
2024-01-05,Disaster,84,Shillong,25.6027,91.7035,26.1,8.0,Natural,Fog-Related Accidents,31,Fog-Related Accidents requiring emergency response.,False
2024-01-05,Disaster,66,Dehradun,30.3082,78.1514,27.5,6.9,Natural,Fog-Related Accidents,43,Fog-Related Accidents requiring emergency response.,False
2024-01-05,Fire,29,Coimbatore,11.0206,77.0549,17.4,8.0,Catastrophic,Chemical Spill,146,Hazardous chemical spill affecting surrounding areas and water bodies.,False
2024-01-05,Disaster,189,Mysore,12.2171,76.7712,32.5,6.0,Natural,Cyclone,90,Tropical cyclone making landfall with strong winds and heavy rainfall causing widespread damage.,False
2024-01-06,Fire,20,Imphal,25.0147,93.9558,16.8,6.7,Catastrophic,Industrial Fire,141,Major fire at industrial facility requiring evacuation and specialized response.,False
2024-01-06,Disaster,48,Lucknow,26.8493,80.9497,26.2,5.8,Natural,Cold Wave,81,Severe cold conditions affecting normal life and causing health emergencies.,False
2024-01-06,Disaster,71,Visakhapatnam,17.5698,83.2344,29.2,8.7,Catastrophic,Industrial Accident,56,Accident at industrial facility causing multiple injuries and damage.,True
2024-01-06,Disaster,88,Raipur,21.235,81.5527,25.7,7.0,Natural,Cold Wave,74,Severe cold conditions affecting normal life and causing health emergencies.,False
2024-01-06,Medical,41,Leh,34.1681,77.4535,10.7,5.2,Healthcare,Influenza Outbreak,17,Seasonal influenza outbreak with higher than normal hospitalization rates.,False
2024-01-06,Disaster,67,Patna,25.767,85.2658,31.2,9.0,Natural,Cold Wave,143,Severe cold conditions affecting normal life and causing health emergencies.,True
2024-01-06,Medical,122,Bengaluru,12.9188,77.6529,8.0,6.4,Catastrophic,Gas Leak,12,Toxic gas leak from industrial facility affecting nearby residential areas.,False
2024-01-06,Disaster,69,Guwahati,26.0589,91.6568,28.6,7.4,Natural,Fog-Related Accidents,71,Fog-Related Accidents requiring emergency response.,False
2024-01-07,Medical,55,Aizawl,23.5724,92.8989,13.3,3.4,Healthcare,Swine Flu Cluster,61,H1N1 influenza cases detected requiring enhanced surveillance and medical response.,False
2024-01-07,Fire,39,Goa,15.2478,74.0502,18.5,8.7,Natural,Forest Fire,32,Wildfire spreading through forest areas threatening nearby settlements.,True
2024-01-07,Disaster,44,Gwalior,26.1839,78.009,21.6,7.1,Natural,Cold Wave,117,Severe cold conditions affecting normal life and causing health emergencies.,False
2024-01-07,Fire,26,Pune,18.4911,74.0194,13.8,8.9,Natural,Forest Fire,123,Wildfire spreading through forest areas threatening nearby settlements.,True
2024-01-07,Medical,91,Delhi,28.709,77.0813,11.7,6.0,Healthcare,Influenza Outbreak,30,Seasonal influenza outbreak with higher than normal hospitalization rates.,False
2024-01-07,Disaster,100,Hyderabad,17.3649,78.4998,23.1,5.6,Natural,Lightning Strike Incident,97,Multiple lightning strikes causing casualties and property damage.,False
2024-01-07,Disaster,79,Amritsar,31.4608,74.8281,35.6,8.0,Natural,Cold Wave,115,Severe cold conditions affecting normal life and causing health emergencies.,False
2024-01-07,Medical,37,Vadodara,22.136,73.1226,14.6,6.8,Healthcare,Gastroenteritis Outbreak,19,"Outbreak of gastroenteritis affecting multiple communities, likely from contaminated water.",False
2024-01-08,Fire,32,Vijayawada,16.4503,80.671,16.0,7.0,Catastrophic,Industrial Fire,106,Major fire at industrial facility requiring evacuation and specialized response.,False
2024-01-08,Disaster,58,Visakhapatnam,17.8295,83.0709,33.7,4.1,Natural,Thunderstorm,58,Severe thunderstorm with lightning causing damages and injuries.,False
2024-01-08,Fire,32,Udaipur,24.7037,73.8675,18.6,9.8,Catastrophic,Factory Explosion,16,Explosion at manufacturing facility causing casualties and structural damage.,True
2024-01-09,Disaster,86,Shillong,25.6369,92.0181,31.0,6.1,Natural,Cold Wave,106,Severe cold conditions affecting normal life and causing health emergencies.,False
2024-01-09,Medical,69,Mysore,12.3008,76.7769,12.1,5.0,Healthcare,Malaria Surge,53,"Increased malaria cases reported in rural areas, requiring medical intervention.",False
2024-01-09,Medical,66,Gwalior,26.05,78.2139,14.2,3.0,Healthcare,COVID-19 Cluster,20,Local outbreak of COVID-19 cases requiring medical response and containment measures.,False
2024-01-09,Fire,28,Kochi,9.806,76.1368,17.4,8.6,Catastrophic,Structural Failure,99,Critical structural failure in public infrastructure requiring evacuation.,True
2024-01-09,Medical,51,Kolkata,22.4568,88.2763,11.0,6.1,Healthcare,Swine Flu Cluster,119,H1N1 influenza cases detected requiring enhanced surveillance and medical response.,False
2024-01-10,Disaster,98,Lucknow,26.9856,80.9491,21.7,6.8,Natural,Cold Wave,109,Severe cold conditions affecting normal life and causing health emergencies.,False
2024-01-10,Medical,54,Aizawl,23.779,92.6247,12.7,2.1,Healthcare,Influenza Outbreak,71,Seasonal influenza outbreak with higher than normal hospitalization rates.,False
2024-01-10,Disaster,50,Patna,25.614,84.9496,20.4,7.6,Natural,Cold Wave,133,Severe cold conditions affecting normal life and causing health emergencies.,False
2024-01-10,Medical,31,Dehradun,30.3262,77.9915,12.5,6.2,Healthcare,Influenza Outbreak,69,Seasonal influenza outbreak with higher than normal hospitalization rates.,False
2024-01-10,Medical,64,Nagpur,21.031,79.039,13.2,5.2,Healthcare,Influenza Outbreak,47,Seasonal influenza outbreak with higher than normal hospitalization rates.,False
2024-01-10,Fire,16,Ranchi,23.2112,85.1692,21.2,6.7,Catastrophic,Industrial Fire,123,Major fire at industrial facility requiring evacuation and specialized response.,False
2024-01-10,Disaster,130,Delhi,28.4194,77.3233,17.8,6.3,Natural,Cold Wave,150,Severe cold conditions affecting normal life and causing health emergencies.,False
2024-01-11,Disaster,82,Ranchi,23.183,85.1438,27.1,6.5,Natural,Heatwave,113,Prolonged period of extremely high temperatures affecting vulnerable populations.,False
2024-01-11,Fire,26,Odisha,20.4393,84.4126,14.3,8.1,Catastrophic,Factory Explosion,99,Explosion at manufacturing facility causing casualties and structural damage.,True
2024-01-11,Disaster,94,Delhi,28.7668,77.1202,21.0,4.0,Natural,Fog-Related Accidents,144,Fog-Related Accidents requiring emergency response.,False
2024-01-11,Medical,58,Odisha,20.6971,84.6735,14.5,3.0,Healthcare,Gastroenteritis Outbreak,113,"Outbreak of gastroenteritis affecting multiple communities, likely from contaminated water.",False
2024-01-12,Disaster,65,Kohima,25.8582,94.0938,25.2,6.0,Natural,Cold Wave,58,Severe cold conditions affecting normal life and causing health emergencies.,False
2024-01-12,Fire,23,Nagpur,21.061,79.0668,17.8,6.7,Catastrophic,Factory Explosion,150,Explosion at manufacturing facility causing casualties and structural damage.,False
2024-01-12,Disaster,153,Ranchi,23.3108,85.3103,25.6,7.0,Natural,Cyclone,109,Tropical cyclone making landfall with strong winds and heavy rainfall causing widespread damage.,False
2024-01-12,Disaster,100,Bhubaneswar,20.2067,86.0241,19.1,6.9,Natural,Coastal Flooding,20,Coastal areas inundated due to high tides and storm surge.,False
2024-01-12,Medical,30,Agra,27.2027,77.8166,14.1,4.5,Healthcare,Influenza Outbreak,67,Seasonal influenza outbreak with higher than normal hospitalization rates.,False
2024-01-12,Disaster,59,Coimbatore,10.9832,77.0453,35.0,5.1,Natural,Landslide,14,Landslide triggered by heavy rainfall blocking roads and damaging structures.,False
2024-01-12,Medical,43,Jaipur,26.9704,75.6339,10.2,3.6,Healthcare,Influenza Outbreak,70,Seasonal influenza outbreak with higher than normal hospitalization rates.,False
2024-01-12,Medical,61,Allahabad,25.2547,81.8587,12.1,2.4,Healthcare,Influenza Outbreak,68,Seasonal influenza outbreak with higher than normal hospitalization rates.,False
2024-01-12,Medical,71,Ahmedabad,23.0703,72.497,9.2,4.3,Healthcare,Cholera Outbreak,74,Waterborne cholera outbreak in affected areas following contamination of water sources.,False
2024-01-13,Fire,26,Mysore,12.2165,76.4961,20.4,6.8,Catastrophic,Chemical Spill,82,Hazardous chemical spill affecting surrounding areas and water bodies.,False
2024-01-13,Disaster,65,Allahabad,25.4966,81.738,22.1,9.2,Natural,Fog-Related Accidents,9,Fog-Related Accidents requiring emergency response.,True
2024-01-13,Disaster,96,Nagpur,21.2156,79.2034,23.2,7.1,Natural,Monsoon Flooding,114,Widespread flooding due to monsoon rains affecting multiple areas.,False
2024-01-13,Disaster,73,Agra,27.0288,77.9682,20.3,8.2,Natural,Fog-Related Accidents,110,Fog-Related Accidents requiring emergency response.,True
2024-01-13,Disaster,78,Mysore,12.3705,76.6888,21.4,8.0,Catastrophic,Oil Spill,83,Oil spill in water body affecting marine life and coastal communities.,False
2024-01-13,Disaster,81,Dehradun,30.4192,78.1478,29.2,7.6,Natural,Heavy Snowfall,74,Heavy Snowfall requiring emergency response.,False
2024-01-13,Medical,57,Srinagar,34.1919,74.801,11.0,5.3,Healthcare,Influenza Outbreak,94,Seasonal influenza outbreak with higher than normal hospitalization rates.,False
2024-01-13,Medical,59,Aizawl,23.8673,92.6334,15.9,2.3,Healthcare,Swine Flu Cluster,82,H1N1 influenza cases detected requiring enhanced surveillance and medical response.,False
2024-01-13,Disaster,49,Mangalore,12.7887,74.7739,21.4,8.8,Natural,River Overflow,33,River exceeding danger levels and breaching banks causing flooding.,True
2024-01-14,Disaster,160,Chennai,13.2687,80.1318,19.1,5.1,Natural,Lightning Strike Incident,117,Multiple lightning strikes causing casualties and property damage.,False
2024-01-14,Medical,66,Srinagar,33.9725,74.7961,12.1,2.0,Healthcare,Influenza Outbreak,104,Seasonal influenza outbreak with higher than normal hospitalization rates.,False
2024-01-14,Medical,46,Imphal,24.6634,94.0773,15.8,4.1,Healthcare,Encephalitis Cluster,80,"Cluster of encephalitis cases reported, primarily affecting children in the region.",False
2024-01-15,Disaster,100,Agra,27.3404,77.9706,21.5,4.5,Natural,Fog-Related Accidents,37,Fog-Related Accidents requiring emergency response.,False
2024-01-15,Disaster,76,Srinagar,34.1936,74.7761,23.2,6.8,Natural,Cold Wave,136,Severe cold conditions affecting normal life and causing health emergencies.,False
2024-01-15,Disaster,95,Lucknow,26.8964,80.816,24.3,9.1,Natural,Fog-Related Accidents,101,Fog-Related Accidents requiring emergency response.,True
2024-01-15,Disaster,75,Bhopal,23.4438,77.3804,30.6,5.9,Natural,Dust Storm,128,Severe dust storm reducing visibility and causing respiratory issues.,False
2024-01-15,Disaster,56,Leh,34.3416,77.6346,27.1,9.0,Natural,Fog-Related Accidents,82,Fog-Related Accidents requiring emergency response.,True
2024-01-15,Disaster,50,Goa,15.289,74.2419,21.8,9.5,Catastrophic,Dam Breach,114,Partial breach of dam structure causing downstream flooding concerns.,True
2024-01-16,Disaster,54,Odisha,20.5301,84.4005,19.7,5.0,Natural,River Overflow,65,River exceeding danger levels and breaching banks causing flooding.,False
2024-01-16,Fire,14,Vijayawada,16.3342,80.5669,14.4,7.2,Catastrophic,Chemical Spill,29,Hazardous chemical spill affecting surrounding areas and water bodies.,False
2024-01-16,Medical,64,Visakhapatnam,17.541,83.0425,12.9,8.8,Catastrophic,Structural Failure,74,Critical structural failure in public infrastructure requiring evacuation.,True
2024-01-16,Disaster,83,Surat,21.3095,72.7742,22.3,4.3,Natural,Monsoon Flooding,135,Widespread flooding due to monsoon rains affecting multiple areas.,False
2024-01-16,Medical,71,Kohima,25.6606,93.9557,11.7,4.9,Healthcare,Influenza Outbreak,90,Seasonal influenza outbreak with higher than normal hospitalization rates.,False
2024-01-16,Police,40,Aizawl,23.6017,92.8438,10.3,6.9,Catastrophic,Building Collapse,66,Multi-story building collapse trapping residents and causing casualties.,False
2024-01-16,Disaster,61,Ahmedabad,22.839,72.4107,17.1,6.9,Natural,Avalanche,56,Snow avalanche in mountainous regions blocking roads and causing casualties.,False
2024-01-16,Disaster,68,Chandigarh,30.5685,76.674,28.1,4.6,Natural,Cold Wave,133,Severe cold conditions affecting normal life and causing health emergencies.,False
2024-01-16,Medical,55,Agartala,23.6676,91.2891,12.2,5.0,Healthcare,Leptospirosis Cases,5,Post-flood leptospirosis cases reported in affected areas.,False
2024-01-17,Disaster,53,Agartala,23.9279,91.2518,20.0,5.7,Natural,Coastal Flooding,128,Coastal areas inundated due to high tides and storm surge.,False
2024-01-17,Medical,67,Leh,34.0406,77.5586,10.9,5.8,Healthcare,Influenza Outbreak,25,Seasonal influenza outbreak with higher than normal hospitalization rates.,False
2024-01-18,Disaster,85,Gangtok,27.3101,88.4726,22.5,8.1,Natural,Fog-Related Accidents,54,Fog-Related Accidents requiring emergency response.,True
2024-01-18,Disaster,52,Agartala,23.9043,91.425,32.0,4.5,Natural,Heavy Rainfall,78,Unusually heavy rainfall causing urban flooding and infrastructure damage.,False
2024-01-18,Disaster,87,Kohima,25.8517,94.2,22.6,6.2,Natural,Fog-Related Accidents,87,Fog-Related Accidents requiring emergency response.,False
2024-01-18,Disaster,57,Raipur,21.4514,81.5696,19.1,7.0,Natural,Heavy Rainfall,121,Unusually heavy rainfall causing urban flooding and infrastructure damage.,False
2024-01-19,Disaster,234,Delhi,28.4175,77.4025,21.7,8.8,Natural,Cold Wave,101,Severe cold conditions affecting normal life and causing health emergencies.,True
2024-01-19,Disaster,50,Leh,34.2725,77.4481,32.2,8.9,Natural,Avalanche,59,Snow avalanche in mountainous regions blocking roads and causing casualties.,True
2024-01-19,Disaster,70,Patna,25.6445,85.1492,28.2,6.1,Natural,Fog-Related Accidents,65,Fog-Related Accidents requiring emergency response.,False
2024-01-19,Medical,62,Kolkata,22.7616,88.3292,11.6,4.2,Healthcare,Gastroenteritis Outbreak,5,"Outbreak of gastroenteritis affecting multiple communities, likely from contaminated water.",False
2024-01-19,Disaster,91,Chandigarh,30.5675,76.8061,22.3,5.7,Natural,Fog-Related Accidents,149,Fog-Related Accidents requiring emergency response.,False
2024-01-19,Fire,29,Udaipur,24.6678,73.9022,15.3,6.1,Natural,Forest Fire,70,Wildfire spreading through forest areas threatening nearby settlements.,False
2024-01-20,Medical,52,Ahmedabad,22.9258,72.5181,10.6,5.5,Healthcare,Encephalitis Cluster,49,"Cluster of encephalitis cases reported, primarily affecting children in the region.",False
2024-01-20,Fire,28,Bengaluru,13.0853,77.4425,12.1,8.1,Catastrophic,Chemical Spill,75,Hazardous chemical spill affecting surrounding areas and water bodies.,True
2024-01-21,Medical,67,Mysore,12.4595,76.5231,14.6,5.1,Healthcare,Malaria Surge,138,"Increased malaria cases reported in rural areas, requiring medical intervention.",False
2024-01-21,Fire,22,Pune,18.6181,73.989,14.7,8.2,Catastrophic,Factory Explosion,109,Explosion at manufacturing facility causing casualties and structural damage.,True
2024-01-21,Disaster,51,Shimla,31.0133,77.1468,23.1,6.6,Natural,Heavy Snowfall,107,Heavy Snowfall requiring emergency response.,False
2024-01-21,Disaster,79,Kolkata,22.4336,88.2546,24.2,4.6,Natural,Lightning Strike Incident,135,Multiple lightning strikes causing casualties and property damage.,False
2024-01-21,Medical,44,Kohima,25.5072,94.0575,17.0,5.4,Healthcare,Influenza Outbreak,14,Seasonal influenza outbreak with higher than normal hospitalization rates.,False
2024-01-21,Disaster,79,Gwalior,26.1733,78.1924,31.0,7.0,Natural,Cold Wave,98,Severe cold conditions affecting normal life and causing health emergencies.,False
2024-01-21,Disaster,60,Goa,15.2753,73.9996,30.4,7.5,Natural,Coastal Flooding,85,Coastal areas inundated due to high tides and storm surge.,False
2024-01-21,Disaster,43,Allahabad,25.4759,81.6676,21.5,4.6,Natural,Fog-Related Accidents,33,Fog-Related Accidents requiring emergency response.,False
2024-01-21,Medical,70,Mangalore,12.9642,74.7338,16.2,5.7,Healthcare,Heatstroke Wave,98,"Multiple cases of heatstroke amid extreme temperatures, affecting vulnerable populations.",False
2024-01-21,Disaster,100,Lucknow,26.8632,80.9665,20.4,5.7,Natural,Cold Wave,138,Severe cold conditions affecting normal life and causing health emergencies.,False
2024-01-22,Disaster,86,Aizawl,23.8291,92.7515,34.0,6.5,Catastrophic,Industrial Accident,52,Accident at industrial facility causing multiple injuries and damage.,False
2024-01-22,Disaster,70,Patna,25.6147,85.3189,25.5,8.9,Natural,Cold Wave,51,Severe cold conditions affecting normal life and causing health emergencies.,True
2024-01-22,Medical,64,Imphal,24.7717,93.841,13.6,2.3,Healthcare,Influenza Outbreak,82,Seasonal influenza outbreak with higher than normal hospitalization rates.,False
2024-01-22,Disaster,48,Raipur,21.2534,81.6108,26.7,5.3,Natural,River Overflow,114,River exceeding danger levels and breaching banks causing flooding.,False
2024-01-22,Disaster,84,Lucknow,26.7637,81.128,23.9,5.9,Natural,Fog-Related Accidents,51,Fog-Related Accidents requiring emergency response.,False
2024-01-22,Disaster,67,Amritsar,31.5543,74.9361,32.7,5.0,Natural,Cold Wave,135,Severe cold conditions affecting normal life and causing health emergencies.,False
2024-01-22,Medical,51,Gwalior,26.2601,78.3705,10.8,3.3,Healthcare,Influenza Outbreak,138,Seasonal influenza outbreak with higher than normal hospitalization rates.,False
2024-01-22,Disaster,94,Shimla,31.1214,77.3697,27.9,8.6,Natural,Cold Wave,119,Severe cold conditions affecting normal life and causing health emergencies.,True
2024-01-22,Disaster,80,Shimla,31.0148,77.1507,25.7,8.1,Natural,Heavy Snowfall,103,Heavy Snowfall requiring emergency response.,True
2024-01-22,Disaster,177,Bengaluru,12.9405,77.5697,15.6,9.5,Catastrophic,Building Collapse,31,Multi-story building collapse trapping residents and causing casualties.,True
2024-01-23,Medical,53,Jaipur,27.0392,75.7071,15.8,2.0,Healthcare,Influenza Outbreak,67,Seasonal influenza outbreak with higher than normal hospitalization rates.,False
2024-01-23,Disaster,41,Gangtok,27.4232,88.7871,18.2,7.5,Natural,Fog-Related Accidents,40,Fog-Related Accidents requiring emergency response.,False
2024-01-23,Disaster,41,Surat,21.0921,72.8329,33.5,7.2,Catastrophic,Construction Site Accident,89,Accident at major construction site requiring emergency response.,False
2024-01-23,Medical,55,Indore,22.7149,75.8,15.7,5.1,Healthcare,Swine Flu Cluster,150,H1N1 influenza cases detected requiring enhanced surveillance and medical response.,False
2024-01-23,Disaster,58,Odisha,20.5108,84.4327,31.0,9.5,Natural,Avalanche,88,Snow avalanche in mountainous regions blocking roads and causing casualties.,True
2024-01-23,Fire,20,Bengaluru,13.0497,77.4289,10.8,7.5,Catastrophic,Factory Explosion,83,Explosion at manufacturing facility causing casualties and structural damage.,False
2024-01-23,Medical,75,Pune,18.4789,73.6763,8.9,6.8,Healthcare,Malaria Surge,82,"Increased malaria cases reported in rural areas, requiring medical intervention.",False
2024-01-24,Medical,51,Jaipur,27.0975,75.8463,12.6,6.2,Healthcare,Influenza Outbreak,60,Seasonal influenza outbreak with higher than normal hospitalization rates.,False
2024-01-24,Disaster,64,Patna,25.5056,85.0262,31.1,6.2,Natural,Fog-Related Accidents,20,Fog-Related Accidents requiring emergency response.,False
2024-01-24,Disaster,43,Chandigarh,30.6595,76.6164,34.3,8.8,Natural,Heavy Snowfall,124,Heavy Snowfall requiring emergency response.,True
2024-01-24,Medical,69,Patna,25.5541,85.0152,10.5,7.0,Healthcare,COVID-19 Cluster,131,Local outbreak of COVID-19 cases requiring medical response and containment measures.,False
2024-01-25,Medical,54,Chandigarh,30.5895,76.8723,10.0,6.6,Healthcare,Influenza Outbreak,142,Seasonal influenza outbreak with higher than normal hospitalization rates.,False
2024-01-25,Disaster,97,Visakhapatnam,17.6713,83.3735,21.3,7.4,Natural,Flash Flood,146,Sudden flooding due to heavy rainfall overwhelming drainage systems.,False
2024-01-25,Police,48,Thiruvananthapuram,8.5952,76.7749,10.5,7.3,Catastrophic,Industrial Accident,98,Accident at industrial facility causing multiple injuries and damage.,False
2024-01-25,Disaster,87,Udaipur,24.6502,73.8887,20.3,8.8,Catastrophic,Road Collapse,118,Major road collapse due to structural failure or subsidence.,True
2024-01-25,Disaster,49,Dehradun,30.3351,77.8608,30.4,7.2,Natural,Avalanche,104,Snow avalanche in mountainous regions blocking roads and causing casualties.,False
2024-01-25,Medical,65,Guwahati,26.1874,91.5621,14.0,6.7,Healthcare,Influenza Outbreak,119,Seasonal influenza outbreak with higher than normal hospitalization rates.,False
2024-01-26,Disaster,89,Goa,15.4734,73.9272,25.9,6.3,Natural,Lightning Strike Incident,86,Multiple lightning strikes causing casualties and property damage.,False
2024-01-26,Disaster,56,Allahabad,25.43,81.7339,24.6,4.3,Natural,Fog-Related Accidents,20,Fog-Related Accidents requiring emergency response.,False
2024-01-26,Medical,76,Chandigarh,30.7264,76.9482,16.5,5.0,Healthcare,Influenza Outbreak,76,Seasonal influenza outbreak with higher than normal hospitalization rates.,False
2024-01-26,Medical,102,Bengaluru,13.0704,77.566,10.6,4.7,Healthcare,Measles Outbreak,85,Measles outbreak reported in communities with low vaccination coverage.,False
2024-01-26,Police,24,Mangalore,12.7154,74.706,10.0,7.3,Catastrophic,Structural Failure,57,Critical structural failure in public infrastructure requiring evacuation.,False
2024-01-26,Disaster,89,Dehradun,30.3886,78.0286,28.4,4.9,Natural,Fog-Related Accidents,9,Fog-Related Accidents requiring emergency response.,False
2024-01-27,Medical,61,Visakhapatnam,17.6866,83.0806,14.2,4.4,Healthcare,Cholera Outbreak,68,Waterborne cholera outbreak in affected areas following contamination of water sources.,False
2024-01-27,Medical,49,Thiruvananthapuram,8.6544,76.8444,16.1,4.2,Healthcare,Cholera Outbreak,82,Waterborne cholera outbreak in affected areas following contamination of water sources.,False
2024-01-27,Fire,11,Surat,21.3636,73.0246,13.1,8.8,Catastrophic,Refinery Fire,98,Fire at oil refinery requiring specialized firefighting and evacuation.,True
2024-01-27,Fire,32,Surat,21.1972,72.73,19.7,7.7,Catastrophic,Industrial Fire,58,Major fire at industrial facility requiring evacuation and specialized response.,False
2024-01-27,Medical,43,Udaipur,24.4447,73.8166,13.0,5.5,Healthcare,Leptospirosis Cases,58,Post-flood leptospirosis cases reported in affected areas.,False
2024-01-27,Police,22,Hyderabad,17.3339,78.4379,7.6,8.2,Catastrophic,Train Derailment,60,Passenger train derailment incident requiring emergency response.,True
2024-01-27,Medical,58,Coimbatore,10.8739,77.1426,12.9,2.3,Healthcare,Malaria Surge,19,"Increased malaria cases reported in rural areas, requiring medical intervention.",False
2024-01-27,Medical,113,Dehradun,30.1566,78.0881,11.3,5.9,Healthcare,COVID-19 Cluster,20,Local outbreak of COVID-19 cases requiring medical response and containment measures.,False
2024-01-27,Disaster,58,Jodhpur,26.1017,73.1488,24.2,8.1,Natural,Cold Wave,64,Severe cold conditions affecting normal life and causing health emergencies.,True
2024-01-27,Disaster,97,Jaipur,26.9882,75.9291,32.0,9.4,Natural,Cold Wave,105,Severe cold conditions affecting normal life and causing health emergencies.,True
2024-01-28,Medical,164,Indore,22.7984,75.6796,14.4,6.2,Healthcare,COVID-19 Cluster,98,Local outbreak of COVID-19 cases requiring medical response and containment measures.,False
2024-01-28,Disaster,74,Indore,22.7086,75.7501,25.7,9.8,Catastrophic,Mine Collapse,64,Collapse in mining operation trapping workers underground.,True
2024-01-28,Medical,35,Lucknow,26.9845,80.8076,17.4,4.3,Healthcare,Influenza Outbreak,64,Seasonal influenza outbreak with higher than normal hospitalization rates.,False
2024-01-28,Disaster,62,Agra,27.3367,78.1692,26.0,9.4,Natural,Cold Wave,130,Severe cold conditions affecting normal life and causing health emergencies.,True
2024-01-28,Disaster,66,Mangalore,13.1061,74.8533,27.0,8.6,Natural,Flash Flood,16,Sudden flooding due to heavy rainfall overwhelming drainage systems.,True
2024-01-28,Medical,30,Ahmedabad,22.9532,72.7311,8.5,2.2,Healthcare,Malaria Surge,31,"Increased malaria cases reported in rural areas, requiring medical intervention.",False
2024-01-28,Medical,80,Bhubaneswar,20.4525,85.7783,15.3,3.7,Healthcare,Malaria Surge,97,"Increased malaria cases reported in rural areas, requiring medical intervention.",False
2024-01-29,Police,57,Vijayawada,16.5931,80.4882,10.4,7.6,Catastrophic,Mine Collapse,32,Collapse in mining operation trapping workers underground.,False
2024-01-29,Disaster,44,Mysore,12.4694,76.8105,29.8,5.0,Natural,Avalanche,92,Snow avalanche in mountainous regions blocking roads and causing casualties.,False
2024-01-29,Medical,79,Bhopal,23.2547,77.4742,14.8,5.2,Healthcare,Influenza Outbreak,93,Seasonal influenza outbreak with higher than normal hospitalization rates.,False
2024-01-29,Disaster,89,Amritsar,31.5625,74.9833,33.6,6.6,Natural,Heavy Snowfall,141,Heavy Snowfall requiring emergency response.,False
2024-01-29,Disaster,99,Kohima,25.7551,94.2478,27.6,7.0,Natural,Fog-Related Accidents,76,Fog-Related Accidents requiring emergency response.,False
2024-01-29,Medical,31,Kochi,9.7805,76.2696,13.3,5.1,Healthcare,Influenza Outbreak,44,Seasonal influenza outbreak with higher than normal hospitalization rates.,False
2024-01-30,Fire,28,Vijayawada,16.4451,80.6639,18.3,5.7,Natural,Forest Fire,143,Wildfire spreading through forest areas threatening nearby settlements.,False
2024-01-30,Medical,169,Agra,27.0649,78.2019,12.7,3.5,Healthcare,COVID-19 Cluster,118,Local outbreak of COVID-19 cases requiring medical response and containment measures.,False
2024-01-30,Medical,66,Amritsar,31.6207,74.9656,13.4,5.0,Healthcare,Influenza Outbreak,13,Seasonal influenza outbreak with higher than normal hospitalization rates.,False
2024-01-30,Disaster,97,Visakhapatnam,17.7681,83.1617,31.4,7.3,Catastrophic,Oil Spill,12,Oil spill in water body affecting marine life and coastal communities.,False
2024-01-30,Disaster,87,Jaipur,26.9638,75.851,29.7,9.0,Natural,Cold Wave,142,Severe cold conditions affecting normal life and causing health emergencies.,True
2024-01-30,Disaster,53,Kohima,25.6885,93.9488,27.2,7.8,Natural,Cold Wave,78,Severe cold conditions affecting normal life and causing health emergencies.,False
2024-01-30,Police,59,Mysore,12.404,76.4675,11.1,7.2,Catastrophic,Industrial Accident,91,Accident at industrial facility causing multiple injuries and damage.,False
2024-01-31,Disaster,58,Udaipur,24.4413,73.7351,23.7,4.7,Natural,Cold Wave,130,Severe cold conditions affecting normal life and causing health emergencies.,False
2024-01-31,Medical,59,Bhubaneswar,20.1163,85.686,14.1,6.9,Healthcare,Mumps Cases,28,Multiple mumps cases reported in schools and communities.,False
2024-01-31,Medical,52,Coimbatore,10.9082,77.0504,12.2,9.4,Catastrophic,Chemical Spill,144,Hazardous chemical spill affecting surrounding areas and water bodies.,True
2024-01-31,Disaster,121,Kolkata,22.6255,88.36,24.3,9.8,Catastrophic,Mine Collapse,106,Collapse in mining operation trapping workers underground.,True
2024-01-31,Disaster,44,Shillong,25.6067,91.89,32.2,4.2,Natural,Cold Wave,82,Severe cold conditions affecting normal life and causing health emergencies.,False
2024-01-31,Medical,62,Jaipur,26.8776,75.6972,11.8,5.6,Healthcare,Influenza Outbreak,81,Seasonal influenza outbreak with higher than normal hospitalization rates.,False
2024-01-31,Medical,109,Shimla,31.1813,77.0931,11.5,3.9,Healthcare,COVID-19 Cluster,33,Local outbreak of COVID-19 cases requiring medical response and containment measures.,False
2024-01-31,Fire,50,Mumbai,19.0066,72.8874,12.2,8.5,Catastrophic,Oil Spill,146,Oil spill in water body affecting marine life and coastal communities.,True
2024-02-01,Disaster,96,Pune,18.4771,73.7906,20.3,7.2,Catastrophic,Construction Site Accident,131,Accident at major construction site requiring emergency response.,False
2024-02-01,Medical,52,Indore,22.7674,75.9534,11.4,4.9,Healthcare,Influenza Outbreak,5,Seasonal influenza outbreak with higher than normal hospitalization rates.,False
2024-02-01,Medical,69,Kochi,9.9229,76.2712,10.4,3.7,Healthcare,Influenza Outbreak,9,Seasonal influenza outbreak with higher than normal hospitalization rates.,False
2024-02-01,Disaster,88,Ranchi,23.4452,85.4024,25.2,7.5,Catastrophic,Mine Collapse,106,Collapse in mining operation trapping workers underground.,False
2024-02-01,Fire,19,Surat,21.2787,72.7648,20.2,9.6,Catastrophic,Train Derailment,52,Passenger train derailment incident requiring emergency response.,True
2024-02-01,Fire,29,Hyderabad,17.2612,78.5911,15.0,5.7,Natural,Forest Fire,9,Wildfire spreading through forest areas threatening nearby settlements.,False
2024-02-01,Medical,40,Vadodara,22.1078,73.0645,13.2,6.5,Healthcare,Malaria Surge,7,"Increased malaria cases reported in rural areas, requiring medical intervention.",False
2024-02-01,Medical,175,Kolkata,22.4463,88.1845,10.0,4.2,Healthcare,Gastroenteritis Outbreak,79,"Outbreak of gastroenteritis affecting multiple communities, likely from contaminated water.",False
2024-02-01,Disaster,74,Thiruvananthapuram,8.5541,76.767,30.9,4.9,Natural,Thunderstorm,23,Severe thunderstorm with lightning causing damages and injuries.,False
2024-02-02,Medical,43,Mangalore,12.7298,75.0109,9.9,4.6,Healthcare,Leptospirosis Cases,85,Post-flood leptospirosis cases reported in affected areas.,False
2024-02-02,Disaster,45,Guwahati,26.2439,91.5863,27.1,4.9,Natural,Fog-Related Accidents,65,Fog-Related Accidents requiring emergency response.,False
2024-02-02,Medical,182,Guwahati,26.2866,91.5451,12.5,5.5,Healthcare,COVID-19 Cluster,101,Local outbreak of COVID-19 cases requiring medical response and containment measures.,False
2024-02-02,Disaster,92,Kochi,9.9928,76.463,33.1,6.0,Catastrophic,Bridge Collapse,7,Collapse of bridge structure affecting transportation and causing casualties.,False
2024-02-02,Disaster,191,Hyderabad,17.5327,78.4675,19.1,6.8,Natural,Cyclone,107,Tropical cyclone making landfall with strong winds and heavy rainfall causing widespread damage.,False
2024-02-02,Disaster,111,Delhi,28.6895,77.1794,20.8,9.4,Natural,Cold Wave,121,Severe cold conditions affecting normal life and causing health emergencies.,True
2024-02-02,Medical,103,Shillong,25.5739,92.0907,12.7,6.0,Healthcare,COVID-19 Cluster,95,Local outbreak of COVID-19 cases requiring medical response and containment measures.,False
2024-02-02,Medical,76,Imphal,24.7346,94.0964,12.2,6.8,Healthcare,Heatstroke Wave,12,"Multiple cases of heatstroke amid extreme temperatures, affecting vulnerable populations.",False
2024-02-02,Disaster,53,Dehradun,30.3711,78.1422,24.6,8.9,Natural,Fog-Related Accidents,55,Fog-Related Accidents requiring emergency response.,True
2024-02-02,Medical,44,Kochi,9.9787,76.0799,10.6,4.2,Healthcare,Hepatitis Outbreak,45,Outbreak of hepatitis cases linked to contaminated water sources.,False
2024-02-03,Disaster,82,Coimbatore,11.0665,76.9672,30.7,4.4,Natural,Heatwave,67,Prolonged period of extremely high temperatures affecting vulnerable populations.,False
2024-02-03,Fire,34,Pune,18.5549,73.7339,12.6,8.8,Catastrophic,Power Plant Failure,102,Critical failure at power generation facility affecting power supply.,True
2024-02-03,Disaster,43,Shillong,25.4008,92.0858,25.0,7.0,Natural,Cold Wave,118,Severe cold conditions affecting normal life and causing health emergencies.,False
2024-02-03,Medical,66,Chandigarh,30.5826,76.6208,11.8,2.9,Healthcare,Influenza Outbreak,40,Seasonal influenza outbreak with higher than normal hospitalization rates.,False
2024-02-03,Medical,35,Vijayawada,16.4239,80.6098,13.6,2.1,Healthcare,Gastroenteritis Outbreak,53,"Outbreak of gastroenteritis affecting multiple communities, likely from contaminated water.",False
2024-02-03,Disaster,97,Ranchi,23.456,85.3824,30.1,6.7,Catastrophic,Gas Leak,103,Toxic gas leak from industrial facility affecting nearby residential areas.,False
2024-02-04,Disaster,54,Agartala,23.745,91.1163,29.2,6.9,Natural,Dust Storm,43,Severe dust storm reducing visibility and causing respiratory issues.,False
2024-02-04,Disaster,102,Kolkata,22.4269,88.5117,15.2,4.0,Natural,Cold Wave,134,Severe cold conditions affecting normal life and causing health emergencies.,False
2024-02-04,Disaster,99,Chandigarh,30.5877,76.6996,35.4,5.3,Natural,Heavy Snowfall,93,Heavy Snowfall requiring emergency response.,False
2024-02-04,Disaster,114,Chennai,13.2356,80.1621,16.7,7.1,Natural,Cloudburst,28,Extremely heavy rainfall in a short period causing flash flooding in mountainous areas.,False
2024-02-04,Medical,60,Thiruvananthapuram,8.6547,77.0931,13.6,3.4,Healthcare,Leptospirosis Cases,89,Post-flood leptospirosis cases reported in affected areas.,False
2024-02-05,Medical,66,Vadodara,22.2977,73.1936,13.2,3.3,Healthcare,Leptospirosis Cases,83,Post-flood leptospirosis cases reported in affected areas.,False
2024-02-05,Medical,51,Vadodara,22.2271,73.0543,13.5,2.9,Healthcare,Encephalitis Cluster,88,"Cluster of encephalitis cases reported, primarily affecting children in the region.",False
2024-02-05,Medical,127,Patna,25.6785,84.9715,12.7,2.3,Healthcare,COVID-19 Cluster,24,Local outbreak of COVID-19 cases requiring medical response and containment measures.,False
2024-02-05,Medical,104,Bengaluru,13.1227,77.4486,10.4,6.5,Healthcare,Food Poisoning Incident,8,Mass food poisoning incident requiring emergency medical response.,False
2024-02-05,Fire,24,Udaipur,24.682,73.6579,14.5,9.4,Catastrophic,Gas Leak,96,Toxic gas leak from industrial facility affecting nearby residential areas.,True
2024-02-05,Disaster,46,Ahmedabad,22.8786,72.7463,24.7,9.1,Catastrophic,Tunnel Collapse,106,Collapse in tunnel structure trapping vehicles and people.,True
2024-02-05,Disaster,63,Indore,22.6218,75.8767,30.9,7.4,Natural,Dust Storm,57,Severe dust storm reducing visibility and causing respiratory issues.,False
2024-02-05,Disaster,46,Agartala,23.9864,91.4196,22.9,8.3,Natural,Dust Storm,133,Severe dust storm reducing visibility and causing respiratory issues.,True
2024-02-05,Fire,14,Thiruvananthapuram,8.3568,77.1082,18.7,6.1,Catastrophic,Industrial Fire,118,Major fire at industrial facility requiring evacuation and specialized response.,False
2024-02-05,Medical,57,Udaipur,24.4684,73.8419,14.5,6.0,Healthcare,Food Poisoning Incident,134,Mass food poisoning incident requiring emergency medical response.,False
2024-02-05,Disaster,60,Chandigarh,30.8927,76.9264,21.0,8.0,Natural,Heavy Snowfall,25,Heavy Snowfall requiring emergency response.,False
2024-02-05,Medical,67,Kochi,9.8754,76.1043,13.4,3.9,Healthcare,Measles Outbreak,30,Measles outbreak reported in communities with low vaccination coverage.,False
2024-02-06,Disaster,48,Srinagar,34.1723,74.9757,30.4,7.4,Natural,Avalanche,150,Snow avalanche in mountainous regions blocking roads and causing casualties.,False
2024-02-06,Medical,219,Surat,21.2727,72.9075,15.3,3.3,Healthcare,COVID-19 Cluster,129,Local outbreak of COVID-19 cases requiring medical response and containment measures.,True
2024-02-06,Medical,77,Imphal,24.6211,93.7874,11.7,3.0,Healthcare,Swine Flu Cluster,38,H1N1 influenza cases detected requiring enhanced surveillance and medical response.,False
2024-02-06,Medical,69,Mysore,12.3753,76.792,15.3,4.2,Healthcare,Food Poisoning Incident,73,Mass food poisoning incident requiring emergency medical response.,False
2024-02-06,Medical,57,Gwalior,26.3252,77.9829,15.2,4.2,Healthcare,Influenza Outbreak,89,Seasonal influenza outbreak with higher than normal hospitalization rates.,False
2024-02-06,Medical,54,Pune,18.669,73.8644,10.2,4.0,Healthcare,Leptospirosis Cases,104,Post-flood leptospirosis cases reported in affected areas.,False
2024-02-06,Disaster,50,Jaipur,26.7176,75.9648,28.5,7.7,Natural,Cold Wave,91,Severe cold conditions affecting normal life and causing health emergencies.,False
2024-02-06,Disaster,62,Varanasi,25.1708,82.9696,21.3,5.2,Natural,Cold Wave,63,Severe cold conditions affecting normal life and causing health emergencies.,False
2024-02-06,Medical,191,Srinagar,34.1983,74.7719,12.5,3.7,Healthcare,COVID-19 Cluster,142,Local outbreak of COVID-19 cases requiring medical response and containment measures.,False
2024-02-07,Disaster,74,Delhi,28.5204,77.2799,19.7,4.6,Natural,Fog-Related Accidents,33,Fog-Related Accidents requiring emergency response.,False
2024-02-07,Medical,57,Jaipur,26.8924,75.8629,17.7,5.0,Healthcare,Influenza Outbreak,28,Seasonal influenza outbreak with higher than normal hospitalization rates.,False
2024-02-07,Medical,50,Vadodara,22.2911,73.221,13.5,3.7,Healthcare,Measles Outbreak,134,Measles outbreak reported in communities with low vaccination coverage.,False
2024-02-07,Medical,66,Surat,21.3635,72.689,15.5,4.0,Healthcare,Encephalitis Cluster,33,"Cluster of encephalitis cases reported, primarily affecting children in the region.",False
2024-02-07,Disaster,83,Varanasi,25.3051,82.979,20.2,8.3,Natural,Cold Wave,110,Severe cold conditions affecting normal life and causing health emergencies.,True
2024-02-07,Medical,50,Jodhpur,26.4369,73.087,13.8,3.4,Healthcare,Influenza Outbreak,130,Seasonal influenza outbreak with higher than normal hospitalization rates.,False
2024-02-07,Medical,76,Thiruvananthapuram,8.6381,76.8314,13.9,2.9,Healthcare,Measles Outbreak,13,Measles outbreak reported in communities with low vaccination coverage.,False
2024-02-07,Medical,118,Gangtok,27.215,88.6199,16.4,4.3,Healthcare,COVID-19 Cluster,25,Local outbreak of COVID-19 cases requiring medical response and containment measures.,False
2024-02-07,Disaster,87,Shimla,30.9428,77.3249,27.6,8.3,Natural,Heavy Snowfall,97,Heavy Snowfall requiring emergency response.,True
2024-02-07,Disaster,73,Vijayawada,16.3908,80.6801,26.9,7.5,Catastrophic,Industrial Accident,53,Accident at industrial facility causing multiple injuries and damage.,False
2024-02-08,Disaster,79,Gwalior,26.1483,78.0006,33.2,5.3,Natural,Cold Wave,113,Severe cold conditions affecting normal life and causing health emergencies.,False
2024-02-08,Disaster,207,Hyderabad,17.4612,78.671,23.8,8.4,Natural,Earthquake,116,Seismic activity causing structural damage and disruption.,True
2024-02-08,Medical,32,Patna,25.7095,85.0757,12.3,3.3,Healthcare,Influenza Outbreak,150,Seasonal influenza outbreak with higher than normal hospitalization rates.,False
2024-02-08,Police,32,Bhopal,23.064,77.4895,10.9,9.7,Catastrophic,Tunnel Collapse,45,Collapse in tunnel structure trapping vehicles and people.,True
2024-02-08,Disaster,80,Nagpur,21.1861,79.1458,35.1,8.9,Catastrophic,Mine Collapse,36,Collapse in mining operation trapping workers underground.,True
2024-02-09,Disaster,43,Aizawl,23.7961,92.6339,25.3,5.4,Natural,Cold Wave,129,Severe cold conditions affecting normal life and causing health emergencies.,False
2024-02-09,Medical,46,Odisha,20.4972,84.5576,16.2,3.9,Healthcare,Encephalitis Cluster,45,"Cluster of encephalitis cases reported, primarily affecting children in the region.",False
2024-02-09,Police,36,Surat,21.3289,72.8759,11.8,6.3,Catastrophic,Tunnel Collapse,81,Collapse in tunnel structure trapping vehicles and people.,False
2024-02-09,Disaster,68,Hyderabad,17.5442,78.3618,23.5,4.5,Natural,Thunderstorm,33,Severe thunderstorm with lightning causing damages and injuries.,False
2024-02-09,Medical,73,Nagpur,21.011,79.0479,12.4,2.2,Healthcare,Dengue Outbreak,56,"Surge in dengue fever cases following monsoon rains, straining local healthcare facilities.",False
2024-02-09,Fire,10,Bhopal,23.3366,77.4981,14.7,6.1,Catastrophic,Factory Explosion,20,Explosion at manufacturing facility causing casualties and structural damage.,False
2024-02-10,Disaster,61,Odisha,20.494,84.6476,34.2,6.4,Natural,Cold Wave,62,Severe cold conditions affecting normal life and causing health emergencies.,False
2024-02-10,Disaster,142,Delhi,28.6371,77.095,15.4,5.6,Natural,Cold Wave,111,Severe cold conditions affecting normal life and causing health emergencies.,False
2024-02-10,Disaster,53,Mysore,12.3255,76.6561,30.2,6.7,Natural,Drought,156,Prolonged dry period affecting agriculture and water availability.,False
2024-02-10,Medical,34,Aizawl,23.6309,92.6456,16.0,2.0,Healthcare,Cholera Outbreak,55,Waterborne cholera outbreak in affected areas following contamination of water sources.,False
2024-02-10,Medical,44,Varanasi,25.4103,83.1205,15.3,4.0,Healthcare,Influenza Outbreak,18,Seasonal influenza outbreak with higher than normal hospitalization rates.,False
2024-02-11,Disaster,75,Chandigarh,30.6745,76.9218,28.2,7.6,Natural,Cold Wave,107,Severe cold conditions affecting normal life and causing health emergencies.,False
2024-02-11,Disaster,97,Shimla,31.2479,77.1499,30.6,4.7,Natural,Fog-Related Accidents,149,Fog-Related Accidents requiring emergency response.,False
2024-02-11,Disaster,64,Mysore,12.3673,76.5354,26.6,8.7,Natural,River Overflow,150,River exceeding danger levels and breaching banks causing flooding.,True
2024-02-12,Disaster,54,Agra,27.3539,77.9992,24.0,9.2,Natural,Fog-Related Accidents,22,Fog-Related Accidents requiring emergency response.,True
2024-02-12,Fire,32,Agartala,23.9518,91.355,20.5,6.6,Catastrophic,Factory Explosion,15,Explosion at manufacturing facility causing casualties and structural damage.,False
2024-02-12,Disaster,61,Amritsar,31.5843,74.9052,33.0,8.0,Natural,Heavy Snowfall,58,Heavy Snowfall requiring emergency response.,False
2024-02-12,Disaster,86,Amritsar,31.5522,74.7595,30.1,6.4,Natural,Avalanche,27,Snow avalanche in mountainous regions blocking roads and causing casualties.,False
2024-02-12,Medical,32,Ranchi,23.3004,85.4997,12.1,5.8,Healthcare,Swine Flu Cluster,42,H1N1 influenza cases detected requiring enhanced surveillance and medical response.,False
2024-02-12,Disaster,79,Mangalore,13.0942,75.0188,28.6,4.9,Natural,Drought,103,Prolonged dry period affecting agriculture and water availability.,False
2024-02-12,Medical,224,Varanasi,25.2356,83.0437,11.2,3.7,Healthcare,COVID-19 Cluster,39,Local outbreak of COVID-19 cases requiring medical response and containment measures.,True
2024-02-12,Fire,15,Imphal,24.907,93.8939,14.3,9.3,Catastrophic,Structural Failure,41,Critical structural failure in public infrastructure requiring evacuation.,True
2024-02-12,Medical,155,Delhi,28.4725,77.2734,11.2,4.7,Healthcare,COVID-19 Cluster,35,Local outbreak of COVID-19 cases requiring medical response and containment measures.,False
2024-02-12,Disaster,81,Guwahati,26.1652,91.5517,22.9,4.5,Natural,Cold Wave,148,Severe cold conditions affecting normal life and causing health emergencies.,False
2024-02-12,Fire,40,Goa,15.1264,74.0949,19.2,7.4,Catastrophic,Refinery Fire,148,Fire at oil refinery requiring specialized firefighting and evacuation.,False
2024-02-12,Disaster,79,Kochi,9.9695,76.2306,28.8,5.0,Natural,River Overflow,112,River exceeding danger levels and breaching banks causing flooding.,False
2024-02-12,Disaster,51,Srinagar,34.1728,74.8559,26.9,9.0,Natural,Heavy Snowfall,64,Heavy Snowfall requiring emergency response.,True
2024-02-13,Police,46,Vadodara,22.4541,73.3444,9.4,7.4,Catastrophic,Bridge Collapse,148,Collapse of bridge structure affecting transportation and causing casualties.,False
2024-02-13,Disaster,43,Vadodara,22.4483,73.0442,21.4,7.9,Catastrophic,Power Plant Failure,44,Critical failure at power generation facility affecting power supply.,False
2024-02-13,Medical,277,Dehradun,30.3581,78.0476,17.5,6.9,Healthcare,COVID-19 Cluster,6,Local outbreak of COVID-19 cases requiring medical response and containment measures.,True
2024-02-13,Medical,64,Jaipur,27.0645,75.5958,13.8,3.6,Healthcare,Influenza Outbreak,105,Seasonal influenza outbreak with higher than normal hospitalization rates.,False
2024-02-13,Medical,66,Thiruvananthapuram,8.6387,76.8851,15.5,2.7,Healthcare,Gastroenteritis Outbreak,7,"Outbreak of gastroenteritis affecting multiple communities, likely from contaminated water.",False
2024-02-13,Police,57,Chennai,13.0638,80.2358,9.7,9.1,Catastrophic,Mine Collapse,68,Collapse in mining operation trapping workers underground.,True
2024-02-13,Medical,131,Gwalior,26.1678,78.2978,11.7,3.0,Healthcare,COVID-19 Cluster,36,Local outbreak of COVID-19 cases requiring medical response and containment measures.,False
2024-02-13,Medical,60,Kochi,9.787,76.2637,11.3,8.0,Catastrophic,Oil Spill,19,Oil spill in water body affecting marine life and coastal communities.,False
2024-02-13,Fire,36,Ranchi,23.4126,85.3094,17.0,7.0,Catastrophic,Structural Failure,140,Critical structural failure in public infrastructure requiring evacuation.,False
2024-02-13,Medical,32,Mysore,12.2583,76.468,16.1,3.4,Healthcare,Hepatitis Outbreak,59,Outbreak of hepatitis cases linked to contaminated water sources.,False
2024-02-13,Police,20,Aizawl,23.6222,92.6677,10.7,7.7,Catastrophic,Oil Spill,8,Oil spill in water body affecting marine life and coastal communities.,False
2024-02-13,Disaster,45,Amritsar,31.6112,74.9912,22.5,7.2,Natural,Heavy Snowfall,75,Heavy Snowfall requiring emergency response.,False
2024-02-14,Fire,23,Surat,21.2063,72.7256,15.0,8.1,Catastrophic,Market Fire,133,Major fire in crowded market area causing property damage and business disruption.,True
2024-02-14,Police,44,Pune,18.6615,73.8657,8.3,8.5,Catastrophic,Stadium Stampede,14,Crowd control incident at stadium leading to injuries.,True
2024-02-14,Disaster,74,Varanasi,25.247,82.9135,22.8,8.5,Natural,Cold Wave,106,Severe cold conditions affecting normal life and causing health emergencies.,True
2024-02-14,Medical,53,Vijayawada,16.6256,80.502,16.1,3.5,Healthcare,Leptospirosis Cases,145,Post-flood leptospirosis cases reported in affected areas.,False
2024-02-14,Disaster,45,Lucknow,26.6617,80.9135,23.4,8.2,Natural,Cold Wave,57,Severe cold conditions affecting normal life and causing health emergencies.,True
2024-02-14,Disaster,66,Guwahati,25.9974,91.9048,27.5,4.7,Natural,Cold Wave,142,Severe cold conditions affecting normal life and causing health emergencies.,False
2024-02-15,Disaster,86,Amritsar,31.6811,75.0352,21.2,5.4,Natural,Heavy Snowfall,57,Heavy Snowfall requiring emergency response.,False
2024-02-15,Medical,31,Pune,18.7049,73.8331,9.6,6.2,Healthcare,Mumps Cases,90,Multiple mumps cases reported in schools and communities.,False
2024-02-15,Medical,63,Allahabad,25.5745,81.9729,16.4,2.1,Healthcare,Influenza Outbreak,21,Seasonal influenza outbreak with higher than normal hospitalization rates.,False
2024-02-15,Disaster,54,Lucknow,26.9223,81.0419,21.5,6.0,Natural,Fog-Related Accidents,150,Fog-Related Accidents requiring emergency response.,False
2024-02-15,Medical,184,Visakhapatnam,17.5527,83.0982,17.1,5.0,Healthcare,COVID-19 Cluster,54,Local outbreak of COVID-19 cases requiring medical response and containment measures.,False
2024-02-15,Medical,44,Visakhapatnam,17.5707,83.3368,16.4,4.4,Healthcare,Food Poisoning Incident,107,Mass food poisoning incident requiring emergency medical response.,False
2024-02-15,Fire,23,Bhubaneswar,20.3475,85.9848,18.1,9.2,Catastrophic,Refinery Fire,27,Fire at oil refinery requiring specialized firefighting and evacuation.,True
2024-02-15,Medical,211,Srinagar,33.9512,74.9315,11.9,6.3,Healthcare,COVID-19 Cluster,65,Local outbreak of COVID-19 cases requiring medical response and containment measures.,True
2024-02-15,Disaster,61,Patna,25.7837,85.2786,32.0,5.9,Natural,Cold Wave,129,Severe cold conditions affecting normal life and causing health emergencies.,False
2024-02-15,Medical,147,Pune,18.6364,73.7493,9.1,5.8,Healthcare,COVID-19 Cluster,6,Local outbreak of COVID-19 cases requiring medical response and containment measures.,False
2024-02-16,Medical,143,Chennai,13.1492,80.1321,10.8,5.5,Healthcare,Cholera Outbreak,77,Waterborne cholera outbreak in affected areas following contamination of water sources.,False
2024-02-16,Disaster,71,Jaipur,26.8787,75.9233,27.0,7.8,Natural,Fog-Related Accidents,18,Fog-Related Accidents requiring emergency response.,False
2024-02-16,Medical,46,Bhopal,23.4189,77.4025,12.7,5.0,Healthcare,Heatstroke Wave,26,"Multiple cases of heatstroke amid extreme temperatures, affecting vulnerable populations.",False
2024-02-16,Medical,31,Hyderabad,17.2805,78.5212,8.8,5.3,Healthcare,Encephalitis Cluster,129,"Cluster of encephalitis cases reported, primarily affecting children in the region.",False
2024-02-17,Disaster,48,Shillong,25.4721,92.0864,32.3,8.1,Natural,Cold Wave,101,Severe cold conditions affecting normal life and causing health emergencies.,True
2024-02-17,Disaster,52,Goa,15.4447,74.1236,19.0,6.4,Catastrophic,Road Collapse,47,Major road collapse due to structural failure or subsidence.,False
2024-02-17,Disaster,90,Vadodara,22.2355,73.1561,31.7,9.3,Natural,Flash Flood,138,Sudden flooding due to heavy rainfall overwhelming drainage systems.,True
2024-02-17,Medical,34,Mysore,12.0958,76.4703,16.8,2.1,Healthcare,Influenza Outbreak,45,Seasonal influenza outbreak with higher than normal hospitalization rates.,False
2024-02-17,Disaster,96,Srinagar,33.9013,74.8268,34.0,7.8,Natural,Avalanche,87,Snow avalanche in mountainous regions blocking roads and causing casualties.,False
2024-02-17,Disaster,73,Surat,21.3194,72.979,22.7,9.5,Catastrophic,Structural Failure,139,Critical structural failure in public infrastructure requiring evacuation.,True
2024-02-17,Medical,59,Vijayawada,16.3714,80.4879,16.7,5.8,Healthcare,Hepatitis Outbreak,87,Outbreak of hepatitis cases linked to contaminated water sources.,False
2024-02-18,Medical,124,Leh,34.2437,77.5033,12.8,6.7,Healthcare,COVID-19 Cluster,31,Local outbreak of COVID-19 cases requiring medical response and containment measures.,False
2024-02-18,Disaster,41,Agra,27.2842,78.0496,33.9,5.2,Natural,Cold Wave,76,Severe cold conditions affecting normal life and causing health emergencies.,False
2024-02-18,Fire,26,Raipur,21.0935,81.6385,16.0,9.7,Catastrophic,Stadium Stampede,20,Crowd control incident at stadium leading to injuries.,True
2024-02-18,Disaster,103,Delhi,28.419,77.2075,18.2,6.2,Natural,Fog-Related Accidents,130,Fog-Related Accidents requiring emergency response.,False
2024-02-18,Medical,36,Surat,21.0511,72.982,12.8,3.7,Healthcare,Hepatitis Outbreak,125,Outbreak of hepatitis cases linked to contaminated water sources.,False
2024-02-18,Disaster,60,Ahmedabad,22.9318,72.4352,15.1,8.5,Catastrophic,Building Collapse,73,Multi-story building collapse trapping residents and causing casualties.,True
2024-02-18,Disaster,100,Odisha,20.3169,84.4132,27.4,8.4,Natural,Cloudburst,110,Extremely heavy rainfall in a short period causing flash flooding in mountainous areas.,True
2024-02-18,Medical,164,Jodhpur,26.2284,72.9514,11.6,5.6,Healthcare,COVID-19 Cluster,137,Local outbreak of COVID-19 cases requiring medical response and containment measures.,False
2024-02-18,Disaster,43,Ahmedabad,22.8783,72.5134,16.8,5.5,Natural,Coastal Flooding,46,Coastal areas inundated due to high tides and storm surge.,False
2024-02-18,Disaster,63,Patna,25.6683,85.2041,29.2,9.3,Natural,Cold Wave,101,Severe cold conditions affecting normal life and causing health emergencies.,True
2024-02-18,Disaster,58,Agra,26.9853,78.1453,25.1,5.0,Natural,Fog-Related Accidents,16,Fog-Related Accidents requiring emergency response.,False
2024-02-19,Disaster,79,Gangtok,27.1797,88.4767,32.8,4.6,Natural,Cold Wave,95,Severe cold conditions affecting normal life and causing health emergencies.,False
2024-02-19,Medical,33,Thiruvananthapuram,8.6382,76.8732,14.3,6.5,Healthcare,Gastroenteritis Outbreak,42,"Outbreak of gastroenteritis affecting multiple communities, likely from contaminated water.",False
2024-02-19,Police,34,Nagpur,21.2115,79.0325,9.6,6.5,Catastrophic,Building Collapse,89,Multi-story building collapse trapping residents and causing casualties.,False
2024-02-19,Police,69,Kolkata,22.4255,88.3402,9.5,7.0,Catastrophic,Construction Site Accident,21,Accident at major construction site requiring emergency response.,False
2024-02-19,Police,94,Kolkata,22.3831,88.43,7.8,7.7,Catastrophic,Gas Leak,81,Toxic gas leak from industrial facility affecting nearby residential areas.,False
2024-02-19,Medical,137,Allahabad,25.5776,81.7823,10.7,5.9,Healthcare,COVID-19 Cluster,128,Local outbreak of COVID-19 cases requiring medical response and containment measures.,False
2024-02-20,Medical,41,Agartala,23.865,91.3639,17.4,6.2,Healthcare,Swine Flu Cluster,51,H1N1 influenza cases detected requiring enhanced surveillance and medical response.,False
2024-02-20,Disaster,66,Dehradun,30.4517,77.8689,31.9,4.9,Natural,Heavy Snowfall,89,Heavy Snowfall requiring emergency response.,False
2024-02-20,Disaster,74,Thiruvananthapuram,8.5471,77.0037,23.2,6.9,Catastrophic,Road Collapse,147,Major road collapse due to structural failure or subsidence.,False
2024-02-20,Medical,59,Agra,27.1752,78.1581,14.9,5.5,Healthcare,Influenza Outbreak,53,Seasonal influenza outbreak with higher than normal hospitalization rates.,False
2024-02-21,Disaster,62,Varanasi,25.2901,83.1323,26.4,8.6,Natural,Fog-Related Accidents,78,Fog-Related Accidents requiring emergency response.,True
2024-02-21,Medical,63,Udaipur,24.6049,73.8624,14.7,5.4,Healthcare,Swine Flu Cluster,41,H1N1 influenza cases detected requiring enhanced surveillance and medical response.,False
2024-02-21,Medical,226,Guwahati,25.9946,91.8837,13.5,6.8,Healthcare,COVID-19 Cluster,124,Local outbreak of COVID-19 cases requiring medical response and containment measures.,True
2024-02-21,Medical,349,Kolkata,22.4026,88.2873,8.6,4.7,Healthcare,COVID-19 Cluster,81,Local outbreak of COVID-19 cases requiring medical response and containment measures.,True
2024-02-21,Disaster,48,Allahabad,25.6297,81.7716,30.8,5.3,Natural,Fog-Related Accidents,28,Fog-Related Accidents requiring emergency response.,False
2024-02-21,Disaster,76,Kohima,25.5914,93.9523,20.1,4.8,Natural,Fog-Related Accidents,10,Fog-Related Accidents requiring emergency response.,False
2024-02-21,Medical,134,Kohima,25.5372,94.0414,13.5,4.9,Healthcare,COVID-19 Cluster,113,Local outbreak of COVID-19 cases requiring medical response and containment measures.,False
2024-02-21,Police,45,Odisha,20.6501,84.3229,12.1,7.9,Catastrophic,Road Collapse,26,Major road collapse due to structural failure or subsidence.,False
2024-02-21,Police,58,Mangalore,12.7614,74.7912,9.6,6.7,Catastrophic,Tunnel Collapse,98,Collapse in tunnel structure trapping vehicles and people.,False
2024-02-22,Medical,92,Bengaluru,13.1384,77.6711,10.9,7.0,Healthcare,Food Poisoning Incident,6,Mass food poisoning incident requiring emergency medical response.,False
2024-02-22,Disaster,63,Patna,25.7131,85.0498,33.9,6.3,Natural,Fog-Related Accidents,71,Fog-Related Accidents requiring emergency response.,False
2024-02-22,Disaster,67,Kochi,9.9613,76.1628,19.9,8.9,Natural,Heatwave,117,Prolonged period of extremely high temperatures affecting vulnerable populations.,True
2024-02-22,Medical,76,Indore,22.6182,75.6864,10.6,7.3,Catastrophic,Power Plant Failure,129,Critical failure at power generation facility affecting power supply.,False
2024-02-22,Medical,135,Jodhpur,26.1879,73.1239,14.7,2.3,Healthcare,COVID-19 Cluster,29,Local outbreak of COVID-19 cases requiring medical response and containment measures.,False
2024-02-22,Medical,33,Agra,27.2463,77.839,13.3,5.6,Healthcare,Influenza Outbreak,15,Seasonal influenza outbreak with higher than normal hospitalization rates.,False
2024-02-23,Disaster,75,Ranchi,23.1965,85.3261,28.2,7.8,Catastrophic,Gas Leak,47,Toxic gas leak from industrial facility affecting nearby residential areas.,False
2024-02-23,Medical,99,Shimla,30.9681,77.0387,11.4,2.6,Healthcare,COVID-19 Cluster,121,Local outbreak of COVID-19 cases requiring medical response and containment measures.,False
2024-02-23,Medical,61,Imphal,24.6698,94.0811,15.0,6.7,Healthcare,Mumps Cases,66,Multiple mumps cases reported in schools and communities.,False
2024-02-23,Police,53,Kochi,9.9153,76.1626,11.8,9.1,Catastrophic,Industrial Accident,9,Accident at industrial facility causing multiple injuries and damage.,True
2024-02-23,Medical,60,Pune,18.5964,74.0027,10.6,2.5,Healthcare,Influenza Outbreak,15,Seasonal influenza outbreak with higher than normal hospitalization rates.,False
2024-02-23,Disaster,69,Pune,18.5157,73.8704,17.0,5.8,Natural,Landslide,96,Landslide triggered by heavy rainfall blocking roads and damaging structures.,False
2024-02-23,Disaster,87,Shillong,25.6018,91.9455,30.7,4.5,Natural,Fog-Related Accidents,40,Fog-Related Accidents requiring emergency response.,False
2024-02-24,Disaster,47,Srinagar,34.2693,74.6599,32.4,4.0,Natural,Avalanche,39,Snow avalanche in mountainous regions blocking roads and causing casualties.,False
2024-02-24,Medical,232,Gwalior,26.3278,78.3359,10.7,3.6,Healthcare,COVID-19 Cluster,97,Local outbreak of COVID-19 cases requiring medical response and containment measures.,True
2024-02-24,Police,59,Imphal,24.6309,93.8796,11.0,6.2,Catastrophic,Dam Breach,74,Partial breach of dam structure causing downstream flooding concerns.,False
2024-02-24,Medical,42,Allahabad,25.3627,81.9429,11.2,2.1,Healthcare,Influenza Outbreak,24,Seasonal influenza outbreak with higher than normal hospitalization rates.,False
2024-02-24,Police,23,Thiruvananthapuram,8.4024,76.8627,9.7,7.2,Catastrophic,Oil Spill,8,Oil spill in water body affecting marine life and coastal communities.,False
2024-02-24,Disaster,65,Gangtok,27.1868,88.7923,23.9,9.3,Natural,Fog-Related Accidents,102,Fog-Related Accidents requiring emergency response.,True
2024-02-24,Medical,35,Imphal,24.7023,94.011,15.0,5.1,Healthcare,Cholera Outbreak,136,Waterborne cholera outbreak in affected areas following contamination of water sources.,False
2024-02-24,Disaster,98,Amritsar,31.4969,74.8549,30.1,5.4,Natural,Avalanche,89,Snow avalanche in mountainous regions blocking roads and causing casualties.,False
2024-02-24,Disaster,100,Odisha,20.42,84.3617,27.7,9.1,Natural,Heavy Rainfall,85,Unusually heavy rainfall causing urban flooding and infrastructure damage.,True
2024-02-24,Medical,55,Agra,27.2491,77.8352,11.5,6.8,Healthcare,Influenza Outbreak,112,Seasonal influenza outbreak with higher than normal hospitalization rates.,False
2024-02-25,Disaster,88,Nagpur,21.0308,79.1704,36.3,5.1,Natural,Flash Flood,22,Sudden flooding due to heavy rainfall overwhelming drainage systems.,False
2024-02-25,Disaster,57,Ahmedabad,23.1791,72.3884,24.4,4.0,Natural,Flash Flood,84,Sudden flooding due to heavy rainfall overwhelming drainage systems.,False
2024-02-25,Medical,45,Aizawl,23.5536,92.5355,14.9,4.4,Healthcare,Swine Flu Cluster,58,H1N1 influenza cases detected requiring enhanced surveillance and medical response.,False
2024-02-25,Medical,31,Agra,27.2314,78.153,12.7,6.8,Healthcare,Influenza Outbreak,105,Seasonal influenza outbreak with higher than normal hospitalization rates.,False
2024-02-26,Medical,72,Patna,25.7286,85.0816,12.9,5.8,Healthcare,Influenza Outbreak,16,Seasonal influenza outbreak with higher than normal hospitalization rates.,False
2024-02-26,Medical,51,Ranchi,23.1761,85.494,15.0,3.7,Healthcare,Gastroenteritis Outbreak,17,"Outbreak of gastroenteritis affecting multiple communities, likely from contaminated water.",False
2024-02-26,Medical,71,Coimbatore,11.21,77.0665,11.6,3.1,Healthcare,Heatstroke Wave,136,"Multiple cases of heatstroke amid extreme temperatures, affecting vulnerable populations.",False
2024-02-26,Fire,40,Ahmedabad,23.2072,72.5509,11.6,9.1,Catastrophic,Stadium Stampede,62,Crowd control incident at stadium leading to injuries.,True
2024-02-26,Disaster,144,Imphal,24.8691,93.9262,34.8,7.6,Natural,Cyclone,120,Tropical cyclone making landfall with strong winds and heavy rainfall causing widespread damage.,False
2024-02-26,Medical,79,Bhubaneswar,20.2739,85.7623,11.8,5.9,Healthcare,Gastroenteritis Outbreak,135,"Outbreak of gastroenteritis affecting multiple communities, likely from contaminated water.",False
2024-02-26,Disaster,73,Ahmedabad,23.0921,72.7226,16.9,7.9,Natural,Drought,173,Prolonged dry period affecting agriculture and water availability.,False
2024-02-26,Disaster,44,Kochi,10.0627,76.1303,30.7,5.0,Natural,Cloudburst,106,Extremely heavy rainfall in a short period causing flash flooding in mountainous areas.,False
2024-02-27,Medical,53,Bhopal,23.29,77.5093,15.7,4.1,Healthcare,Gastroenteritis Outbreak,133,"Outbreak of gastroenteritis affecting multiple communities, likely from contaminated water.",False
2024-02-27,Disaster,106,Chennai,13.0138,80.1882,15.5,7.4,Catastrophic,Building Collapse,126,Multi-story building collapse trapping residents and causing casualties.,False
2024-02-27,Medical,55,Mangalore,12.7886,74.7023,14.4,4.1,Healthcare,Heatstroke Wave,127,"Multiple cases of heatstroke amid extreme temperatures, affecting vulnerable populations.",False
2024-02-27,Medical,508,Delhi,28.5021,77.0407,9.7,6.1,Healthcare,COVID-19 Cluster,64,Local outbreak of COVID-19 cases requiring medical response and containment measures.,True
2024-02-27,Fire,17,Mangalore,12.8732,74.7637,13.7,8.3,Catastrophic,Industrial Fire,40,Major fire at industrial facility requiring evacuation and specialized response.,True
2024-02-27,Fire,25,Bhopal,23.1124,77.6009,15.9,7.0,Catastrophic,Industrial Fire,137,Major fire at industrial facility requiring evacuation and specialized response.,False
2024-02-27,Medical,126,Visakhapatnam,17.5661,83.1787,12.1,3.1,Healthcare,COVID-19 Cluster,108,Local outbreak of COVID-19 cases requiring medical response and containment measures.,False
2024-02-27,Disaster,301,Udaipur,24.6863,73.7439,27.8,6.5,Natural,Earthquake,26,Seismic activity causing structural damage and disruption.,True
2024-02-28,Medical,113,Surat,21.0975,72.6806,15.1,5.8,Healthcare,COVID-19 Cluster,77,Local outbreak of COVID-19 cases requiring medical response and containment measures.,False
2024-02-28,Medical,38,Chandigarh,30.575,76.9496,16.4,3.8,Healthcare,Influenza Outbreak,87,Seasonal influenza outbreak with higher than normal hospitalization rates.,False
2024-02-28,Medical,153,Delhi,28.6746,77.0788,10.8,6.2,Healthcare,Influenza Outbreak,85,Seasonal influenza outbreak with higher than normal hospitalization rates.,False
2024-02-28,Police,39,Udaipur,24.7519,73.5142,11.9,6.7,Catastrophic,Bridge Collapse,70,Collapse of bridge structure affecting transportation and causing casualties.,False
2024-02-28,Disaster,96,Agra,27.0116,78.036,20.8,9.1,Natural,Fog-Related Accidents,53,Fog-Related Accidents requiring emergency response.,True
2024-02-28,Medical,254,Lucknow,26.9976,80.9922,12.4,4.5,Healthcare,COVID-19 Cluster,71,Local outbreak of COVID-19 cases requiring medical response and containment measures.,True
2024-02-28,Medical,203,Amritsar,31.4379,75.0583,14.5,2.5,Healthcare,COVID-19 Cluster,139,Local outbreak of COVID-19 cases requiring medical response and containment measures.,True
2024-02-28,Fire,36,Pune,18.4133,73.7645,13.9,6.0,Catastrophic,Stadium Stampede,75,Crowd control incident at stadium leading to injuries.,False
2024-02-28,Disaster,49,Jodhpur,26.2313,73.015,29.9,4.3,Natural,Fog-Related Accidents,18,Fog-Related Accidents requiring emergency response.,False
2024-02-28,Medical,37,Mysore,12.2587,76.5477,15.8,3.3,Healthcare,Measles Outbreak,115,Measles outbreak reported in communities with low vaccination coverage.,False
2024-02-29,Medical,56,Jaipur,26.8678,75.9398,15.6,3.6,Healthcare,Influenza Outbreak,89,Seasonal influenza outbreak with higher than normal hospitalization rates.,False
2024-02-29,Disaster,102,Bengaluru,13.1644,77.6048,21.2,5.4,Natural,Lightning Strike Incident,126,Multiple lightning strikes causing casualties and property damage.,False
2024-02-29,Disaster,78,Ranchi,23.4625,85.1775,23.0,9.4,Catastrophic,Building Collapse,78,Multi-story building collapse trapping residents and causing casualties.,True
2024-02-29,Police,42,Aizawl,23.8093,92.5938,9.7,8.4,Catastrophic,Construction Site Accident,12,Accident at major construction site requiring emergency response.,True
2024-02-29,Disaster,49,Imphal,24.8306,94.0888,21.4,6.1,Natural,Thunderstorm,136,Severe thunderstorm with lightning causing damages and injuries.,False
2024-02-29,Medical,35,Mangalore,12.9917,74.9271,11.9,6.2,Healthcare,Cholera Outbreak,125,Waterborne cholera outbreak in affected areas following contamination of water sources.,False
2024-02-29,Medical,126,Allahabad,25.4578,81.9799,11.2,4.3,Healthcare,COVID-19 Cluster,51,Local outbreak of COVID-19 cases requiring medical response and containment measures.,False
2024-02-29,Disaster,100,Odisha,20.36,84.6684,18.7,8.8,Catastrophic,Industrial Accident,144,Accident at industrial facility causing multiple injuries and damage.,True
2024-03-01,Fire,21,Mangalore,13.022,74.9321,18.2,8.9,Natural,Forest Fire,71,Wildfire spreading through forest areas threatening nearby settlements.,True
2024-03-01,Disaster,90,Pune,18.6565,73.8605,21.3,4.3,Natural,Drought,179,Prolonged dry period affecting agriculture and water availability.,False
2024-03-01,Medical,71,Indore,22.8034,75.8305,13.4,6.3,Healthcare,Heatstroke Wave,57,"Multiple cases of heatstroke amid extreme temperatures, affecting vulnerable populations.",False
2024-03-01,Medical,66,Kochi,9.9899,76.1057,13.5,2.2,Healthcare,Heatstroke Wave,5,"Multiple cases of heatstroke amid extreme temperatures, affecting vulnerable populations.",False
2024-03-01,Fire,26,Coimbatore,11.0634,76.8898,18.5,8.4,Natural,Forest Fire,84,Wildfire spreading through forest areas threatening nearby settlements.,True
2024-03-01,Disaster,201,Delhi,28.4693,77.1558,15.4,6.0,Natural,Heatwave,90,Prolonged period of extremely high temperatures affecting vulnerable populations.,True
2024-03-01,Disaster,76,Kohima,25.8179,94.1092,30.2,6.1,Natural,Heatwave,96,Prolonged period of extremely high temperatures affecting vulnerable populations.,False
2024-03-01,Medical,43,Pune,18.5266,73.783,10.2,6.1,Healthcare,Heatstroke Wave,60,"Multiple cases of heatstroke amid extreme temperatures, affecting vulnerable populations.",False
2024-03-01,Medical,31,Mangalore,12.881,74.8528,12.6,6.5,Healthcare,Gastroenteritis Outbreak,62,"Outbreak of gastroenteritis affecting multiple communities, likely from contaminated water.",False
2024-03-02,Medical,56,Ahmedabad,23.0985,72.7329,10.5,6.9,Healthcare,Heatstroke Wave,46,"Multiple cases of heatstroke amid extreme temperatures, affecting vulnerable populations.",False
2024-03-02,Fire,10,Shimla,31.0764,77.1089,18.2,4.3,Natural,Forest Fire,95,Wildfire spreading through forest areas threatening nearby settlements.,False
2024-03-02,Disaster,66,Pune,18.4431,73.6895,18.4,4.3,Natural,Heatwave,126,Prolonged period of extremely high temperatures affecting vulnerable populations.,False
2024-03-02,Disaster,71,Agartala,23.8564,91.1493,28.0,6.6,Natural,Dust Storm,39,Severe dust storm reducing visibility and causing respiratory issues.,False
2024-03-02,Medical,68,Delhi,28.607,77.0354,11.7,3.3,Healthcare,Heatstroke Wave,111,"Multiple cases of heatstroke amid extreme temperatures, affecting vulnerable populations.",False
2024-03-02,Medical,128,Bengaluru,12.8925,77.4088,11.7,4.8,Healthcare,Gastroenteritis Outbreak,119,"Outbreak of gastroenteritis affecting multiple communities, likely from contaminated water.",False
2024-03-03,Fire,21,Allahabad,25.5222,81.6919,16.5,7.6,Natural,Forest Fire,121,Wildfire spreading through forest areas threatening nearby settlements.,False
2024-03-03,Disaster,97,Coimbatore,10.9973,76.7971,27.5,5.1,Natural,Heatwave,130,Prolonged period of extremely high temperatures affecting vulnerable populations.,False
2024-03-03,Disaster,43,Pune,18.564,73.777,20.3,8.6,Natural,Heatwave,82,Prolonged period of extremely high temperatures affecting vulnerable populations.,True
2024-03-03,Disaster,74,Gwalior,26.1823,78.1915,21.1,5.8,Natural,Dust Storm,118,Severe dust storm reducing visibility and causing respiratory issues.,False
2024-03-03,Disaster,41,Chandigarh,30.8073,76.6989,26.3,4.6,Natural,Heatwave,138,Prolonged period of extremely high temperatures affecting vulnerable populations.,False
2024-03-03,Fire,34,Shimla,31.2146,77.0018,20.4,7.2,Natural,Forest Fire,109,Wildfire spreading through forest areas threatening nearby settlements.,False
2024-03-04,Disaster,89,Pune,18.4121,73.988,22.8,7.7,Natural,Drought,81,Prolonged dry period affecting agriculture and water availability.,False
2024-03-04,Disaster,58,Ahmedabad,23.1248,72.6338,17.7,4.5,Natural,Dust Storm,131,Severe dust storm reducing visibility and causing respiratory issues.,False
2024-03-04,Disaster,68,Vadodara,22.1579,73.0054,21.5,4.9,Natural,Drought,177,Prolonged dry period affecting agriculture and water availability.,False
2024-03-05,Fire,26,Bhopal,23.3978,77.3708,16.8,8.2,Natural,Forest Fire,126,Wildfire spreading through forest areas threatening nearby settlements.,True
2024-03-05,Disaster,59,Leh,34.0287,77.6657,24.3,6.5,Natural,Heatwave,102,Prolonged period of extremely high temperatures affecting vulnerable populations.,False
2024-03-05,Fire,38,Vadodara,22.4735,73.3684,14.3,6.7,Natural,Forest Fire,57,Wildfire spreading through forest areas threatening nearby settlements.,False
2024-03-05,Medical,44,Jaipur,26.8807,75.9077,10.3,3.3,Healthcare,Gastroenteritis Outbreak,110,"Outbreak of gastroenteritis affecting multiple communities, likely from contaminated water.",False
2024-03-05,Medical,78,Vijayawada,16.3797,80.6496,12.0,5.7,Healthcare,Heatstroke Wave,113,"Multiple cases of heatstroke amid extreme temperatures, affecting vulnerable populations.",False
2024-03-05,Medical,71,Bhubaneswar,20.4395,85.9581,13.2,5.4,Healthcare,Heatstroke Wave,135,"Multiple cases of heatstroke amid extreme temperatures, affecting vulnerable populations.",False
2024-03-05,Disaster,68,Chandigarh,30.6723,76.8557,23.0,6.1,Natural,Dust Storm,132,Severe dust storm reducing visibility and causing respiratory issues.,False
2024-03-05,Disaster,78,Indore,22.7439,76.0366,26.4,6.4,Natural,Drought,131,Prolonged dry period affecting agriculture and water availability.,False
2024-03-06,Medical,72,Mysore,12.3414,76.7132,16.0,6.0,Healthcare,Gastroenteritis Outbreak,40,"Outbreak of gastroenteritis affecting multiple communities, likely from contaminated water.",False
2024-03-06,Disaster,45,Ahmedabad,23.0059,72.6706,19.1,8.9,Natural,Heatwave,112,Prolonged period of extremely high temperatures affecting vulnerable populations.,True
2024-03-06,Medical,49,Thiruvananthapuram,8.3811,77.0422,13.7,4.9,Healthcare,Gastroenteritis Outbreak,64,"Outbreak of gastroenteritis affecting multiple communities, likely from contaminated water.",False
2024-03-06,Fire,33,Bhopal,23.1659,77.5616,18.5,7.0,Natural,Forest Fire,25,Wildfire spreading through forest areas threatening nearby settlements.,False
2024-03-07,Disaster,40,Visakhapatnam,17.5328,83.0594,19.1,5.5,Natural,Heatwave,51,Prolonged period of extremely high temperatures affecting vulnerable populations.,False
2024-03-07,Medical,38,Dehradun,30.3967,77.8539,14.1,4.1,Healthcare,Heatstroke Wave,113,"Multiple cases of heatstroke amid extreme temperatures, affecting vulnerable populations.",False
2024-03-07,Disaster,51,Jodhpur,26.2354,73.0801,27.0,8.6,Natural,Heatwave,149,Prolonged period of extremely high temperatures affecting vulnerable populations.,True
2024-03-07,Fire,29,Nagpur,21.079,78.8884,17.6,6.5,Natural,Forest Fire,16,Wildfire spreading through forest areas threatening nearby settlements.,False
2024-03-07,Disaster,57,Lucknow,26.7093,80.7709,25.5,6.1,Natural,Heatwave,53,Prolonged period of extremely high temperatures affecting vulnerable populations.,False
2024-03-07,Medical,53,Goa,15.273,73.9682,12.6,3.3,Healthcare,Gastroenteritis Outbreak,94,"Outbreak of gastroenteritis affecting multiple communities, likely from contaminated water.",False
2024-03-07,Disaster,76,Kohima,25.6272,94.2373,28.7,8.3,Natural,Heatwave,83,Prolonged period of extremely high temperatures affecting vulnerable populations.,True
2024-03-08,Disaster,56,Hyderabad,17.4242,78.6238,24.6,4.7,Natural,Drought,186,Prolonged dry period affecting agriculture and water availability.,False
2024-03-08,Fire,26,Vadodara,22.4317,72.9875,18.3,5.6,Natural,Forest Fire,101,Wildfire spreading through forest areas threatening nearby settlements.,False
2024-03-08,Fire,24,Vijayawada,16.615,80.5512,13.3,5.0,Natural,Forest Fire,132,Wildfire spreading through forest areas threatening nearby settlements.,False
2024-03-08,Medical,58,Coimbatore,11.0961,77.097,13.2,3.0,Healthcare,Heatstroke Wave,58,"Multiple cases of heatstroke amid extreme temperatures, affecting vulnerable populations.",False
2024-03-08,Disaster,69,Surat,21.1047,72.872,33.2,4.0,Natural,Heatwave,144,Prolonged period of extremely high temperatures affecting vulnerable populations.,False
2024-03-08,Disaster,80,Gangtok,27.1455,88.5373,33.9,9.0,Natural,Dust Storm,6,Severe dust storm reducing visibility and causing respiratory issues.,True
2024-03-08,Medical,31,Nagpur,21.2098,79.1659,13.1,5.0,Healthcare,Gastroenteritis Outbreak,70,"Outbreak of gastroenteritis affecting multiple communities, likely from contaminated water.",False
2024-03-08,Fire,12,Coimbatore,10.9477,77.1207,13.5,6.4,Natural,Forest Fire,100,Wildfire spreading through forest areas threatening nearby settlements.,False
2024-03-08,Disaster,68,Indore,22.8881,75.9124,29.2,4.5,Natural,Heatwave,112,Prolonged period of extremely high temperatures affecting vulnerable populations.,False
2024-03-08,Fire,31,Guwahati,26.3071,91.893,15.8,8.8,Natural,Forest Fire,117,Wildfire spreading through forest areas threatening nearby settlements.,True
2024-03-08,Disaster,79,Amritsar,31.6324,75.0454,26.4,5.9,Natural,Heatwave,57,Prolonged period of extremely high temperatures affecting vulnerable populations.,False
2024-03-08,Disaster,69,Kochi,9.9942,76.1265,27.5,7.9,Natural,Heatwave,129,Prolonged period of extremely high temperatures affecting vulnerable populations.,False
2024-03-09,Medical,45,Hyderabad,17.3482,78.391,8.8,3.1,Healthcare,Heatstroke Wave,127,"Multiple cases of heatstroke amid extreme temperatures, affecting vulnerable populations.",False
2024-03-09,Disaster,93,Vadodara,22.2515,73.2678,31.9,8.8,Natural,Heatwave,84,Prolonged period of extremely high temperatures affecting vulnerable populations.,True
2024-03-09,Fire,11,Allahabad,25.5916,81.9436,17.2,6.0,Natural,Forest Fire,126,Wildfire spreading through forest areas threatening nearby settlements.,False
2024-03-09,Fire,22,Gangtok,27.1952,88.5552,17.3,5.9,Natural,Forest Fire,12,Wildfire spreading through forest areas threatening nearby settlements.,False
2024-03-09,Disaster,64,Patna,25.6554,85.3186,28.8,5.0,Natural,Dust Storm,65,Severe dust storm reducing visibility and causing respiratory issues.,False
2024-03-09,Disaster,70,Odisha,20.6146,84.3068,32.2,7.4,Natural,Drought,150,Prolonged dry period affecting agriculture and water availability.,False
2024-03-09,Disaster,69,Dehradun,30.4653,77.9655,22.0,8.7,Natural,Heatwave,136,Prolonged period of extremely high temperatures affecting vulnerable populations.,True
2024-03-09,Medical,74,Gwalior,26.1103,78.3522,13.1,5.1,Healthcare,Heatstroke Wave,90,"Multiple cases of heatstroke amid extreme temperatures, affecting vulnerable populations.",False
2024-03-09,Disaster,103,Mumbai,18.9404,72.9802,20.1,6.2,Natural,Heatwave,120,Prolonged period of extremely high temperatures affecting vulnerable populations.,False
2024-03-10,Medical,41,Bhubaneswar,20.4466,85.9931,11.0,4.4,Healthcare,Gastroenteritis Outbreak,129,"Outbreak of gastroenteritis affecting multiple communities, likely from contaminated water.",False
2024-03-10,Fire,39,Varanasi,25.1739,83.0524,15.5,5.6,Natural,Forest Fire,86,Wildfire spreading through forest areas threatening nearby settlements.,False
2024-03-10,Medical,133,Mumbai,18.941,73.044,11.2,4.1,Healthcare,Heatstroke Wave,84,"Multiple cases of heatstroke amid extreme temperatures, affecting vulnerable populations.",False
2024-03-10,Disaster,92,Jodhpur,26.1392,72.8256,32.4,6.1,Natural,Dust Storm,48,Severe dust storm reducing visibility and causing respiratory issues.,False
2024-03-11,Disaster,46,Lucknow,26.6606,80.7789,29.0,6.8,Natural,Heatwave,132,Prolonged period of extremely high temperatures affecting vulnerable populations.,False
2024-03-11,Disaster,59,Mysore,12.4597,76.6595,27.6,4.8,Natural,Drought,196,Prolonged dry period affecting agriculture and water availability.,False
2024-03-11,Disaster,98,Guwahati,26.046,91.6215,21.1,9.4,Natural,Dust Storm,41,Severe dust storm reducing visibility and causing respiratory issues.,True
2024-03-11,Fire,40,Bhubaneswar,20.1139,85.943,17.8,7.2,Natural,Forest Fire,17,Wildfire spreading through forest areas threatening nearby settlements.,False
2024-03-11,Fire,10,Kohima,25.7286,94.0594,19.7,7.1,Natural,Forest Fire,134,Wildfire spreading through forest areas threatening nearby settlements.,False
2024-03-11,Disaster,73,Vijayawada,16.5349,80.8199,27.9,5.1,Natural,Heatwave,124,Prolonged period of extremely high temperatures affecting vulnerable populations.,False
2024-03-11,Disaster,76,Shimla,31.1889,77.1596,26.3,7.8,Natural,Heatwave,60,Prolonged period of extremely high temperatures affecting vulnerable populations.,False
2024-03-11,Disaster,70,Varanasi,25.1557,83.12,33.0,4.1,Natural,Heatwave,148,Prolonged period of extremely high temperatures affecting vulnerable populations.,False
2024-03-12,Medical,59,Guwahati,25.9578,91.638,14.8,2.9,Healthcare,Heatstroke Wave,34,"Multiple cases of heatstroke amid extreme temperatures, affecting vulnerable populations.",False
2024-03-12,Disaster,84,Leh,34.1897,77.4719,31.8,5.3,Natural,Drought,123,Prolonged dry period affecting agriculture and water availability.,False
2024-03-12,Fire,28,Raipur,21.2593,81.6702,20.9,8.4,Natural,Forest Fire,84,Wildfire spreading through forest areas threatening nearby settlements.,True
2024-03-12,Disaster,68,Varanasi,25.2549,83.0356,25.3,8.2,Natural,Drought,115,Prolonged dry period affecting agriculture and water availability.,True
2024-03-12,Medical,62,Shimla,31.0736,77.1295,11.1,5.1,Healthcare,Gastroenteritis Outbreak,141,"Outbreak of gastroenteritis affecting multiple communities, likely from contaminated water.",False
2024-03-12,Disaster,53,Raipur,21.3435,81.5954,29.1,5.7,Natural,Drought,97,Prolonged dry period affecting agriculture and water availability.,False
2024-03-12,Medical,73,Imphal,24.7164,94.0991,17.8,6.0,Healthcare,Gastroenteritis Outbreak,30,"Outbreak of gastroenteritis affecting multiple communities, likely from contaminated water.",False
2024-03-12,Medical,163,Chennai,13.2464,80.2962,8.0,4.4,Healthcare,Heatstroke Wave,34,"Multiple cases of heatstroke amid extreme temperatures, affecting vulnerable populations.",False
2024-03-13,Disaster,99,Guwahati,26.2966,91.7615,22.2,7.6,Natural,Heatwave,87,Prolonged period of extremely high temperatures affecting vulnerable populations.,False
2024-03-13,Medical,58,Gangtok,27.3337,88.5694,11.3,2.5,Healthcare,Heatstroke Wave,140,"Multiple cases of heatstroke amid extreme temperatures, affecting vulnerable populations.",False
2024-03-13,Disaster,47,Leh,34.1672,77.4639,21.9,5.8,Natural,Heatwave,69,Prolonged period of extremely high temperatures affecting vulnerable populations.,False
2024-03-13,Disaster,71,Imphal,24.7802,93.8868,26.3,5.5,Natural,Heatwave,67,Prolonged period of extremely high temperatures affecting vulnerable populations.,False
2024-03-13,Medical,54,Shillong,25.6253,91.9356,15.0,6.6,Healthcare,Heatstroke Wave,108,"Multiple cases of heatstroke amid extreme temperatures, affecting vulnerable populations.",False
2024-03-14,Fire,18,Bhubaneswar,20.3952,85.777,16.9,7.3,Natural,Forest Fire,127,Wildfire spreading through forest areas threatening nearby settlements.,False
2024-03-14,Medical,48,Nagpur,21.2192,79.0424,13.1,5.7,Healthcare,Gastroenteritis Outbreak,133,"Outbreak of gastroenteritis affecting multiple communities, likely from contaminated water.",False
2024-03-14,Disaster,48,Varanasi,25.4321,83.0291,28.0,8.5,Natural,Heatwave,121,Prolonged period of extremely high temperatures affecting vulnerable populations.,True
2024-03-15,Medical,76,Surat,21.2093,72.751,15.3,4.2,Healthcare,Gastroenteritis Outbreak,97,"Outbreak of gastroenteritis affecting multiple communities, likely from contaminated water.",False
2024-03-15,Disaster,99,Srinagar,34.054,74.6632,23.5,5.6,Natural,Heatwave,96,Prolonged period of extremely high temperatures affecting vulnerable populations.,False
2024-03-15,Disaster,86,Ahmedabad,23.106,72.5187,17.4,5.7,Natural,Heatwave,86,Prolonged period of extremely high temperatures affecting vulnerable populations.,False
2024-03-15,Disaster,92,Lucknow,26.9485,80.9321,24.5,8.1,Natural,Dust Storm,113,Severe dust storm reducing visibility and causing respiratory issues.,True
2024-03-16,Fire,39,Kolkata,22.4036,88.3414,11.8,5.9,Natural,Forest Fire,20,Wildfire spreading through forest areas threatening nearby settlements.,False
2024-03-16,Medical,128,Bengaluru,12.9795,77.6414,9.7,3.4,Healthcare,Gastroenteritis Outbreak,92,"Outbreak of gastroenteritis affecting multiple communities, likely from contaminated water.",False
2024-03-16,Medical,68,Varanasi,25.4432,82.9391,11.4,6.2,Healthcare,Gastroenteritis Outbreak,33,"Outbreak of gastroenteritis affecting multiple communities, likely from contaminated water.",False
2024-03-16,Disaster,80,Imphal,24.8242,93.8584,29.3,8.6,Natural,Dust Storm,137,Severe dust storm reducing visibility and causing respiratory issues.,True
2024-03-17,Medical,63,Nagpur,20.9888,79.2699,13.3,3.9,Healthcare,Heatstroke Wave,90,"Multiple cases of heatstroke amid extreme temperatures, affecting vulnerable populations.",False
2024-03-17,Disaster,52,Imphal,24.9795,93.9214,34.0,6.2,Natural,Dust Storm,126,Severe dust storm reducing visibility and causing respiratory issues.,False
2024-03-17,Fire,15,Hyderabad,17.4548,78.625,10.3,5.4,Natural,Forest Fire,12,Wildfire spreading through forest areas threatening nearby settlements.,False
2024-03-17,Medical,45,Vijayawada,16.6107,80.683,10.7,4.4,Healthcare,Heatstroke Wave,107,"Multiple cases of heatstroke amid extreme temperatures, affecting vulnerable populations.",False
2024-03-17,Disaster,72,Imphal,24.9975,93.974,29.0,6.7,Natural,Drought,149,Prolonged dry period affecting agriculture and water availability.,False
2024-03-17,Medical,58,Raipur,21.2133,81.6721,12.0,5.3,Healthcare,Heatstroke Wave,129,"Multiple cases of heatstroke amid extreme temperatures, affecting vulnerable populations.",False
2024-03-17,Disaster,80,Varanasi,25.2728,83.1341,24.9,6.1,Natural,Dust Storm,142,Severe dust storm reducing visibility and causing respiratory issues.,False
2024-03-18,Medical,78,Kohima,25.8533,94.2543,10.5,2.3,Healthcare,Gastroenteritis Outbreak,38,"Outbreak of gastroenteritis affecting multiple communities, likely from contaminated water.",False
2024-03-18,Medical,78,Gangtok,27.365,88.7425,12.4,3.6,Healthcare,Heatstroke Wave,141,"Multiple cases of heatstroke amid extreme temperatures, affecting vulnerable populations.",False
2024-03-18,Fire,33,Bhubaneswar,20.2335,85.6338,18.4,9.4,Natural,Forest Fire,22,Wildfire spreading through forest areas threatening nearby settlements.,True
2024-03-18,Medical,42,Goa,15.2632,74.1656,17.2,3.3,Healthcare,Gastroenteritis Outbreak,114,"Outbreak of gastroenteritis affecting multiple communities, likely from contaminated water.",False
2024-03-18,Medical,155,Bengaluru,12.7798,77.5112,12.0,2.1,Healthcare,Gastroenteritis Outbreak,49,"Outbreak of gastroenteritis affecting multiple communities, likely from contaminated water.",False
2024-03-18,Disaster,83,Shimla,31.275,77.1994,19.6,4.3,Natural,Dust Storm,55,Severe dust storm reducing visibility and causing respiratory issues.,False
2024-03-18,Disaster,55,Lucknow,26.7522,80.8647,25.9,5.2,Natural,Drought,165,Prolonged dry period affecting agriculture and water availability.,False
2024-03-18,Fire,35,Amritsar,31.631,74.8868,20.1,7.0,Natural,Forest Fire,110,Wildfire spreading through forest areas threatening nearby settlements.,False
2024-03-18,Medical,56,Patna,25.7437,84.9415,12.6,3.0,Healthcare,Gastroenteritis Outbreak,123,"Outbreak of gastroenteritis affecting multiple communities, likely from contaminated water.",False
2024-03-19,Disaster,43,Lucknow,26.6927,80.7705,28.4,6.1,Natural,Dust Storm,71,Severe dust storm reducing visibility and causing respiratory issues.,False
2024-03-19,Disaster,94,Shillong,25.7729,92.0101,21.9,5.2,Natural,Heatwave,119,Prolonged period of extremely high temperatures affecting vulnerable populations.,False
2024-03-19,Disaster,44,Gwalior,26.3262,78.3612,22.7,6.1,Natural,Heatwave,99,Prolonged period of extremely high temperatures affecting vulnerable populations.,False
2024-03-20,Disaster,49,Raipur,21.2198,81.535,29.1,6.9,Natural,Heatwave,145,Prolonged period of extremely high temperatures affecting vulnerable populations.,False
2024-03-20,Disaster,85,Kochi,9.8035,76.1686,25.6,4.4,Natural,Drought,181,Prolonged dry period affecting agriculture and water availability.,False
2024-03-20,Disaster,44,Bhubaneswar,20.2703,85.7554,20.9,7.0,Natural,Drought,131,Prolonged dry period affecting agriculture and water availability.,False
2024-03-20,Fire,29,Kohima,25.8745,93.9971,17.4,7.0,Natural,Forest Fire,119,Wildfire spreading through forest areas threatening nearby settlements.,False
2024-03-20,Fire,40,Jaipur,26.7466,75.8698,17.0,9.0,Natural,Forest Fire,147,Wildfire spreading through forest areas threatening nearby settlements.,True
2024-03-20,Disaster,98,Nagpur,21.0175,79.149,27.5,7.1,Natural,Drought,146,Prolonged dry period affecting agriculture and water availability.,False
2024-03-20,Medical,37,Vadodara,22.491,73.0297,10.7,5.7,Healthcare,Heatstroke Wave,120,"Multiple cases of heatstroke amid extreme temperatures, affecting vulnerable populations.",False
2024-03-21,Fire,39,Gangtok,27.3969,88.6281,16.4,7.9,Natural,Forest Fire,37,Wildfire spreading through forest areas threatening nearby settlements.,False
2024-03-21,Medical,61,Vijayawada,16.6053,80.6765,13.2,6.5,Healthcare,Gastroenteritis Outbreak,83,"Outbreak of gastroenteritis affecting multiple communities, likely from contaminated water.",False
2024-03-21,Disaster,66,Udaipur,24.4954,73.8873,30.6,5.1,Natural,Heatwave,81,Prolonged period of extremely high temperatures affecting vulnerable populations.,False
2024-03-21,Disaster,97,Srinagar,34.107,74.8962,26.2,4.6,Natural,Drought,117,Prolonged dry period affecting agriculture and water availability.,False
2024-03-22,Medical,68,Kochi,10.1291,76.2214,15.3,3.7,Healthcare,Heatstroke Wave,105,"Multiple cases of heatstroke amid extreme temperatures, affecting vulnerable populations.",False
2024-03-22,Fire,22,Jodhpur,26.1197,72.9401,20.3,4.7,Natural,Forest Fire,14,Wildfire spreading through forest areas threatening nearby settlements.,False
2024-03-22,Medical,32,Odisha,20.62,84.5368,11.0,4.0,Healthcare,Gastroenteritis Outbreak,7,"Outbreak of gastroenteritis affecting multiple communities, likely from contaminated water.",False
2024-03-22,Disaster,85,Chandigarh,30.899,76.6534,25.4,6.5,Natural,Drought,80,Prolonged dry period affecting agriculture and water availability.,False
2024-03-22,Disaster,100,Odisha,20.6875,84.3103,26.1,7.5,Natural,Heatwave,60,Prolonged period of extremely high temperatures affecting vulnerable populations.,False
2024-03-22,Medical,80,Goa,15.2198,74.2154,12.9,2.8,Healthcare,Gastroenteritis Outbreak,128,"Outbreak of gastroenteritis affecting multiple communities, likely from contaminated water.",False
2024-03-22,Medical,35,Pune,18.5988,73.701,11.9,4.3,Healthcare,Heatstroke Wave,118,"Multiple cases of heatstroke amid extreme temperatures, affecting vulnerable populations.",False
2024-03-22,Fire,37,Vijayawada,16.3211,80.7265,20.7,6.2,Natural,Forest Fire,70,Wildfire spreading through forest areas threatening nearby settlements.,False
2024-03-22,Disaster,51,Mysore,12.4894,76.7445,28.0,8.0,Natural,Drought,113,Prolonged dry period affecting agriculture and water availability.,False
2024-03-23,Fire,38,Agartala,23.9779,91.1867,20.3,4.7,Natural,Forest Fire,73,Wildfire spreading through forest areas threatening nearby settlements.,False
2024-03-23,Medical,77,Mangalore,12.825,75.0262,13.0,4.9,Healthcare,Gastroenteritis Outbreak,94,"Outbreak of gastroenteritis affecting multiple communities, likely from contaminated water.",False
2024-03-23,Disaster,99,Shillong,25.3803,91.8735,32.7,6.9,Natural,Heatwave,51,Prolonged period of extremely high temperatures affecting vulnerable populations.,False
2024-03-23,Medical,118,Chennai,12.9457,80.4502,11.8,2.7,Healthcare,Heatstroke Wave,33,"Multiple cases of heatstroke amid extreme temperatures, affecting vulnerable populations.",False
2024-03-23,Disaster,57,Raipur,21.2406,81.5193,27.9,9.4,Natural,Drought,172,Prolonged dry period affecting agriculture and water availability.,True
2024-03-24,Medical,48,Odisha,20.3609,84.4291,15.6,4.4,Healthcare,Heatstroke Wave,123,"Multiple cases of heatstroke amid extreme temperatures, affecting vulnerable populations.",False
2024-03-24,Fire,27,Agartala,23.9466,91.3206,12.6,8.9,Natural,Forest Fire,100,Wildfire spreading through forest areas threatening nearby settlements.,True
2024-03-24,Disaster,50,Hyderabad,17.3674,78.3048,23.0,4.4,Natural,Drought,135,Prolonged dry period affecting agriculture and water availability.,False
2024-03-24,Disaster,94,Allahabad,25.2536,82.0396,29.9,6.0,Natural,Dust Storm,88,Severe dust storm reducing visibility and causing respiratory issues.,False
2024-03-24,Medical,79,Raipur,21.1588,81.488,15.0,3.3,Healthcare,Gastroenteritis Outbreak,104,"Outbreak of gastroenteritis affecting multiple communities, likely from contaminated water.",False
2024-03-24,Disaster,60,Odisha,20.6742,84.5466,28.0,7.2,Natural,Drought,159,Prolonged dry period affecting agriculture and water availability.,False
2024-03-24,Disaster,81,Agartala,23.7065,91.4197,34.3,4.9,Natural,Heatwave,108,Prolonged period of extremely high temperatures affecting vulnerable populations.,False
2024-03-25,Disaster,42,Kohima,25.6514,93.9805,24.6,5.9,Natural,Dust Storm,137,Severe dust storm reducing visibility and causing respiratory issues.,False
2024-03-25,Disaster,58,Udaipur,24.5311,73.8494,28.0,4.5,Natural,Heatwave,98,Prolonged period of extremely high temperatures affecting vulnerable populations.,False
2024-03-25,Medical,36,Raipur,21.4355,81.8135,14.6,6.3,Healthcare,Gastroenteritis Outbreak,125,"Outbreak of gastroenteritis affecting multiple communities, likely from contaminated water.",False
2024-03-25,Disaster,47,Goa,15.12,74.1715,24.0,9.3,Natural,Heatwave,150,Prolonged period of extremely high temperatures affecting vulnerable populations.,True
2024-03-25,Fire,33,Aizawl,23.8892,92.8113,18.2,8.7,Natural,Forest Fire,129,Wildfire spreading through forest areas threatening nearby settlements.,True
2024-03-26,Disaster,99,Ranchi,23.3413,85.4043,34.2,7.5,Natural,Heatwave,72,Prolonged period of extremely high temperatures affecting vulnerable populations.,False
2024-03-26,Medical,105,Mumbai,19.0674,72.9796,11.1,5.3,Healthcare,Gastroenteritis Outbreak,20,"Outbreak of gastroenteritis affecting multiple communities, likely from contaminated water.",False
2024-03-26,Medical,54,Hyderabad,17.2038,78.6098,10.8,2.4,Healthcare,Gastroenteritis Outbreak,69,"Outbreak of gastroenteritis affecting multiple communities, likely from contaminated water.",False
2024-03-26,Disaster,46,Dehradun,30.1996,77.9555,25.9,9.3,Natural,Heatwave,75,Prolonged period of extremely high temperatures affecting vulnerable populations.,True
2024-03-26,Medical,77,Vijayawada,16.5015,80.6093,14.4,3.7,Healthcare,Gastroenteritis Outbreak,150,"Outbreak of gastroenteritis affecting multiple communities, likely from contaminated water.",False
2024-03-26,Disaster,43,Shillong,25.7265,91.8919,25.9,5.6,Natural,Dust Storm,62,Severe dust storm reducing visibility and causing respiratory issues.,False
2024-03-26,Fire,26,Ranchi,23.3366,85.1821,21.1,9.0,Natural,Forest Fire,131,Wildfire spreading through forest areas threatening nearby settlements.,True
2024-03-27,Disaster,84,Mysore,12.4372,76.8014,32.3,5.7,Natural,Heatwave,121,Prolonged period of extremely high temperatures affecting vulnerable populations.,False
2024-03-27,Disaster,54,Leh,34.334,77.4509,30.0,8.7,Natural,Heatwave,66,Prolonged period of extremely high temperatures affecting vulnerable populations.,True
2024-03-27,Disaster,62,Mysore,12.248,76.7747,20.9,6.2,Natural,Drought,168,Prolonged dry period affecting agriculture and water availability.,False
2024-03-27,Medical,67,Guwahati,26.0901,91.6522,13.3,5.0,Healthcare,Heatstroke Wave,46,"Multiple cases of heatstroke amid extreme temperatures, affecting vulnerable populations.",False
2024-03-27,Disaster,91,Odisha,20.6292,84.3321,22.8,5.6,Natural,Drought,126,Prolonged dry period affecting agriculture and water availability.,False
2024-03-27,Disaster,85,Shillong,25.5726,91.864,23.3,7.1,Natural,Heatwave,87,Prolonged period of extremely high temperatures affecting vulnerable populations.,False
2024-03-27,Disaster,53,Nagpur,20.9762,78.9952,28.1,9.4,Natural,Drought,88,Prolonged dry period affecting agriculture and water availability.,True
2024-03-27,Disaster,141,Chennai,13.0697,80.3336,22.7,6.1,Natural,Heatwave,104,Prolonged period of extremely high temperatures affecting vulnerable populations.,False
2024-03-27,Medical,67,Goa,15.1431,74.0906,12.1,3.7,Healthcare,Gastroenteritis Outbreak,81,"Outbreak of gastroenteritis affecting multiple communities, likely from contaminated water.",False
2024-03-27,Disaster,78,Raipur,21.2258,81.4875,23.2,7.9,Natural,Drought,175,Prolonged dry period affecting agriculture and water availability.,False
2024-03-28,Disaster,99,Jodhpur,26.4159,73.0232,20.5,7.8,Natural,Heatwave,71,Prolonged period of extremely high temperatures affecting vulnerable populations.,False
2024-03-29,Fire,28,Agra,27.2701,78.1168,16.7,5.2,Natural,Forest Fire,141,Wildfire spreading through forest areas threatening nearby settlements.,False
2024-03-29,Disaster,86,Agartala,23.9203,91.4204,30.5,6.8,Natural,Dust Storm,28,Severe dust storm reducing visibility and causing respiratory issues.,False
2024-03-29,Fire,74,Kolkata,22.6307,88.1667,12.2,5.7,Natural,Forest Fire,9,Wildfire spreading through forest areas threatening nearby settlements.,False
2024-03-29,Disaster,95,Agra,27.2847,78.0706,32.0,9.0,Natural,Heatwave,124,Prolonged period of extremely high temperatures affecting vulnerable populations.,True
2024-03-30,Disaster,65,Dehradun,30.402,78.0457,27.1,6.0,Natural,Dust Storm,33,Severe dust storm reducing visibility and causing respiratory issues.,False
2024-03-30,Disaster,89,Leh,34.1521,77.6668,25.8,6.8,Natural,Heatwave,137,Prolonged period of extremely high temperatures affecting vulnerable populations.,False
2024-03-31,Medical,61,Vijayawada,16.3538,80.4504,14.2,3.5,Healthcare,Gastroenteritis Outbreak,29,"Outbreak of gastroenteritis affecting multiple communities, likely from contaminated water.",False
2024-03-31,Medical,80,Leh,34.2306,77.6798,14.5,2.5,Healthcare,Heatstroke Wave,102,"Multiple cases of heatstroke amid extreme temperatures, affecting vulnerable populations.",False
2024-03-31,Fire,23,Surat,21.09,72.7901,17.0,8.3,Natural,Forest Fire,84,Wildfire spreading through forest areas threatening nearby settlements.,True
2024-03-31,Disaster,69,Agra,27.3597,77.948,30.6,4.4,Natural,Heatwave,139,Prolonged period of extremely high temperatures affecting vulnerable populations.,False
2024-03-31,Fire,13,Gwalior,26.3814,78.1182,14.0,7.1,Natural,Forest Fire,99,Wildfire spreading through forest areas threatening nearby settlements.,False
2024-03-31,Medical,60,Pune,18.4246,73.8384,8.4,3.5,Healthcare,Heatstroke Wave,22,"Multiple cases of heatstroke amid extreme temperatures, affecting vulnerable populations.",False
2024-03-31,Fire,20,Indore,22.8912,76.0215,14.8,4.2,Natural,Forest Fire,130,Wildfire spreading through forest areas threatening nearby settlements.,False
2024-03-31,Fire,13,Varanasi,25.4637,83.1365,16.1,4.9,Natural,Forest Fire,119,Wildfire spreading through forest areas threatening nearby settlements.,False
2024-03-31,Medical,53,Kochi,10.0268,76.0882,12.0,2.6,Healthcare,Gastroenteritis Outbreak,88,"Outbreak of gastroenteritis affecting multiple communities, likely from contaminated water.",False
2024-03-31,Disaster,88,Allahabad,25.5545,81.9212,22.4,7.8,Natural,Heatwave,113,Prolonged period of extremely high temperatures affecting vulnerable populations.,False
2024-03-31,Disaster,85,Bhopal,23.1196,77.5375,30.3,5.3,Natural,Heatwave,142,Prolonged period of extremely high temperatures affecting vulnerable populations.,False
2024-04-01,Medical,77,Bhopal,23.3958,77.4973,14.2,5.8,Healthcare,Heatstroke Wave,60,"Multiple cases of heatstroke amid extreme temperatures, affecting vulnerable populations.",False
2024-04-01,Disaster,185,Delhi,28.5983,77.2497,15.6,7.8,Natural,Dust Storm,120,Severe dust storm reducing visibility and causing respiratory issues.,False
2024-04-01,Medical,77,Chandigarh,30.6856,76.7929,12.3,5.9,Healthcare,Heatstroke Wave,35,"Multiple cases of heatstroke amid extreme temperatures, affecting vulnerable populations.",False
2024-04-01,Disaster,100,Bhopal,23.0699,77.4957,22.1,9.1,Natural,Heatwave,143,Prolonged period of extremely high temperatures affecting vulnerable populations.,True
2024-04-01,Medical,51,Goa,15.227,74.2179,11.5,4.0,Healthcare,Gastroenteritis Outbreak,117,"Outbreak of gastroenteritis affecting multiple communities, likely from contaminated water.",False
2024-04-01,Disaster,40,Ahmedabad,23.1713,72.4288,19.7,6.2,Natural,Heatwave,122,Prolonged period of extremely high temperatures affecting vulnerable populations.,False
2024-04-02,Medical,36,Visakhapatnam,17.8182,83.2804,13.3,3.6,Healthcare,Gastroenteritis Outbreak,85,"Outbreak of gastroenteritis affecting multiple communities, likely from contaminated water.",False
2024-04-02,Fire,37,Odisha,20.5206,84.5729,14.8,6.8,Natural,Forest Fire,93,Wildfire spreading through forest areas threatening nearby settlements.,False
2024-04-02,Fire,24,Varanasi,25.5095,83.1224,16.4,8.8,Natural,Forest Fire,17,Wildfire spreading through forest areas threatening nearby settlements.,True
2024-04-02,Fire,36,Kochi,9.941,76.3996,14.9,7.2,Natural,Forest Fire,108,Wildfire spreading through forest areas threatening nearby settlements.,False
2024-04-03,Fire,21,Udaipur,24.4328,73.6256,14.1,9.5,Natural,Forest Fire,88,Wildfire spreading through forest areas threatening nearby settlements.,True
2024-04-03,Medical,51,Visakhapatnam,17.7369,83.2501,12.9,5.8,Healthcare,Gastroenteritis Outbreak,66,"Outbreak of gastroenteritis affecting multiple communities, likely from contaminated water.",False
2024-04-03,Disaster,61,Dehradun,30.2303,78.0283,27.3,5.4,Natural,Heatwave,72,Prolonged period of extremely high temperatures affecting vulnerable populations.,False
2024-04-03,Disaster,56,Patna,25.5238,85.2252,34.4,6.1,Natural,Heatwave,51,Prolonged period of extremely high temperatures affecting vulnerable populations.,False
2024-04-03,Fire,33,Amritsar,31.5945,74.8965,16.4,4.2,Natural,Forest Fire,89,Wildfire spreading through forest areas threatening nearby settlements.,False
2024-04-03,Fire,18,Allahabad,25.5061,81.9963,16.0,9.0,Natural,Forest Fire,128,Wildfire spreading through forest areas threatening nearby settlements.,True
2024-04-03,Fire,23,Agartala,23.7799,91.1717,15.5,8.4,Natural,Forest Fire,129,Wildfire spreading through forest areas threatening nearby settlements.,True
2024-04-03,Disaster,51,Lucknow,26.7015,80.7885,28.3,4.2,Natural,Drought,150,Prolonged dry period affecting agriculture and water availability.,False
2024-04-03,Disaster,52,Jodhpur,26.4143,73.1461,23.3,5.8,Natural,Heatwave,104,Prolonged period of extremely high temperatures affecting vulnerable populations.,False
2024-04-03,Fire,27,Varanasi,25.1846,82.7925,19.7,6.3,Natural,Forest Fire,147,Wildfire spreading through forest areas threatening nearby settlements.,False
2024-04-04,Medical,69,Surat,21.3163,72.7565,16.7,6.3,Healthcare,Heatstroke Wave,146,"Multiple cases of heatstroke amid extreme temperatures, affecting vulnerable populations.",False
2024-04-04,Fire,19,Nagpur,21.0764,79.0532,14.7,7.1,Natural,Forest Fire,39,Wildfire spreading through forest areas threatening nearby settlements.,False
2024-04-04,Medical,73,Kolkata,22.4039,88.1836,11.8,5.7,Healthcare,Heatstroke Wave,53,"Multiple cases of heatstroke amid extreme temperatures, affecting vulnerable populations.",False
2024-04-04,Medical,75,Vadodara,22.4165,73.3389,12.5,2.8,Healthcare,Heatstroke Wave,72,"Multiple cases of heatstroke amid extreme temperatures, affecting vulnerable populations.",False
2024-04-04,Fire,24,Gangtok,27.1545,88.4678,20.3,4.5,Natural,Forest Fire,107,Wildfire spreading through forest areas threatening nearby settlements.,False
2024-04-04,Disaster,81,Thiruvananthapuram,8.4866,77.029,27.2,6.9,Natural,Drought,139,Prolonged dry period affecting agriculture and water availability.,False
2024-04-04,Disaster,109,Delhi,28.5974,77.0905,22.8,7.1,Natural,Drought,127,Prolonged dry period affecting agriculture and water availability.,False
2024-04-04,Disaster,117,Kolkata,22.7037,88.3763,17.2,8.3,Natural,Heatwave,68,Prolonged period of extremely high temperatures affecting vulnerable populations.,True
2024-04-04,Disaster,94,Ranchi,23.2972,85.1842,25.6,7.2,Natural,Heatwave,110,Prolonged period of extremely high temperatures affecting vulnerable populations.,False
2024-04-04,Medical,73,Goa,15.229,74.0926,12.0,6.8,Healthcare,Gastroenteritis Outbreak,111,"Outbreak of gastroenteritis affecting multiple communities, likely from contaminated water.",False
2024-04-05,Fire,60,Delhi,28.7264,77.1388,13.1,6.8,Natural,Forest Fire,76,Wildfire spreading through forest areas threatening nearby settlements.,False
2024-04-05,Medical,69,Mysore,12.4546,76.656,15.3,3.0,Healthcare,Gastroenteritis Outbreak,64,"Outbreak of gastroenteritis affecting multiple communities, likely from contaminated water.",False
2024-04-05,Medical,122,Mumbai,18.8949,72.8829,9.4,2.4,Healthcare,Gastroenteritis Outbreak,114,"Outbreak of gastroenteritis affecting multiple communities, likely from contaminated water.",False
2024-04-05,Disaster,67,Ranchi,23.2474,85.1529,31.5,9.5,Natural,Dust Storm,148,Severe dust storm reducing visibility and causing respiratory issues.,True
2024-04-05,Medical,31,Visakhapatnam,17.6369,83.0739,12.0,6.7,Healthcare,Heatstroke Wave,133,"Multiple cases of heatstroke amid extreme temperatures, affecting vulnerable populations.",False
2024-04-06,Fire,16,Kochi,10.1269,76.4091,19.5,5.8,Natural,Forest Fire,145,Wildfire spreading through forest areas threatening nearby settlements.,False
2024-04-06,Disaster,90,Gangtok,27.3436,88.4287,22.9,5.9,Natural,Dust Storm,61,Severe dust storm reducing visibility and causing respiratory issues.,False
2024-04-06,Medical,40,Pune,18.6156,74.0347,9.3,2.5,Healthcare,Heatstroke Wave,121,"Multiple cases of heatstroke amid extreme temperatures, affecting vulnerable populations.",False
2024-04-06,Medical,151,Chennai,13.241,80.235,10.7,2.4,Healthcare,Heatstroke Wave,82,"Multiple cases of heatstroke amid extreme temperatures, affecting vulnerable populations.",False
2024-04-06,Medical,43,Dehradun,30.4221,77.9955,12.9,4.7,Healthcare,Heatstroke Wave,67,"Multiple cases of heatstroke amid extreme temperatures, affecting vulnerable populations.",False
2024-04-06,Medical,55,Nagpur,21.0124,79.0168,14.0,5.4,Healthcare,Gastroenteritis Outbreak,112,"Outbreak of gastroenteritis affecting multiple communities, likely from contaminated water.",False
2024-04-06,Disaster,40,Agra,27.0308,77.9075,37.1,9.2,Natural,Heatwave,97,Prolonged period of extremely high temperatures affecting vulnerable populations.,True
2024-04-06,Disaster,56,Allahabad,25.5417,81.7732,26.0,5.4,Natural,Dust Storm,16,Severe dust storm reducing visibility and causing respiratory issues.,False
2024-04-07,Fire,45,Kolkata,22.3904,88.479,13.6,9.0,Natural,Forest Fire,108,Wildfire spreading through forest areas threatening nearby settlements.,True
2024-04-07,Disaster,62,Bhopal,23.2964,77.5517,32.8,8.2,Natural,Heatwave,74,Prolonged period of extremely high temperatures affecting vulnerable populations.,True
2024-04-07,Fire,20,Aizawl,23.6604,92.7507,16.8,8.8,Natural,Forest Fire,90,Wildfire spreading through forest areas threatening nearby settlements.,True
2024-04-07,Fire,31,Bhopal,23.4064,77.3603,15.3,7.6,Natural,Forest Fire,13,Wildfire spreading through forest areas threatening nearby settlements.,False
2024-04-07,Disaster,97,Gangtok,27.1912,88.6565,26.1,8.0,Natural,Heatwave,140,Prolonged period of extremely high temperatures affecting vulnerable populations.,False
2024-04-07,Medical,37,Coimbatore,11.079,76.8426,10.7,4.1,Healthcare,Heatstroke Wave,131,"Multiple cases of heatstroke amid extreme temperatures, affecting vulnerable populations.",False
2024-04-07,Disaster,64,Gwalior,26.298,78.2293,28.9,8.6,Natural,Heatwave,110,Prolonged period of extremely high temperatures affecting vulnerable populations.,True
2024-04-07,Medical,65,Goa,15.1101,74.2692,13.8,4.9,Healthcare,Gastroenteritis Outbreak,14,"Outbreak of gastroenteritis affecting multiple communities, likely from contaminated water.",False
2024-04-07,Fire,13,Gangtok,27.1923,88.4372,19.9,6.6,Natural,Forest Fire,10,Wildfire spreading through forest areas threatening nearby settlements.,False
2024-04-07,Medical,49,Visakhapatnam,17.7329,83.4066,13.6,6.3,Healthcare,Gastroenteritis Outbreak,144,"Outbreak of gastroenteritis affecting multiple communities, likely from contaminated water.",False
2024-04-08,Disaster,142,Bengaluru,12.7877,77.6277,18.4,4.4,Natural,Heatwave,102,Prolonged period of extremely high temperatures affecting vulnerable populations.,False
2024-04-08,Disaster,69,Visakhapatnam,17.8596,83.1228,26.7,9.1,Natural,Drought,102,Prolonged dry period affecting agriculture and water availability.,True
2024-04-08,Medical,73,Patna,25.7178,85.2315,16.7,5.2,Healthcare,Gastroenteritis Outbreak,55,"Outbreak of gastroenteritis affecting multiple communities, likely from contaminated water.",False
2024-04-08,Medical,31,Bhubaneswar,20.286,85.8817,13.3,6.7,Healthcare,Heatstroke Wave,13,"Multiple cases of heatstroke amid extreme temperatures, affecting vulnerable populations.",False
2024-04-08,Disaster,87,Udaipur,24.6914,73.7856,35.3,5.9,Natural,Heatwave,92,Prolonged period of extremely high temperatures affecting vulnerable populations.,False
2024-04-08,Fire,17,Kochi,9.9012,76.2079,15.0,5.0,Natural,Forest Fire,77,Wildfire spreading through forest areas threatening nearby settlements.,False
2024-04-08,Disaster,91,Raipur,21.0903,81.7103,35.3,9.5,Natural,Heatwave,93,Prolonged period of extremely high temperatures affecting vulnerable populations.,True
2024-04-08,Disaster,92,Jodhpur,26.2934,73.0315,24.6,5.2,Natural,Dust Storm,71,Severe dust storm reducing visibility and causing respiratory issues.,False
2024-04-08,Fire,23,Chennai,13.2761,80.456,13.5,4.2,Natural,Forest Fire,145,Wildfire spreading through forest areas threatening nearby settlements.,False
2024-04-08,Fire,22,Kohima,25.7725,93.9222,16.2,5.3,Natural,Forest Fire,123,Wildfire spreading through forest areas threatening nearby settlements.,False
2024-04-08,Disaster,47,Varanasi,25.2896,83.135,31.8,6.0,Natural,Dust Storm,140,Severe dust storm reducing visibility and causing respiratory issues.,False
2024-04-09,Disaster,52,Leh,34.1247,77.7626,36.5,7.6,Natural,Heatwave,115,Prolonged period of extremely high temperatures affecting vulnerable populations.,False
2024-04-09,Disaster,81,Thiruvananthapuram,8.4472,76.8964,23.9,6.3,Natural,Drought,175,Prolonged dry period affecting agriculture and water availability.,False
2024-04-09,Disaster,47,Aizawl,23.7123,92.7992,25.6,8.6,Natural,Dust Storm,16,Severe dust storm reducing visibility and causing respiratory issues.,True
2024-04-09,Fire,25,Indore,22.8154,75.8485,12.9,6.0,Natural,Forest Fire,33,Wildfire spreading through forest areas threatening nearby settlements.,False
2024-04-09,Fire,34,Kolkata,22.6189,88.1764,13.0,6.5,Natural,Forest Fire,132,Wildfire spreading through forest areas threatening nearby settlements.,False
2024-04-09,Medical,39,Mysore,12.4881,76.793,14.7,4.9,Healthcare,Heatstroke Wave,112,"Multiple cases of heatstroke amid extreme temperatures, affecting vulnerable populations.",False
2024-04-10,Disaster,94,Srinagar,34.1406,74.7167,31.4,9.1,Natural,Dust Storm,49,Severe dust storm reducing visibility and causing respiratory issues.,True
2024-04-10,Disaster,54,Shillong,25.3976,91.9446,23.4,8.2,Natural,Heatwave,140,Prolonged period of extremely high temperatures affecting vulnerable populations.,True
2024-04-10,Disaster,155,Chennai,13.1562,80.2069,24.1,8.6,Natural,Heatwave,138,Prolonged period of extremely high temperatures affecting vulnerable populations.,True
2024-04-10,Disaster,84,Chandigarh,30.8099,76.9695,28.4,5.9,Natural,Drought,145,Prolonged dry period affecting agriculture and water availability.,False
2024-04-10,Medical,32,Agra,27.2986,77.8651,12.3,4.5,Healthcare,Gastroenteritis Outbreak,115,"Outbreak of gastroenteritis affecting multiple communities, likely from contaminated water.",False
2024-04-10,Medical,45,Surat,21.3642,73.0177,14.8,4.5,Healthcare,Heatstroke Wave,8,"Multiple cases of heatstroke amid extreme temperatures, affecting vulnerable populations.",False
2024-04-11,Disaster,65,Vadodara,22.1404,73.045,21.9,5.4,Natural,Heatwave,133,Prolonged period of extremely high temperatures affecting vulnerable populations.,False
2024-04-11,Medical,60,Imphal,24.9165,93.8232,13.9,5.8,Healthcare,Heatstroke Wave,132,"Multiple cases of heatstroke amid extreme temperatures, affecting vulnerable populations.",False
2024-04-11,Medical,64,Aizawl,23.5779,92.5319,11.4,5.8,Healthcare,Gastroenteritis Outbreak,60,"Outbreak of gastroenteritis affecting multiple communities, likely from contaminated water.",False
2024-04-11,Medical,38,Patna,25.4252,85.2475,12.5,5.9,Healthcare,Heatstroke Wave,61,"Multiple cases of heatstroke amid extreme temperatures, affecting vulnerable populations.",False
2024-04-11,Disaster,44,Odisha,20.3018,84.5092,30.0,6.2,Natural,Drought,172,Prolonged dry period affecting agriculture and water availability.,False
2024-04-12,Disaster,97,Lucknow,26.7142,81.0209,22.6,4.3,Natural,Dust Storm,46,Severe dust storm reducing visibility and causing respiratory issues.,False
2024-04-12,Disaster,95,Dehradun,30.172,78.073,31.2,8.9,Natural,Heatwave,98,Prolonged period of extremely high temperatures affecting vulnerable populations.,True
2024-04-12,Fire,19,Lucknow,26.996,81.0278,14.0,7.1,Natural,Forest Fire,136,Wildfire spreading through forest areas threatening nearby settlements.,False
2024-04-12,Fire,15,Srinagar,33.9702,74.7433,14.4,8.2,Natural,Forest Fire,144,Wildfire spreading through forest areas threatening nearby settlements.,True
2024-04-13,Medical,56,Surat,21.3259,72.7019,15.1,5.8,Healthcare,Heatstroke Wave,7,"Multiple cases of heatstroke amid extreme temperatures, affecting vulnerable populations.",False
2024-04-13,Medical,42,Odisha,20.3498,84.5291,15.6,4.6,Healthcare,Heatstroke Wave,51,"Multiple cases of heatstroke amid extreme temperatures, affecting vulnerable populations.",False
2024-04-13,Fire,20,Bhubaneswar,20.3124,85.7102,19.9,8.8,Natural,Forest Fire,137,Wildfire spreading through forest areas threatening nearby settlements.,True
2024-04-13,Medical,76,Agra,27.172,78.0516,15.6,7.0,Healthcare,Heatstroke Wave,140,"Multiple cases of heatstroke amid extreme temperatures, affecting vulnerable populations.",False
2024-04-13,Disaster,59,Vadodara,22.2842,73.318,25.6,7.6,Natural,Heatwave,146,Prolonged period of extremely high temperatures affecting vulnerable populations.,False
2024-04-14,Disaster,40,Kochi,9.9417,76.41,27.2,9.1,Natural,Drought,112,Prolonged dry period affecting agriculture and water availability.,True
2024-04-14,Disaster,65,Leh,34.1004,77.3967,31.1,9.4,Natural,Dust Storm,137,Severe dust storm reducing visibility and causing respiratory issues.,True
2024-04-14,Medical,106,Delhi,28.7438,77.206,11.0,5.6,Healthcare,Heatstroke Wave,140,"Multiple cases of heatstroke amid extreme temperatures, affecting vulnerable populations.",False
2024-04-14,Disaster,56,Goa,15.2845,74.0521,30.9,4.6,Natural,Drought,192,Prolonged dry period affecting agriculture and water availability.,False
2024-04-14,Disaster,71,Mysore,12.471,76.5066,24.9,5.0,Natural,Heatwave,67,Prolonged period of extremely high temperatures affecting vulnerable populations.,False
2024-04-15,Disaster,81,Srinagar,34.2702,74.7382,29.8,8.0,Natural,Drought,196,Prolonged dry period affecting agriculture and water availability.,False
2024-04-15,Medical,96,Chennai,13.025,80.4472,11.1,4.5,Healthcare,Heatstroke Wave,24,"Multiple cases of heatstroke amid extreme temperatures, affecting vulnerable populations.",False
2024-04-15,Medical,48,Kochi,9.8401,76.2631,10.8,6.9,Healthcare,Gastroenteritis Outbreak,65,"Outbreak of gastroenteritis affecting multiple communities, likely from contaminated water.",False
2024-04-15,Disaster,42,Bhopal,23.2313,77.5782,28.9,6.2,Natural,Drought,85,Prolonged dry period affecting agriculture and water availability.,False
2024-04-16,Disaster,100,Kochi,10.1257,76.1482,23.4,4.8,Natural,Heatwave,87,Prolonged period of extremely high temperatures affecting vulnerable populations.,False
2024-04-16,Disaster,175,Kolkata,22.6008,88.1693,17.2,7.8,Natural,Drought,135,Prolonged dry period affecting agriculture and water availability.,False
2024-04-16,Medical,58,Aizawl,23.8017,92.656,11.0,6.2,Healthcare,Gastroenteritis Outbreak,91,"Outbreak of gastroenteritis affecting multiple communities, likely from contaminated water.",False
2024-04-16,Medical,34,Thiruvananthapuram,8.3423,76.9631,16.5,2.6,Healthcare,Heatstroke Wave,116,"Multiple cases of heatstroke amid extreme temperatures, affecting vulnerable populations.",False
2024-04-17,Disaster,90,Agra,27.2192,78.1299,29.1,9.5,Natural,Drought,162,Prolonged dry period affecting agriculture and water availability.,True
2024-04-17,Medical,63,Odisha,20.5215,84.3997,13.3,6.1,Healthcare,Heatstroke Wave,85,"Multiple cases of heatstroke amid extreme temperatures, affecting vulnerable populations.",False
2024-04-17,Fire,61,Kolkata,22.7626,88.2131,11.4,8.2,Natural,Forest Fire,99,Wildfire spreading through forest areas threatening nearby settlements.,True
2024-04-17,Disaster,41,Allahabad,25.271,81.9208,20.9,7.7,Natural,Heatwave,132,Prolonged period of extremely high temperatures affecting vulnerable populations.,False
2024-04-18,Medical,53,Surat,21.2298,72.8936,16.9,6.2,Healthcare,Heatstroke Wave,133,"Multiple cases of heatstroke amid extreme temperatures, affecting vulnerable populations.",False
2024-04-18,Disaster,49,Gangtok,27.2028,88.4871,24.3,6.8,Natural,Dust Storm,135,Severe dust storm reducing visibility and causing respiratory issues.,False
2024-04-18,Fire,14,Thiruvananthapuram,8.6057,76.8876,13.9,9.3,Natural,Forest Fire,80,Wildfire spreading through forest areas threatening nearby settlements.,True
2024-04-19,Medical,80,Visakhapatnam,17.8769,83.3869,10.6,6.5,Healthcare,Gastroenteritis Outbreak,112,"Outbreak of gastroenteritis affecting multiple communities, likely from contaminated water.",False
2024-04-19,Medical,119,Bengaluru,12.9798,77.6043,8.8,5.2,Healthcare,Gastroenteritis Outbreak,40,"Outbreak of gastroenteritis affecting multiple communities, likely from contaminated water.",False
2024-04-19,Fire,18,Guwahati,26.185,91.8801,12.8,8.2,Natural,Forest Fire,143,Wildfire spreading through forest areas threatening nearby settlements.,True
2024-04-20,Medical,74,Vijayawada,16.5303,80.6509,14.7,3.2,Healthcare,Heatstroke Wave,93,"Multiple cases of heatstroke amid extreme temperatures, affecting vulnerable populations.",False
2024-04-20,Medical,77,Mangalore,12.8462,74.9572,14.5,6.1,Healthcare,Gastroenteritis Outbreak,114,"Outbreak of gastroenteritis affecting multiple communities, likely from contaminated water.",False
2024-04-20,Medical,53,Surat,21.2058,72.7234,14.1,4.1,Healthcare,Gastroenteritis Outbreak,23,"Outbreak of gastroenteritis affecting multiple communities, likely from contaminated water.",False
2024-04-20,Disaster,70,Aizawl,23.679,92.6526,32.4,4.5,Natural,Heatwave,54,Prolonged period of extremely high temperatures affecting vulnerable populations.,False
2024-04-20,Disaster,96,Agra,27.1662,77.8424,21.1,6.1,Natural,Heatwave,150,Prolonged period of extremely high temperatures affecting vulnerable populations.,False
2024-04-21,Medical,32,Imphal,24.9226,93.8696,10.6,6.5,Healthcare,Gastroenteritis Outbreak,39,"Outbreak of gastroenteritis affecting multiple communities, likely from contaminated water.",False
2024-04-21,Medical,131,Kolkata,22.6649,88.3599,10.1,4.8,Healthcare,Gastroenteritis Outbreak,32,"Outbreak of gastroenteritis affecting multiple communities, likely from contaminated water.",False
2024-04-21,Fire,16,Mysore,12.2418,76.7262,16.4,8.0,Natural,Forest Fire,36,Wildfire spreading through forest areas threatening nearby settlements.,False
2024-04-21,Medical,57,Visakhapatnam,17.7796,83.1875,12.3,5.2,Healthcare,Heatstroke Wave,95,"Multiple cases of heatstroke amid extreme temperatures, affecting vulnerable populations.",False
2024-04-21,Medical,56,Kohima,25.8693,94.0497,11.7,5.0,Healthcare,Gastroenteritis Outbreak,74,"Outbreak of gastroenteritis affecting multiple communities, likely from contaminated water.",False
2024-04-21,Fire,29,Patna,25.6572,85.2229,14.6,5.6,Natural,Forest Fire,97,Wildfire spreading through forest areas threatening nearby settlements.,False
2024-04-22,Disaster,68,Chandigarh,30.5614,76.7017,30.5,8.5,Natural,Heatwave,67,Prolonged period of extremely high temperatures affecting vulnerable populations.,True
2024-04-22,Medical,40,Kohima,25.508,94.1053,15.5,5.2,Healthcare,Heatstroke Wave,48,"Multiple cases of heatstroke amid extreme temperatures, affecting vulnerable populations.",False
2024-04-23,Fire,45,Bengaluru,12.9966,77.7655,12.3,8.8,Natural,Forest Fire,71,Wildfire spreading through forest areas threatening nearby settlements.,True
2024-04-23,Disaster,56,Vadodara,22.1852,73.1162,31.9,7.2,Natural,Heatwave,92,Prolonged period of extremely high temperatures affecting vulnerable populations.,False
2024-04-23,Disaster,79,Ranchi,23.4111,85.2191,23.5,7.0,Natural,Dust Storm,31,Severe dust storm reducing visibility and causing respiratory issues.,False
2024-04-23,Medical,78,Guwahati,26.1635,91.563,13.8,5.5,Healthcare,Heatstroke Wave,90,"Multiple cases of heatstroke amid extreme temperatures, affecting vulnerable populations.",False
2024-04-23,Medical,49,Pune,18.6954,73.9229,9.4,5.6,Healthcare,Heatstroke Wave,119,"Multiple cases of heatstroke amid extreme temperatures, affecting vulnerable populations.",False
2024-04-23,Medical,56,Bengaluru,13.1581,77.4633,9.7,4.0,Healthcare,Heatstroke Wave,116,"Multiple cases of heatstroke amid extreme temperatures, affecting vulnerable populations.",False
2024-04-23,Fire,37,Dehradun,30.1727,78.0572,19.9,4.0,Natural,Forest Fire,19,Wildfire spreading through forest areas threatening nearby settlements.,False
2024-04-23,Medical,156,Kolkata,22.5352,88.5332,9.2,3.6,Healthcare,Heatstroke Wave,136,"Multiple cases of heatstroke amid extreme temperatures, affecting vulnerable populations.",False
2024-04-23,Disaster,40,Dehradun,30.4233,77.84,26.7,9.4,Natural,Dust Storm,149,Severe dust storm reducing visibility and causing respiratory issues.,True
2024-04-24,Disaster,69,Guwahati,25.9608,91.7152,22.1,7.3,Natural,Heatwave,142,Prolonged period of extremely high temperatures affecting vulnerable populations.,False
2024-04-24,Disaster,42,Chandigarh,30.9009,76.9244,21.5,8.3,Natural,Drought,162,Prolonged dry period affecting agriculture and water availability.,True
2024-04-24,Disaster,82,Shillong,25.5785,91.9762,33.0,6.7,Natural,Dust Storm,73,Severe dust storm reducing visibility and causing respiratory issues.,False
2024-04-24,Medical,121,Mumbai,19.0282,73.0035,11.0,3.0,Healthcare,Gastroenteritis Outbreak,36,"Outbreak of gastroenteritis affecting multiple communities, likely from contaminated water.",False
2024-04-24,Medical,55,Bhopal,23.3742,77.3391,14.2,2.9,Healthcare,Gastroenteritis Outbreak,95,"Outbreak of gastroenteritis affecting multiple communities, likely from contaminated water.",False
2024-04-24,Medical,107,Bengaluru,13.0649,77.5947,9.8,3.3,Healthcare,Heatstroke Wave,141,"Multiple cases of heatstroke amid extreme temperatures, affecting vulnerable populations.",False
2024-04-25,Disaster,48,Agartala,23.9596,91.3881,20.0,8.4,Natural,Dust Storm,16,Severe dust storm reducing visibility and causing respiratory issues.,True
2024-04-25,Medical,70,Jodhpur,26.1433,72.9685,14.1,6.7,Healthcare,Gastroenteritis Outbreak,91,"Outbreak of gastroenteritis affecting multiple communities, likely from contaminated water.",False
2024-04-25,Medical,46,Raipur,21.3827,81.659,14.2,6.0,Healthcare,Heatstroke Wave,147,"Multiple cases of heatstroke amid extreme temperatures, affecting vulnerable populations.",False
2024-04-25,Fire,38,Bhubaneswar,20.4351,85.8136,15.6,6.3,Natural,Forest Fire,38,Wildfire spreading through forest areas threatening nearby settlements.,False
2024-04-25,Disaster,78,Lucknow,26.8279,80.9749,31.0,4.4,Natural,Heatwave,59,Prolonged period of extremely high temperatures affecting vulnerable populations.,False
2024-04-25,Fire,28,Pune,18.4071,73.7999,11.1,8.1,Natural,Forest Fire,83,Wildfire spreading through forest areas threatening nearby settlements.,True
2024-04-25,Disaster,44,Hyderabad,17.1885,78.6041,16.6,8.1,Natural,Heatwave,130,Prolonged period of extremely high temperatures affecting vulnerable populations.,True
2024-04-26,Fire,18,Leh,34.1113,77.5536,16.8,6.7,Natural,Forest Fire,127,Wildfire spreading through forest areas threatening nearby settlements.,False
2024-04-26,Disaster,89,Indore,22.5569,75.9766,28.9,6.5,Natural,Drought,147,Prolonged dry period affecting agriculture and water availability.,False
2024-04-26,Disaster,62,Varanasi,25.1841,83.0364,21.2,8.2,Natural,Dust Storm,85,Severe dust storm reducing visibility and causing respiratory issues.,True
2024-04-26,Disaster,80,Jodhpur,26.1162,73.0699,31.5,8.3,Natural,Drought,178,Prolonged dry period affecting agriculture and water availability.,True
2024-04-26,Medical,119,Bengaluru,12.89,77.4521,11.4,4.4,Healthcare,Gastroenteritis Outbreak,70,"Outbreak of gastroenteritis affecting multiple communities, likely from contaminated water.",False
2024-04-27,Medical,114,Mumbai,19.2062,72.8224,9.6,2.2,Healthcare,Heatstroke Wave,31,"Multiple cases of heatstroke amid extreme temperatures, affecting vulnerable populations.",False
2024-04-27,Disaster,106,Kolkata,22.6627,88.4069,24.8,4.2,Natural,Heatwave,57,Prolonged period of extremely high temperatures affecting vulnerable populations.,False
2024-04-27,Disaster,94,Agra,27.1882,77.8996,32.9,4.3,Natural,Drought,97,Prolonged dry period affecting agriculture and water availability.,False
2024-04-27,Fire,31,Mangalore,13.1072,74.8114,20.7,7.2,Natural,Forest Fire,30,Wildfire spreading through forest areas threatening nearby settlements.,False
2024-04-27,Disaster,95,Delhi,28.6554,77.0098,19.9,6.7,Natural,Heatwave,62,Prolonged period of extremely high temperatures affecting vulnerable populations.,False
2024-04-27,Fire,37,Shimla,31.2198,77.1809,17.5,9.5,Natural,Forest Fire,107,Wildfire spreading through forest areas threatening nearby settlements.,True
2024-04-28,Medical,52,Leh,34.0854,77.5967,13.6,4.8,Healthcare,Heatstroke Wave,61,"Multiple cases of heatstroke amid extreme temperatures, affecting vulnerable populations.",False
2024-04-28,Medical,71,Surat,21.1954,72.9204,14.7,3.5,Healthcare,Gastroenteritis Outbreak,5,"Outbreak of gastroenteritis affecting multiple communities, likely from contaminated water.",False
2024-04-28,Medical,44,Hyderabad,17.4831,78.5941,9.4,3.3,Healthcare,Heatstroke Wave,75,"Multiple cases of heatstroke amid extreme temperatures, affecting vulnerable populations.",False
2024-04-28,Fire,13,Chandigarh,30.5917,76.6837,19.9,5.2,Natural,Forest Fire,132,Wildfire spreading through forest areas threatening nearby settlements.,False
2024-04-28,Medical,65,Coimbatore,10.8741,76.8373,14.9,6.7,Healthcare,Gastroenteritis Outbreak,24,"Outbreak of gastroenteritis affecting multiple communities, likely from contaminated water.",False
2024-04-28,Medical,74,Coimbatore,11.0583,77.0716,11.1,6.4,Healthcare,Heatstroke Wave,13,"Multiple cases of heatstroke amid extreme temperatures, affecting vulnerable populations.",False
2024-04-28,Fire,32,Pune,18.3898,73.7123,13.6,5.2,Natural,Forest Fire,65,Wildfire spreading through forest areas threatening nearby settlements.,False
2024-04-28,Disaster,88,Gangtok,27.167,88.658,30.7,6.9,Natural,Heatwave,98,Prolonged period of extremely high temperatures affecting vulnerable populations.,False
2024-04-28,Disaster,40,Amritsar,31.4871,74.9456,30.3,6.9,Natural,Heatwave,110,Prolonged period of extremely high temperatures affecting vulnerable populations.,False
2024-04-28,Fire,20,Coimbatore,10.9345,76.9885,18.5,4.4,Natural,Forest Fire,99,Wildfire spreading through forest areas threatening nearby settlements.,False
2024-04-29,Fire,16,Nagpur,21.3199,78.9516,14.0,8.4,Natural,Forest Fire,123,Wildfire spreading through forest areas threatening nearby settlements.,True
2024-04-29,Medical,46,Bhopal,23.0794,77.5957,14.9,6.5,Healthcare,Gastroenteritis Outbreak,35,"Outbreak of gastroenteritis affecting multiple communities, likely from contaminated water.",False
2024-04-29,Fire,38,Vijayawada,16.4518,80.4796,15.4,4.4,Natural,Forest Fire,140,Wildfire spreading through forest areas threatening nearby settlements.,False
2024-04-29,Medical,77,Raipur,21.1731,81.574,13.7,4.5,Healthcare,Heatstroke Wave,26,"Multiple cases of heatstroke amid extreme temperatures, affecting vulnerable populations.",False
2024-04-29,Disaster,87,Ranchi,23.1774,85.4722,28.3,6.4,Natural,Dust Storm,117,Severe dust storm reducing visibility and causing respiratory issues.,False
2024-04-30,Disaster,52,Shillong,25.4599,91.7649,21.0,8.4,Natural,Drought,93,Prolonged dry period affecting agriculture and water availability.,True
2024-04-30,Medical,63,Jodhpur,26.4276,73.1206,13.9,6.1,Healthcare,Gastroenteritis Outbreak,144,"Outbreak of gastroenteritis affecting multiple communities, likely from contaminated water.",False
2024-04-30,Disaster,87,Amritsar,31.5346,74.8571,35.8,5.1,Natural,Dust Storm,10,Severe dust storm reducing visibility and causing respiratory issues.,False
2024-04-30,Fire,37,Jaipur,26.7357,75.7171,15.4,6.4,Natural,Forest Fire,139,Wildfire spreading through forest areas threatening nearby settlements.,False
2024-04-30,Medical,37,Mysore,12.3888,76.7537,14.2,4.4,Healthcare,Gastroenteritis Outbreak,105,"Outbreak of gastroenteritis affecting multiple communities, likely from contaminated water.",False
2024-04-30,Disaster,76,Imphal,24.9757,94.0887,22.1,6.7,Natural,Heatwave,76,Prolonged period of extremely high temperatures affecting vulnerable populations.,False
2024-04-30,Fire,22,Bhopal,23.1105,77.2834,18.5,9.0,Natural,Forest Fire,125,Wildfire spreading through forest areas threatening nearby settlements.,True
2024-04-30,Medical,32,Raipur,21.1209,81.6911,13.8,4.7,Healthcare,Gastroenteritis Outbreak,16,"Outbreak of gastroenteritis affecting multiple communities, likely from contaminated water.",False
2024-04-30,Fire,13,Vadodara,22.4012,73.2383,18.9,8.1,Natural,Forest Fire,101,Wildfire spreading through forest areas threatening nearby settlements.,True
2024-04-30,Disaster,57,Vijayawada,16.3467,80.5404,20.0,6.9,Natural,Drought,181,Prolonged dry period affecting agriculture and water availability.,False
2024-04-30,Disaster,97,Ranchi,23.3964,85.1163,29.4,8.8,Natural,Dust Storm,45,Severe dust storm reducing visibility and causing respiratory issues.,True
2024-04-30,Fire,17,Varanasi,25.2104,83.1102,17.6,8.3,Natural,Forest Fire,136,Wildfire spreading through forest areas threatening nearby settlements.,True
2024-05-01,Medical,41,Leh,34.06,77.7178,12.1,5.7,Healthcare,Heatstroke Wave,116,"Multiple cases of heatstroke amid extreme temperatures, affecting vulnerable populations.",False
2024-05-01,Disaster,91,Ahmedabad,22.8843,72.3848,17.8,7.7,Natural,Dust Storm,17,Severe dust storm reducing visibility and causing respiratory issues.,False
2024-05-01,Medical,138,Chennai,13.1991,80.1897,9.2,5.2,Healthcare,Heatstroke Wave,90,"Multiple cases of heatstroke amid extreme temperatures, affecting vulnerable populations.",False
2024-05-01,Medical,39,Ahmedabad,22.9305,72.443,11.7,5.8,Healthcare,Heatstroke Wave,24,"Multiple cases of heatstroke amid extreme temperatures, affecting vulnerable populations.",False
2024-05-02,Disaster,84,Bhubaneswar,20.4574,85.8986,26.2,7.9,Natural,Drought,162,Prolonged dry period affecting agriculture and water availability.,False
2024-05-02,Medical,59,Mysore,12.3931,76.4736,16.2,6.7,Healthcare,Heatstroke Wave,111,"Multiple cases of heatstroke amid extreme temperatures, affecting vulnerable populations.",False
2024-05-02,Medical,34,Dehradun,30.4453,77.8808,11.6,6.9,Healthcare,Heatstroke Wave,37,"Multiple cases of heatstroke amid extreme temperatures, affecting vulnerable populations.",False
2024-05-02,Fire,15,Gwalior,26.3952,78.2267,18.8,4.8,Natural,Forest Fire,47,Wildfire spreading through forest areas threatening nearby settlements.,False
2024-05-02,Disaster,66,Dehradun,30.4052,77.9623,32.9,8.7,Natural,Heatwave,73,Prolonged period of extremely high temperatures affecting vulnerable populations.,True
2024-05-03,Disaster,52,Thiruvananthapuram,8.3348,77.1365,27.6,4.6,Natural,Heatwave,148,Prolonged period of extremely high temperatures affecting vulnerable populations.,False
2024-05-03,Fire,11,Dehradun,30.4026,77.8846,19.0,6.2,Natural,Forest Fire,123,Wildfire spreading through forest areas threatening nearby settlements.,False
2024-05-03,Fire,33,Shillong,25.5903,91.9011,17.5,7.5,Natural,Forest Fire,35,Wildfire spreading through forest areas threatening nearby settlements.,False
2024-05-03,Fire,31,Allahabad,25.2972,81.8263,16.6,4.2,Natural,Forest Fire,41,Wildfire spreading through forest areas threatening nearby settlements.,False
2024-05-03,Fire,21,Aizawl,23.6593,92.6833,14.3,4.8,Natural,Forest Fire,9,Wildfire spreading through forest areas threatening nearby settlements.,False
2024-05-04,Disaster,89,Varanasi,25.3735,82.8331,25.4,6.9,Natural,Dust Storm,82,Severe dust storm reducing visibility and causing respiratory issues.,False
2024-05-04,Disaster,96,Leh,34.342,77.7438,28.6,7.7,Natural,Heatwave,120,Prolonged period of extremely high temperatures affecting vulnerable populations.,False
2024-05-04,Medical,97,Delhi,28.6229,77.0104,8.1,6.2,Healthcare,Gastroenteritis Outbreak,92,"Outbreak of gastroenteritis affecting multiple communities, likely from contaminated water.",False
2024-05-04,Medical,56,Udaipur,24.6224,73.7318,12.5,4.2,Healthcare,Gastroenteritis Outbreak,149,"Outbreak of gastroenteritis affecting multiple communities, likely from contaminated water.",False
2024-05-04,Medical,67,Odisha,20.6081,84.4897,13.2,4.9,Healthcare,Heatstroke Wave,86,"Multiple cases of heatstroke amid extreme temperatures, affecting vulnerable populations.",False
2024-05-04,Disaster,100,Bhubaneswar,20.1333,85.6656,24.9,5.1,Natural,Drought,196,Prolonged dry period affecting agriculture and water availability.,False
2024-05-04,Disaster,89,Mumbai,18.9289,72.8335,18.2,8.5,Natural,Drought,116,Prolonged dry period affecting agriculture and water availability.,True
2024-05-05,Disaster,62,Aizawl,23.7709,92.5818,29.5,5.9,Natural,Heatwave,89,Prolonged period of extremely high temperatures affecting vulnerable populations.,False
2024-05-05,Medical,54,Surat,21.23,72.8557,11.9,2.8,Healthcare,Gastroenteritis Outbreak,101,"Outbreak of gastroenteritis affecting multiple communities, likely from contaminated water.",False
2024-05-05,Disaster,47,Vadodara,22.1404,73.328,24.0,9.4,Natural,Heatwave,62,Prolonged period of extremely high temperatures affecting vulnerable populations.,True
2024-05-05,Fire,22,Mangalore,13.0669,74.832,20.7,4.0,Natural,Forest Fire,137,Wildfire spreading through forest areas threatening nearby settlements.,False
2024-05-05,Medical,65,Chandigarh,30.7466,76.8075,14.2,2.1,Healthcare,Gastroenteritis Outbreak,133,"Outbreak of gastroenteritis affecting multiple communities, likely from contaminated water.",False
2024-05-05,Fire,37,Amritsar,31.8101,74.975,16.9,4.9,Natural,Forest Fire,84,Wildfire spreading through forest areas threatening nearby settlements.,False
2024-05-05,Disaster,94,Patna,25.6824,85.2592,34.9,8.5,Natural,Heatwave,139,Prolonged period of extremely high temperatures affecting vulnerable populations.,True
2024-05-05,Medical,44,Agra,27.2004,78.1768,16.2,2.4,Healthcare,Heatstroke Wave,117,"Multiple cases of heatstroke amid extreme temperatures, affecting vulnerable populations.",False
2024-05-05,Disaster,83,Imphal,24.6182,93.8761,21.3,7.2,Natural,Heatwave,56,Prolonged period of extremely high temperatures affecting vulnerable populations.,False
2024-05-06,Disaster,75,Allahabad,25.6011,81.9909,27.3,8.4,Natural,Drought,96,Prolonged dry period affecting agriculture and water availability.,True
2024-05-06,Disaster,71,Gangtok,27.4688,88.5314,21.5,7.9,Natural,Dust Storm,84,Severe dust storm reducing visibility and causing respiratory issues.,False
2024-05-06,Medical,72,Dehradun,30.4482,78.1354,10.1,3.9,Healthcare,Heatstroke Wave,55,"Multiple cases of heatstroke amid extreme temperatures, affecting vulnerable populations.",False
2024-05-06,Medical,40,Agartala,23.7997,91.4436,15.5,4.9,Healthcare,Gastroenteritis Outbreak,127,"Outbreak of gastroenteritis affecting multiple communities, likely from contaminated water.",False
2024-05-06,Medical,47,Vijayawada,16.671,80.7846,11.3,2.4,Healthcare,Heatstroke Wave,139,"Multiple cases of heatstroke amid extreme temperatures, affecting vulnerable populations.",False
2024-05-06,Disaster,67,Leh,34.2647,77.3843,27.1,4.7,Natural,Dust Storm,65,Severe dust storm reducing visibility and causing respiratory issues.,False
2024-05-06,Disaster,45,Indore,22.9034,75.9185,22.1,8.3,Natural,Drought,112,Prolonged dry period affecting agriculture and water availability.,True
2024-05-07,Fire,21,Lucknow,26.8324,81.0329,13.4,7.8,Natural,Forest Fire,121,Wildfire spreading through forest areas threatening nearby settlements.,False
2024-05-07,Disaster,48,Amritsar,31.4612,74.8342,27.8,9.0,Natural,Heatwave,51,Prolonged period of extremely high temperatures affecting vulnerable populations.,True
2024-05-07,Medical,160,Delhi,28.659,77.2394,10.1,3.4,Healthcare,Gastroenteritis Outbreak,94,"Outbreak of gastroenteritis affecting multiple communities, likely from contaminated water.",False
2024-05-07,Disaster,82,Delhi,28.4863,77.2027,22.5,8.4,Natural,Heatwave,112,Prolonged period of extremely high temperatures affecting vulnerable populations.,True
2024-05-07,Fire,26,Odisha,20.6448,84.6128,17.3,5.0,Natural,Forest Fire,8,Wildfire spreading through forest areas threatening nearby settlements.,False
2024-05-07,Disaster,167,Mumbai,18.9905,72.7074,23.8,9.3,Natural,Drought,168,Prolonged dry period affecting agriculture and water availability.,True
2024-05-07,Medical,30,Patna,25.503,85.0875,12.5,4.3,Healthcare,Gastroenteritis Outbreak,110,"Outbreak of gastroenteritis affecting multiple communities, likely from contaminated water.",False
2024-05-07,Disaster,73,Kohima,25.5401,93.9533,19.3,5.2,Natural,Heatwave,148,Prolonged period of extremely high temperatures affecting vulnerable populations.,False
2024-05-08,Fire,19,Vadodara,22.3588,73.1241,16.6,5.6,Natural,Forest Fire,46,Wildfire spreading through forest areas threatening nearby settlements.,False
2024-05-08,Disaster,43,Lucknow,26.7482,81.0182,19.5,6.3,Natural,Drought,124,Prolonged dry period affecting agriculture and water availability.,False
2024-05-08,Disaster,75,Leh,34.1554,77.4744,33.3,6.6,Natural,Dust Storm,126,Severe dust storm reducing visibility and causing respiratory issues.,False
2024-05-08,Medical,61,Vijayawada,16.4366,80.4667,15.9,6.3,Healthcare,Heatstroke Wave,150,"Multiple cases of heatstroke amid extreme temperatures, affecting vulnerable populations.",False
2024-05-08,Medical,76,Varanasi,25.3155,82.903,16.1,6.1,Healthcare,Heatstroke Wave,28,"Multiple cases of heatstroke amid extreme temperatures, affecting vulnerable populations.",False
2024-05-09,Medical,64,Visakhapatnam,17.5014,83.314,13.0,3.8,Healthcare,Gastroenteritis Outbreak,11,"Outbreak of gastroenteritis affecting multiple communities, likely from contaminated water.",False
2024-05-09,Disaster,84,Mangalore,12.9369,74.6768,26.5,4.4,Natural,Drought,81,Prolonged dry period affecting agriculture and water availability.,False
2024-05-09,Medical,40,Nagpur,21.3255,79.1777,14.9,3.4,Healthcare,Gastroenteritis Outbreak,58,"Outbreak of gastroenteritis affecting multiple communities, likely from contaminated water.",False
2024-05-09,Medical,39,Coimbatore,11.139,77.0577,13.1,3.8,Healthcare,Gastroenteritis Outbreak,124,"Outbreak of gastroenteritis affecting multiple communities, likely from contaminated water.",False
2024-05-09,Medical,67,Mysore,12.3853,76.4746,10.1,2.4,Healthcare,Heatstroke Wave,18,"Multiple cases of heatstroke amid extreme temperatures, affecting vulnerable populations.",False
2024-05-09,Disaster,81,Chandigarh,30.7547,76.8862,25.9,6.6,Natural,Dust Storm,42,Severe dust storm reducing visibility and causing respiratory issues.,False
2024-05-09,Fire,34,Mysore,12.2582,76.7844,16.6,6.4,Natural,Forest Fire,40,Wildfire spreading through forest areas threatening nearby settlements.,False
2024-05-10,Medical,63,Thiruvananthapuram,8.5488,76.8413,14.3,3.9,Healthcare,Heatstroke Wave,40,"Multiple cases of heatstroke amid extreme temperatures, affecting vulnerable populations.",False
2024-05-10,Medical,49,Indore,22.7116,75.9539,14.6,2.9,Healthcare,Heatstroke Wave,92,"Multiple cases of heatstroke amid extreme temperatures, affecting vulnerable populations.",False
2024-05-10,Disaster,129,Kolkata,22.5635,88.2569,16.0,4.7,Natural,Drought,200,Prolonged dry period affecting agriculture and water availability.,False
2024-05-10,Fire,22,Hyderabad,17.2718,78.3703,10.4,7.7,Natural,Forest Fire,18,Wildfire spreading through forest areas threatening nearby settlements.,False
2024-05-10,Disaster,40,Bhopal,23.2314,77.5374,20.0,5.3,Natural,Heatwave,115,Prolonged period of extremely high temperatures affecting vulnerable populations.,False
2024-05-10,Fire,38,Aizawl,23.6797,92.8777,18.8,4.2,Natural,Forest Fire,122,Wildfire spreading through forest areas threatening nearby settlements.,False
2024-05-10,Medical,37,Thiruvananthapuram,8.4584,77.1071,15.9,6.9,Healthcare,Gastroenteritis Outbreak,133,"Outbreak of gastroenteritis affecting multiple communities, likely from contaminated water.",False
2024-05-10,Fire,29,Raipur,21.3844,81.8228,19.0,7.5,Natural,Forest Fire,106,Wildfire spreading through forest areas threatening nearby settlements.,False
2024-05-10,Medical,75,Mysore,12.3388,76.7831,13.3,2.6,Healthcare,Gastroenteritis Outbreak,83,"Outbreak of gastroenteritis affecting multiple communities, likely from contaminated water.",False
2024-05-10,Fire,20,Lucknow,26.8159,80.9253,21.6,5.7,Natural,Forest Fire,131,Wildfire spreading through forest areas threatening nearby settlements.,False
2024-05-10,Disaster,226,Mumbai,18.9559,72.7308,19.7,7.9,Natural,Heatwave,120,Prolonged period of extremely high temperatures affecting vulnerable populations.,True
2024-05-10,Disaster,78,Gangtok,27.1411,88.6568,20.9,7.2,Natural,Dust Storm,5,Severe dust storm reducing visibility and causing respiratory issues.,False
2024-05-11,Medical,51,Mysore,12.4521,76.6315,14.0,4.2,Healthcare,Gastroenteritis Outbreak,95,"Outbreak of gastroenteritis affecting multiple communities, likely from contaminated water.",False
2024-05-11,Disaster,72,Shillong,25.6138,91.8649,31.4,8.6,Natural,Dust Storm,26,Severe dust storm reducing visibility and causing respiratory issues.,True
2024-05-11,Fire,16,Vadodara,22.3864,73.0665,14.5,8.9,Natural,Forest Fire,87,Wildfire spreading through forest areas threatening nearby settlements.,True
2024-05-11,Medical,53,Goa,15.145,73.9245,13.1,2.7,Healthcare,Gastroenteritis Outbreak,130,"Outbreak of gastroenteritis affecting multiple communities, likely from contaminated water.",False
2024-05-11,Disaster,59,Ranchi,23.3275,85.1317,25.5,6.6,Natural,Heatwave,81,Prolonged period of extremely high temperatures affecting vulnerable populations.,False
2024-05-12,Fire,34,Surat,21.0133,72.8102,15.2,9.1,Natural,Forest Fire,99,Wildfire spreading through forest areas threatening nearby settlements.,True
2024-05-12,Medical,61,Odisha,20.6455,84.5169,11.7,3.9,Healthcare,Gastroenteritis Outbreak,48,"Outbreak of gastroenteritis affecting multiple communities, likely from contaminated water.",False
2024-05-12,Fire,20,Jaipur,26.9526,75.728,18.9,9.3,Natural,Forest Fire,148,Wildfire spreading through forest areas threatening nearby settlements.,True
2024-05-12,Medical,52,Lucknow,27.0139,80.9157,13.6,5.6,Healthcare,Heatstroke Wave,43,"Multiple cases of heatstroke amid extreme temperatures, affecting vulnerable populations.",False
2024-05-12,Medical,38,Mangalore,12.7185,74.8228,11.9,5.1,Healthcare,Gastroenteritis Outbreak,49,"Outbreak of gastroenteritis affecting multiple communities, likely from contaminated water.",False
2024-05-13,Disaster,150,Kolkata,22.5462,88.2332,24.7,7.0,Natural,Heatwave,84,Prolonged period of extremely high temperatures affecting vulnerable populations.,False
2024-05-13,Disaster,84,Vijayawada,16.3815,80.4482,28.3,8.9,Natural,Heatwave,78,Prolonged period of extremely high temperatures affecting vulnerable populations.,True
2024-05-13,Disaster,81,Hyderabad,17.2271,78.437,20.6,4.9,Natural,Heatwave,83,Prolonged period of extremely high temperatures affecting vulnerable populations.,False
2024-05-13,Disaster,51,Coimbatore,10.8282,76.9381,33.3,5.2,Natural,Drought,195,Prolonged dry period affecting agriculture and water availability.,False
2024-05-13,Disaster,55,Thiruvananthapuram,8.3608,76.9589,19.5,4.6,Natural,Drought,113,Prolonged dry period affecting agriculture and water availability.,False
2024-05-13,Disaster,95,Hyderabad,17.5585,78.449,18.5,8.4,Natural,Drought,151,Prolonged dry period affecting agriculture and water availability.,True
2024-05-13,Medical,41,Raipur,21.4398,81.5841,14.5,6.3,Healthcare,Gastroenteritis Outbreak,133,"Outbreak of gastroenteritis affecting multiple communities, likely from contaminated water.",False
2024-05-13,Medical,30,Goa,15.4258,74.139,16.2,6.1,Healthcare,Heatstroke Wave,17,"Multiple cases of heatstroke amid extreme temperatures, affecting vulnerable populations.",False
2024-05-14,Fire,29,Chennai,13.277,80.0923,10.8,5.2,Natural,Forest Fire,112,Wildfire spreading through forest areas threatening nearby settlements.,False
2024-05-14,Fire,28,Varanasi,25.1455,83.088,18.0,9.1,Natural,Forest Fire,57,Wildfire spreading through forest areas threatening nearby settlements.,True
2024-05-14,Disaster,40,Imphal,24.8293,94.1202,31.3,6.0,Natural,Dust Storm,64,Severe dust storm reducing visibility and causing respiratory issues.,False
2024-05-14,Medical,69,Leh,34.2675,77.6709,15.2,6.4,Healthcare,Heatstroke Wave,108,"Multiple cases of heatstroke amid extreme temperatures, affecting vulnerable populations.",False
2024-05-14,Medical,36,Udaipur,24.4756,73.8094,11.5,5.4,Healthcare,Heatstroke Wave,87,"Multiple cases of heatstroke amid extreme temperatures, affecting vulnerable populations.",False
2024-05-15,Disaster,44,Coimbatore,10.8752,77.0218,20.9,8.3,Natural,Heatwave,99,Prolonged period of extremely high temperatures affecting vulnerable populations.,True
2024-05-15,Disaster,82,Vijayawada,16.4883,80.4528,33.6,5.8,Natural,Heatwave,118,Prolonged period of extremely high temperatures affecting vulnerable populations.,False
2024-05-15,Medical,47,Indore,22.5575,75.9461,12.6,3.7,Healthcare,Gastroenteritis Outbreak,106,"Outbreak of gastroenteritis affecting multiple communities, likely from contaminated water.",False
2024-05-15,Fire,30,Srinagar,34.1756,74.8269,14.3,4.6,Natural,Forest Fire,125,Wildfire spreading through forest areas threatening nearby settlements.,False
2024-05-15,Medical,36,Agra,27.2585,78.1689,10.9,2.9,Healthcare,Gastroenteritis Outbreak,84,"Outbreak of gastroenteritis affecting multiple communities, likely from contaminated water.",False
2024-05-15,Disaster,83,Goa,15.4147,74.0866,29.9,6.9,Natural,Heatwave,79,Prolonged period of extremely high temperatures affecting vulnerable populations.,False
2024-05-15,Disaster,85,Leh,34.2844,77.4982,23.2,6.0,Natural,Heatwave,73,Prolonged period of extremely high temperatures affecting vulnerable populations.,False
2024-05-16,Disaster,81,Chandigarh,30.6116,76.7843,34.5,7.7,Natural,Heatwave,147,Prolonged period of extremely high temperatures affecting vulnerable populations.,False
2024-05-16,Fire,17,Gwalior,26.1523,78.3783,15.1,4.1,Natural,Forest Fire,48,Wildfire spreading through forest areas threatening nearby settlements.,False
2024-05-16,Fire,20,Varanasi,25.1463,82.9692,19.2,6.2,Natural,Forest Fire,104,Wildfire spreading through forest areas threatening nearby settlements.,False
2024-05-16,Fire,28,Delhi,28.5985,77.1767,12.0,7.8,Natural,Forest Fire,74,Wildfire spreading through forest areas threatening nearby settlements.,False
2024-05-17,Disaster,151,Bengaluru,13.02,77.5719,24.1,9.2,Natural,Heatwave,104,Prolonged period of extremely high temperatures affecting vulnerable populations.,True
2024-05-17,Medical,51,Thiruvananthapuram,8.5264,76.7423,11.9,6.7,Healthcare,Heatstroke Wave,128,"Multiple cases of heatstroke amid extreme temperatures, affecting vulnerable populations.",False
2024-05-17,Disaster,47,Agartala,23.8606,91.1378,26.3,9.2,Natural,Heatwave,105,Prolonged period of extremely high temperatures affecting vulnerable populations.,True
2024-05-17,Disaster,76,Agra,27.1553,78.0563,35.6,6.9,Natural,Heatwave,121,Prolonged period of extremely high temperatures affecting vulnerable populations.,False
2024-05-17,Disaster,49,Patna,25.5362,85.1645,23.5,8.2,Natural,Dust Storm,89,Severe dust storm reducing visibility and causing respiratory issues.,True
2024-05-17,Disaster,93,Hyderabad,17.3656,78.3923,24.8,8.2,Natural,Heatwave,132,Prolonged period of extremely high temperatures affecting vulnerable populations.,True
2024-05-17,Medical,51,Visakhapatnam,17.491,83.099,15.0,4.7,Healthcare,Heatstroke Wave,5,"Multiple cases of heatstroke amid extreme temperatures, affecting vulnerable populations.",False
2024-05-17,Medical,40,Bhopal,23.2142,77.2305,14.3,6.6,Healthcare,Gastroenteritis Outbreak,51,"Outbreak of gastroenteritis affecting multiple communities, likely from contaminated water.",False
2024-05-18,Fire,34,Mysore,12.2061,76.6105,19.5,6.8,Natural,Forest Fire,99,Wildfire spreading through forest areas threatening nearby settlements.,False
2024-05-18,Medical,33,Hyderabad,17.5363,78.4814,8.3,5.3,Healthcare,Heatstroke Wave,98,"Multiple cases of heatstroke amid extreme temperatures, affecting vulnerable populations.",False
2024-05-18,Fire,35,Amritsar,31.6195,75.0083,12.4,8.3,Natural,Forest Fire,54,Wildfire spreading through forest areas threatening nearby settlements.,True
2024-05-18,Medical,56,Bhubaneswar,20.2372,85.7031,11.5,2.3,Healthcare,Gastroenteritis Outbreak,117,"Outbreak of gastroenteritis affecting multiple communities, likely from contaminated water.",False
2024-05-18,Fire,39,Srinagar,33.9703,74.9733,17.3,8.7,Natural,Forest Fire,78,Wildfire spreading through forest areas threatening nearby settlements.,True
2024-05-19,Disaster,64,Lucknow,26.8225,80.7946,25.8,5.0,Natural,Drought,159,Prolonged dry period affecting agriculture and water availability.,False
2024-05-19,Disaster,81,Hyderabad,17.3432,78.5738,24.9,8.6,Natural,Drought,178,Prolonged dry period affecting agriculture and water availability.,True
2024-05-19,Disaster,51,Agartala,23.6878,91.2011,24.3,6.8,Natural,Heatwave,129,Prolonged period of extremely high temperatures affecting vulnerable populations.,False
2024-05-19,Disaster,46,Aizawl,23.6841,92.7422,23.2,5.1,Natural,Dust Storm,45,Severe dust storm reducing visibility and causing respiratory issues.,False
2024-05-19,Medical,68,Mangalore,13.0608,74.9985,14.5,5.9,Healthcare,Gastroenteritis Outbreak,134,"Outbreak of gastroenteritis affecting multiple communities, likely from contaminated water.",False
2024-05-19,Medical,74,Thiruvananthapuram,8.5209,76.828,14.9,4.4,Healthcare,Gastroenteritis Outbreak,87,"Outbreak of gastroenteritis affecting multiple communities, likely from contaminated water.",False
2024-05-19,Disaster,64,Vadodara,22.1882,73.1826,30.9,9.2,Natural,Drought,183,Prolonged dry period affecting agriculture and water availability.,True
2024-05-19,Disaster,64,Udaipur,24.4473,73.6522,32.7,5.3,Natural,Heatwave,62,Prolonged period of extremely high temperatures affecting vulnerable populations.,False
2024-05-19,Medical,38,Jaipur,26.7459,75.6866,10.4,3.5,Healthcare,Heatstroke Wave,20,"Multiple cases of heatstroke amid extreme temperatures, affecting vulnerable populations.",False
2024-05-20,Disaster,74,Ahmedabad,23.1767,72.5161,17.9,7.5,Natural,Dust Storm,72,Severe dust storm reducing visibility and causing respiratory issues.,False
2024-05-20,Medical,68,Allahabad,25.3578,81.8423,10.7,6.6,Healthcare,Gastroenteritis Outbreak,129,"Outbreak of gastroenteritis affecting multiple communities, likely from contaminated water.",False
2024-05-20,Medical,66,Nagpur,21.2726,79.2523,13.1,3.8,Healthcare,Gastroenteritis Outbreak,118,"Outbreak of gastroenteritis affecting multiple communities, likely from contaminated water.",False
2024-05-20,Medical,42,Bhubaneswar,20.496,85.9528,10.6,5.5,Healthcare,Gastroenteritis Outbreak,115,"Outbreak of gastroenteritis affecting multiple communities, likely from contaminated water.",False
2024-05-20,Medical,42,Mysore,12.2489,76.6869,15.1,5.9,Healthcare,Heatstroke Wave,40,"Multiple cases of heatstroke amid extreme temperatures, affecting vulnerable populations.",False
2024-05-20,Medical,72,Thiruvananthapuram,8.6674,76.9071,12.7,2.4,Healthcare,Heatstroke Wave,64,"Multiple cases of heatstroke amid extreme temperatures, affecting vulnerable populations.",False
2024-05-20,Disaster,40,Pune,18.3753,73.989,17.7,7.3,Natural,Drought,106,Prolonged dry period affecting agriculture and water availability.,False
2024-05-20,Disaster,75,Aizawl,23.7103,92.5577,35.0,6.5,Natural,Heatwave,75,Prolonged period of extremely high temperatures affecting vulnerable populations.,False
2024-05-21,Fire,39,Raipur,21.0822,81.8084,13.4,6.1,Natural,Forest Fire,33,Wildfire spreading through forest areas threatening nearby settlements.,False
2024-05-21,Fire,16,Indore,22.5907,75.9883,18.5,7.7,Natural,Forest Fire,141,Wildfire spreading through forest areas threatening nearby settlements.,False
2024-05-21,Disaster,44,Jodhpur,26.2584,73.1424,30.2,5.0,Natural,Dust Storm,6,Severe dust storm reducing visibility and causing respiratory issues.,False
2024-05-21,Disaster,57,Goa,15.155,74.2439,27.0,7.1,Natural,Drought,83,Prolonged dry period affecting agriculture and water availability.,False
2024-05-21,Disaster,65,Patna,25.7687,85.0705,23.1,4.6,Natural,Heatwave,115,Prolonged period of extremely high temperatures affecting vulnerable populations.,False
2024-05-21,Fire,34,Coimbatore,11.1481,76.817,16.4,4.8,Natural,Forest Fire,52,Wildfire spreading through forest areas threatening nearby settlements.,False
2024-05-21,Medical,67,Visakhapatnam,17.5833,83.3585,13.6,6.3,Healthcare,Gastroenteritis Outbreak,114,"Outbreak of gastroenteritis affecting multiple communities, likely from contaminated water.",False
2024-05-21,Disaster,40,Ranchi,23.2504,85.2635,26.4,9.4,Natural,Dust Storm,51,Severe dust storm reducing visibility and causing respiratory issues.,True
2024-05-22,Medical,56,Leh,34.0894,77.5989,13.4,5.7,Healthcare,Heatstroke Wave,85,"Multiple cases of heatstroke amid extreme temperatures, affecting vulnerable populations.",False
2024-05-22,Disaster,94,Shillong,25.7041,91.8244,22.0,8.1,Natural,Dust Storm,138,Severe dust storm reducing visibility and causing respiratory issues.,True
2024-05-22,Medical,78,Mysore,12.2827,76.6566,17.7,2.8,Healthcare,Heatstroke Wave,65,"Multiple cases of heatstroke amid extreme temperatures, affecting vulnerable populations.",False
2024-05-23,Disaster,88,Ranchi,23.5105,85.2762,24.3,4.3,Natural,Dust Storm,149,Severe dust storm reducing visibility and causing respiratory issues.,False
2024-05-23,Medical,53,Thiruvananthapuram,8.5155,77.1123,10.5,2.6,Healthcare,Heatstroke Wave,98,"Multiple cases of heatstroke amid extreme temperatures, affecting vulnerable populations.",False
2024-05-23,Disaster,82,Lucknow,26.9472,81.107,31.7,7.8,Natural,Dust Storm,122,Severe dust storm reducing visibility and causing respiratory issues.,False
2024-05-23,Fire,30,Lucknow,26.7326,81.039,20.9,6.1,Natural,Forest Fire,19,Wildfire spreading through forest areas threatening nearby settlements.,False
2024-05-23,Medical,68,Vijayawada,16.3336,80.7791,12.2,4.6,Healthcare,Gastroenteritis Outbreak,49,"Outbreak of gastroenteritis affecting multiple communities, likely from contaminated water.",False
2024-05-23,Medical,55,Indore,22.9125,76.0028,17.1,2.6,Healthcare,Heatstroke Wave,67,"Multiple cases of heatstroke amid extreme temperatures, affecting vulnerable populations.",False
2024-05-24,Fire,37,Chandigarh,30.8983,76.8193,17.1,8.8,Natural,Forest Fire,149,Wildfire spreading through forest areas threatening nearby settlements.,True
2024-05-24,Disaster,190,Bengaluru,12.9289,77.4112,18.3,8.5,Natural,Drought,96,Prolonged dry period affecting agriculture and water availability.,True
2024-05-24,Disaster,86,Ranchi,23.3035,85.2407,25.6,6.9,Natural,Heatwave,91,Prolonged period of extremely high temperatures affecting vulnerable populations.,False
2024-05-24,Fire,24,Lucknow,26.8316,80.8658,15.2,7.5,Natural,Forest Fire,139,Wildfire spreading through forest areas threatening nearby settlements.,False
2024-05-24,Medical,36,Leh,34.0288,77.4511,12.6,2.9,Healthcare,Gastroenteritis Outbreak,149,"Outbreak of gastroenteritis affecting multiple communities, likely from contaminated water.",False
2024-05-24,Medical,40,Pune,18.4607,73.7906,10.6,3.9,Healthcare,Heatstroke Wave,50,"Multiple cases of heatstroke amid extreme temperatures, affecting vulnerable populations.",False
2024-05-24,Disaster,126,Bengaluru,13.0219,77.631,20.1,5.7,Natural,Heatwave,53,Prolonged period of extremely high temperatures affecting vulnerable populations.,False
2024-05-24,Fire,30,Imphal,24.7972,93.8463,18.2,4.7,Natural,Forest Fire,56,Wildfire spreading through forest areas threatening nearby settlements.,False
2024-05-24,Medical,61,Chandigarh,30.5458,76.8846,13.3,5.3,Healthcare,Gastroenteritis Outbreak,103,"Outbreak of gastroenteritis affecting multiple communities, likely from contaminated water.",False
2024-05-25,Fire,20,Agartala,23.9466,91.2213,18.7,6.7,Natural,Forest Fire,124,Wildfire spreading through forest areas threatening nearby settlements.,False
2024-05-25,Fire,15,Ranchi,23.2211,85.5005,14.6,5.8,Natural,Forest Fire,82,Wildfire spreading through forest areas threatening nearby settlements.,False
2024-05-25,Disaster,64,Surat,21.0426,72.9061,25.5,8.8,Natural,Drought,81,Prolonged dry period affecting agriculture and water availability.,True
2024-05-25,Disaster,74,Nagpur,20.9556,78.9885,32.7,4.2,Natural,Drought,112,Prolonged dry period affecting agriculture and water availability.,False
2024-05-25,Disaster,57,Srinagar,33.9413,74.8843,30.8,5.6,Natural,Drought,119,Prolonged dry period affecting agriculture and water availability.,False
2024-05-25,Disaster,73,Agra,27.268,78.106,36.4,4.9,Natural,Heatwave,108,Prolonged period of extremely high temperatures affecting vulnerable populations.,False
2024-05-25,Fire,39,Mysore,12.3695,76.7993,16.8,9.2,Natural,Forest Fire,91,Wildfire spreading through forest areas threatening nearby settlements.,True
2024-05-25,Medical,70,Kochi,9.9973,76.4204,14.4,4.3,Healthcare,Heatstroke Wave,150,"Multiple cases of heatstroke amid extreme temperatures, affecting vulnerable populations.",False
2024-05-25,Disaster,41,Mangalore,12.8146,74.8459,35.4,7.0,Natural,Heatwave,74,Prolonged period of extremely high temperatures affecting vulnerable populations.,False
2024-05-25,Fire,31,Agra,27.1912,77.9581,15.0,9.3,Natural,Forest Fire,138,Wildfire spreading through forest areas threatening nearby settlements.,True
2024-05-25,Medical,36,Visakhapatnam,17.6455,83.2201,15.4,3.6,Healthcare,Heatstroke Wave,110,"Multiple cases of heatstroke amid extreme temperatures, affecting vulnerable populations.",False
2024-05-26,Disaster,67,Mangalore,12.7166,74.8025,34.1,4.8,Natural,Heatwave,68,Prolonged period of extremely high temperatures affecting vulnerable populations.,False
2024-05-26,Medical,63,Shimla,31.036,77.0917,12.5,2.5,Healthcare,Gastroenteritis Outbreak,99,"Outbreak of gastroenteritis affecting multiple communities, likely from contaminated water.",False
2024-05-26,Medical,116,Kolkata,22.6461,88.3626,9.4,2.9,Healthcare,Gastroenteritis Outbreak,124,"Outbreak of gastroenteritis affecting multiple communities, likely from contaminated water.",False
2024-05-26,Medical,131,Chennai,13.2047,80.4684,11.2,3.8,Healthcare,Gastroenteritis Outbreak,67,"Outbreak of gastroenteritis affecting multiple communities, likely from contaminated water.",False
2024-05-26,Fire,33,Dehradun,30.2648,77.9357,18.2,9.4,Natural,Forest Fire,41,Wildfire spreading through forest areas threatening nearby settlements.,True
2024-05-26,Medical,36,Ranchi,23.3849,85.3424,12.5,4.2,Healthcare,Heatstroke Wave,102,"Multiple cases of heatstroke amid extreme temperatures, affecting vulnerable populations.",False
2024-05-26,Disaster,89,Udaipur,24.6166,73.572,32.2,6.3,Natural,Dust Storm,36,Severe dust storm reducing visibility and causing respiratory issues.,False
2024-05-27,Disaster,53,Ahmedabad,22.8576,72.4363,20.2,8.6,Natural,Heatwave,63,Prolonged period of extremely high temperatures affecting vulnerable populations.,True
2024-05-27,Disaster,93,Surat,21.1819,72.9615,22.5,7.9,Natural,Drought,91,Prolonged dry period affecting agriculture and water availability.,False
2024-05-27,Medical,51,Surat,21.0609,73.0254,11.8,4.0,Healthcare,Gastroenteritis Outbreak,40,"Outbreak of gastroenteritis affecting multiple communities, likely from contaminated water.",False
2024-05-27,Disaster,65,Goa,15.177,74.2724,28.5,4.1,Natural,Drought,122,Prolonged dry period affecting agriculture and water availability.,False
2024-05-27,Disaster,75,Varanasi,25.3867,82.9711,24.8,4.8,Natural,Heatwave,133,Prolonged period of extremely high temperatures affecting vulnerable populations.,False
2024-05-27,Fire,12,Shimla,30.9369,77.0191,17.6,6.9,Natural,Forest Fire,53,Wildfire spreading through forest areas threatening nearby settlements.,False
2024-05-27,Disaster,209,Mumbai,19.0414,72.7246,23.9,8.4,Natural,Drought,141,Prolonged dry period affecting agriculture and water availability.,True
2024-05-27,Fire,28,Pune,18.4469,73.8379,11.4,7.9,Natural,Forest Fire,98,Wildfire spreading through forest areas threatening nearby settlements.,False
2024-05-28,Fire,21,Shillong,25.566,91.9489,14.9,8.6,Natural,Forest Fire,70,Wildfire spreading through forest areas threatening nearby settlements.,True
2024-05-28,Fire,45,Chennai,13.2413,80.0889,14.5,8.4,Natural,Forest Fire,67,Wildfire spreading through forest areas threatening nearby settlements.,True
2024-05-28,Medical,45,Vadodara,22.1367,73.3495,11.5,5.6,Healthcare,Gastroenteritis Outbreak,147,"Outbreak of gastroenteritis affecting multiple communities, likely from contaminated water.",False
2024-05-28,Medical,103,Bengaluru,13.0527,77.6725,10.6,6.2,Healthcare,Heatstroke Wave,60,"Multiple cases of heatstroke amid extreme temperatures, affecting vulnerable populations.",False
2024-05-28,Medical,41,Vijayawada,16.6904,80.6774,11.6,3.4,Healthcare,Gastroenteritis Outbreak,12,"Outbreak of gastroenteritis affecting multiple communities, likely from contaminated water.",False
2024-05-29,Disaster,70,Surat,21.3697,72.6365,19.2,4.8,Natural,Drought,83,Prolonged dry period affecting agriculture and water availability.,False
2024-05-30,Disaster,65,Gangtok,27.3932,88.7853,25.3,9.0,Natural,Dust Storm,132,Severe dust storm reducing visibility and causing respiratory issues.,True
2024-05-30,Disaster,84,Vadodara,22.3979,73.3503,22.4,9.2,Natural,Heatwave,81,Prolonged period of extremely high temperatures affecting vulnerable populations.,True
2024-05-30,Medical,108,Kolkata,22.5991,88.5292,9.4,5.2,Healthcare,Heatstroke Wave,133,"Multiple cases of heatstroke amid extreme temperatures, affecting vulnerable populations.",False
2024-05-30,Fire,30,Chandigarh,30.7202,76.9278,16.0,8.8,Natural,Forest Fire,77,Wildfire spreading through forest areas threatening nearby settlements.,True
2024-05-30,Fire,21,Ranchi,23.5125,85.1541,12.9,9.5,Natural,Forest Fire,97,Wildfire spreading through forest areas threatening nearby settlements.,True
2024-05-30,Medical,53,Vijayawada,16.409,80.8299,12.0,6.7,Healthcare,Heatstroke Wave,31,"Multiple cases of heatstroke amid extreme temperatures, affecting vulnerable populations.",False
2024-05-30,Fire,10,Guwahati,26.1831,91.8619,16.7,4.5,Natural,Forest Fire,52,Wildfire spreading through forest areas threatening nearby settlements.,False
2024-05-30,Disaster,94,Dehradun,30.1367,78.1103,26.3,7.5,Natural,Heatwave,144,Prolonged period of extremely high temperatures affecting vulnerable populations.,False
2024-05-31,Disaster,125,Bengaluru,12.947,77.6514,16.1,6.0,Natural,Heatwave,76,Prolonged period of extremely high temperatures affecting vulnerable populations.,False
2024-05-31,Medical,163,Mumbai,19.192,73.0397,8.2,5.4,Healthcare,Gastroenteritis Outbreak,27,"Outbreak of gastroenteritis affecting multiple communities, likely from contaminated water.",False
2024-05-31,Disaster,46,Kohima,25.4901,93.9731,30.8,8.8,Natural,Heatwave,92,Prolonged period of extremely high temperatures affecting vulnerable populations.,True
2024-05-31,Fire,33,Pune,18.3539,73.8347,14.4,5.1,Natural,Forest Fire,36,Wildfire spreading through forest areas threatening nearby settlements.,False
2024-05-31,Disaster,94,Nagpur,21.1351,79.2542,21.4,8.2,Natural,Drought,157,Prolonged dry period affecting agriculture and water availability.,True
2024-05-31,Fire,34,Shimla,30.97,76.9824,14.6,7.6,Natural,Forest Fire,60,Wildfire spreading through forest areas threatening nearby settlements.,False
2024-05-31,Disaster,103,Bengaluru,12.8932,77.6565,15.5,9.1,Natural,Drought,169,Prolonged dry period affecting agriculture and water availability.,True
2024-06-01,Disaster,96,Mysore,12.1429,76.5332,32.6,5.5,Natural,Heavy Rainfall,139,Unusually heavy rainfall causing urban flooding and infrastructure damage.,False
2024-06-01,Medical,51,Srinagar,33.9358,74.8914,15.9,6.3,Healthcare,Leptospirosis Cases,84,Post-flood leptospirosis cases reported in affected areas.,False
2024-06-01,Disaster,57,Ranchi,23.4569,85.1488,18.8,5.6,Natural,Flash Flood,51,Sudden flooding due to heavy rainfall overwhelming drainage systems.,False
2024-06-01,Medical,69,Agra,27.222,78.0818,17.2,6.3,Healthcare,Dengue Outbreak,135,"Surge in dengue fever cases following monsoon rains, straining local healthcare facilities.",False
2024-06-02,Disaster,75,Coimbatore,11.1486,76.9349,24.7,8.4,Natural,Flash Flood,150,Sudden flooding due to heavy rainfall overwhelming drainage systems.,True
2024-06-02,Medical,47,Odisha,20.5408,84.3487,15.3,3.6,Healthcare,Leptospirosis Cases,33,Post-flood leptospirosis cases reported in affected areas.,False
2024-06-02,Medical,58,Allahabad,25.2458,81.7232,10.9,6.3,Healthcare,Cholera Outbreak,20,Waterborne cholera outbreak in affected areas following contamination of water sources.,False
2024-06-02,Disaster,46,Imphal,24.7272,94.1114,28.6,9.2,Natural,Flash Flood,127,Sudden flooding due to heavy rainfall overwhelming drainage systems.,True
2024-06-02,Medical,44,Odisha,20.3333,84.6384,12.4,6.9,Healthcare,Malaria Surge,84,"Increased malaria cases reported in rural areas, requiring medical intervention.",False
2024-06-02,Disaster,60,Coimbatore,11.2096,76.8527,20.8,7.5,Natural,Monsoon Flooding,199,Widespread flooding due to monsoon rains affecting multiple areas.,False
2024-06-03,Disaster,53,Pune,18.5933,73.7029,22.6,6.6,Natural,Landslide,39,Landslide triggered by heavy rainfall blocking roads and damaging structures.,False
2024-06-03,Disaster,48,Bhopal,23.1434,77.3877,25.3,8.9,Natural,Heavy Rainfall,39,Unusually heavy rainfall causing urban flooding and infrastructure damage.,True
2024-06-03,Disaster,71,Imphal,24.6712,93.9891,27.9,8.4,Natural,Heavy Rainfall,52,Unusually heavy rainfall causing urban flooding and infrastructure damage.,True
2024-06-03,Medical,56,Indore,22.6848,75.8726,15.4,6.9,Healthcare,Malaria Surge,100,"Increased malaria cases reported in rural areas, requiring medical intervention.",False
2024-06-03,Disaster,65,Thiruvananthapuram,8.5666,76.9428,24.6,6.5,Natural,Flash Flood,41,Sudden flooding due to heavy rainfall overwhelming drainage systems.,False
2024-06-03,Disaster,45,Agra,27.167,77.8395,30.6,8.8,Natural,Heavy Rainfall,30,Unusually heavy rainfall causing urban flooding and infrastructure damage.,True
2024-06-03,Disaster,156,Chennai,12.9448,80.4406,19.6,7.2,Natural,Heavy Rainfall,81,Unusually heavy rainfall causing urban flooding and infrastructure damage.,False
2024-06-03,Medical,36,Goa,15.2543,74.2301,17.2,2.2,Healthcare,Dengue Outbreak,138,"Surge in dengue fever cases following monsoon rains, straining local healthcare facilities.",False
2024-06-04,Disaster,139,Bengaluru,12.8906,77.6488,20.4,5.7,Natural,Heavy Rainfall,78,Unusually heavy rainfall causing urban flooding and infrastructure damage.,False
2024-06-04,Disaster,71,Mangalore,12.7505,74.9254,29.5,8.4,Natural,Flash Flood,22,Sudden flooding due to heavy rainfall overwhelming drainage systems.,True
2024-06-04,Medical,50,Ranchi,23.1633,85.1417,15.0,2.3,Healthcare,Malaria Surge,97,"Increased malaria cases reported in rural areas, requiring medical intervention.",False
2024-06-04,Medical,46,Nagpur,21.0427,79.2461,14.0,2.3,Healthcare,Leptospirosis Cases,96,Post-flood leptospirosis cases reported in affected areas.,False
2024-06-04,Disaster,51,Coimbatore,11.0704,77.0915,23.1,9.0,Natural,Heavy Rainfall,27,Unusually heavy rainfall causing urban flooding and infrastructure damage.,True
2024-06-04,Medical,48,Leh,34.1232,77.452,12.6,5.0,Healthcare,Malaria Surge,22,"Increased malaria cases reported in rural areas, requiring medical intervention.",False
2024-06-04,Disaster,209,Mumbai,19.1301,72.7742,19.1,8.8,Natural,Landslide,105,Landslide triggered by heavy rainfall blocking roads and damaging structures.,True
2024-06-04,Disaster,78,Patna,25.5497,85.1146,25.8,6.6,Natural,Heavy Rainfall,105,Unusually heavy rainfall causing urban flooding and infrastructure damage.,False
2024-06-04,Medical,46,Raipur,21.3081,81.5187,10.2,4.0,Healthcare,Cholera Outbreak,134,Waterborne cholera outbreak in affected areas following contamination of water sources.,False
2024-06-04,Disaster,66,Amritsar,31.4357,74.6992,32.9,6.3,Natural,River Overflow,118,River exceeding danger levels and breaching banks causing flooding.,False
2024-06-04,Medical,63,Imphal,24.7136,93.9577,12.3,6.4,Healthcare,Malaria Surge,18,"Increased malaria cases reported in rural areas, requiring medical intervention.",False
2024-06-04,Disaster,69,Hyderabad,17.2536,78.4808,17.2,8.8,Natural,Landslide,80,Landslide triggered by heavy rainfall blocking roads and damaging structures.,True
2024-06-04,Medical,48,Kohima,25.7543,93.9134,11.7,4.2,Healthcare,Dengue Outbreak,131,"Surge in dengue fever cases following monsoon rains, straining local healthcare facilities.",False
2024-06-04,Disaster,41,Leh,34.1239,77.571,32.8,7.8,Natural,Flash Flood,115,Sudden flooding due to heavy rainfall overwhelming drainage systems.,False
2024-06-04,Medical,71,Shimla,30.9389,77.3555,11.3,5.2,Healthcare,Cholera Outbreak,76,Waterborne cholera outbreak in affected areas following contamination of water sources.,False
2024-06-05,Disaster,40,Bhubaneswar,20.1069,85.7233,28.0,8.5,Natural,Flash Flood,142,Sudden flooding due to heavy rainfall overwhelming drainage systems.,True
2024-06-05,Medical,57,Visakhapatnam,17.7944,83.3248,14.5,4.0,Healthcare,Dengue Outbreak,16,"Surge in dengue fever cases following monsoon rains, straining local healthcare facilities.",False
2024-06-05,Disaster,96,Bhopal,23.0643,77.2991,32.4,7.2,Natural,Heavy Rainfall,99,Unusually heavy rainfall causing urban flooding and infrastructure damage.,False
2024-06-05,Disaster,57,Kochi,9.7959,76.2345,32.7,7.0,Natural,River Overflow,16,River exceeding danger levels and breaching banks causing flooding.,False
2024-06-05,Medical,47,Mysore,12.3588,76.6639,12.1,5.4,Healthcare,Malaria Surge,71,"Increased malaria cases reported in rural areas, requiring medical intervention.",False
2024-06-05,Disaster,62,Agra,26.9981,78.0208,28.4,5.4,Natural,Flash Flood,136,Sudden flooding due to heavy rainfall overwhelming drainage systems.,False
2024-06-06,Disaster,40,Leh,34.3379,77.6964,21.1,5.6,Natural,River Overflow,93,River exceeding danger levels and breaching banks causing flooding.,False
2024-06-07,Medical,76,Ahmedabad,23.113,72.3838,8.6,7.0,Healthcare,Malaria Surge,117,"Increased malaria cases reported in rural areas, requiring medical intervention.",False
2024-06-07,Disaster,93,Patna,25.5753,85.0626,24.4,4.1,Natural,Heavy Rainfall,112,Unusually heavy rainfall causing urban flooding and infrastructure damage.,False
2024-06-07,Disaster,40,Varanasi,25.3611,82.8136,28.9,5.2,Natural,Flash Flood,146,Sudden flooding due to heavy rainfall overwhelming drainage systems.,False
2024-06-07,Disaster,54,Vijayawada,16.3462,80.489,27.9,7.5,Natural,Landslide,127,Landslide triggered by heavy rainfall blocking roads and damaging structures.,False
2024-06-08,Medical,39,Amritsar,31.639,74.9469,14.0,6.4,Healthcare,Cholera Outbreak,17,Waterborne cholera outbreak in affected areas following contamination of water sources.,False
2024-06-08,Medical,53,Leh,34.2369,77.6276,12.5,4.6,Healthcare,Dengue Outbreak,37,"Surge in dengue fever cases following monsoon rains, straining local healthcare facilities.",False
2024-06-08,Disaster,43,Udaipur,24.4182,73.8726,20.0,4.8,Natural,River Overflow,77,River exceeding danger levels and breaching banks causing flooding.,False
2024-06-09,Disaster,222,Bengaluru,13.0181,77.497,19.4,4.1,Natural,Landslide,82,Landslide triggered by heavy rainfall blocking roads and damaging structures.,True
2024-06-09,Disaster,62,Goa,15.4409,74.2004,22.0,5.9,Natural,River Overflow,137,River exceeding danger levels and breaching banks causing flooding.,False
2024-06-09,Disaster,70,Vijayawada,16.5755,80.8255,20.9,7.0,Natural,Flash Flood,50,Sudden flooding due to heavy rainfall overwhelming drainage systems.,False
2024-06-09,Disaster,41,Imphal,24.8518,93.7713,22.5,7.5,Natural,River Overflow,29,River exceeding danger levels and breaching banks causing flooding.,False
2024-06-09,Disaster,49,Srinagar,33.9235,74.6184,27.7,4.7,Natural,River Overflow,108,River exceeding danger levels and breaching banks causing flooding.,False
2024-06-09,Disaster,90,Kochi,9.9007,76.3661,33.0,8.9,Natural,Heavy Rainfall,76,Unusually heavy rainfall causing urban flooding and infrastructure damage.,True
2024-06-09,Disaster,66,Goa,15.4373,74.0964,28.0,8.0,Natural,Heavy Rainfall,138,Unusually heavy rainfall causing urban flooding and infrastructure damage.,False
2024-06-09,Medical,45,Surat,21.1431,72.7968,14.4,4.0,Healthcare,Leptospirosis Cases,25,Post-flood leptospirosis cases reported in affected areas.,False
2024-06-10,Disaster,82,Mangalore,12.8538,74.7837,32.7,4.7,Natural,River Overflow,29,River exceeding danger levels and breaching banks causing flooding.,False
2024-06-10,Disaster,97,Bhubaneswar,20.1082,85.7298,27.9,7.7,Natural,Heavy Rainfall,96,Unusually heavy rainfall causing urban flooding and infrastructure damage.,False
2024-06-10,Disaster,80,Vijayawada,16.4631,80.7916,29.3,6.9,Natural,Flash Flood,76,Sudden flooding due to heavy rainfall overwhelming drainage systems.,False
2024-06-10,Medical,60,Odisha,20.664,84.3342,16.3,6.9,Healthcare,Dengue Outbreak,132,"Surge in dengue fever cases following monsoon rains, straining local healthcare facilities.",False
2024-06-10,Medical,65,Bengaluru,13.1603,77.7937,9.2,3.8,Healthcare,Leptospirosis Cases,88,Post-flood leptospirosis cases reported in affected areas.,False
2024-06-10,Disaster,93,Goa,15.1212,74.0726,28.4,6.1,Natural,Flash Flood,52,Sudden flooding due to heavy rainfall overwhelming drainage systems.,False
2024-06-10,Medical,72,Visakhapatnam,17.7094,83.1827,11.8,4.7,Healthcare,Malaria Surge,54,"Increased malaria cases reported in rural areas, requiring medical intervention.",False
2024-06-10,Medical,35,Srinagar,33.9199,74.7597,13.1,6.6,Healthcare,Malaria Surge,132,"Increased malaria cases reported in rural areas, requiring medical intervention.",False
2024-06-11,Disaster,75,Guwahati,26.2041,91.8914,21.6,8.0,Natural,Flash Flood,52,Sudden flooding due to heavy rainfall overwhelming drainage systems.,False
2024-06-11,Disaster,82,Imphal,24.8565,94.13,19.8,5.7,Natural,Flash Flood,59,Sudden flooding due to heavy rainfall overwhelming drainage systems.,False
2024-06-11,Medical,44,Raipur,21.166,81.8267,13.8,4.4,Healthcare,Cholera Outbreak,144,Waterborne cholera outbreak in affected areas following contamination of water sources.,False
2024-06-11,Disaster,50,Kochi,9.8125,76.2466,29.1,4.5,Natural,Flash Flood,84,Sudden flooding due to heavy rainfall overwhelming drainage systems.,False
2024-06-11,Medical,31,Patna,25.6005,85.259,15.6,6.5,Healthcare,Dengue Outbreak,17,"Surge in dengue fever cases following monsoon rains, straining local healthcare facilities.",False
2024-06-11,Disaster,72,Chandigarh,30.6894,76.6696,27.8,6.5,Natural,Heavy Rainfall,67,Unusually heavy rainfall causing urban flooding and infrastructure damage.,False
2024-06-11,Medical,57,Patna,25.7739,85.3334,15.1,4.0,Healthcare,Malaria Surge,113,"Increased malaria cases reported in rural areas, requiring medical intervention.",False
2024-06-11,Medical,62,Indore,22.9041,75.8291,12.1,4.6,Healthcare,Malaria Surge,27,"Increased malaria cases reported in rural areas, requiring medical intervention.",False
2024-06-11,Disaster,114,Kolkata,22.4966,88.4224,23.4,5.6,Natural,River Overflow,49,River exceeding danger levels and breaching banks causing flooding.,False
2024-06-11,Disaster,147,Bengaluru,13.0634,77.7411,20.5,9.3,Natural,Flash Flood,21,Sudden flooding due to heavy rainfall overwhelming drainage systems.,True
2024-06-11,Medical,68,Ahmedabad,23.0829,72.6417,9.8,2.5,Healthcare,Cholera Outbreak,64,Waterborne cholera outbreak in affected areas following contamination of water sources.,False
2024-06-11,Disaster,57,Shimla,31.0915,77.1584,26.5,7.1,Natural,River Overflow,69,River exceeding danger levels and breaching banks causing flooding.,False
2024-06-11,Disaster,83,Thiruvananthapuram,8.4676,76.9232,30.8,5.8,Natural,Landslide,79,Landslide triggered by heavy rainfall blocking roads and damaging structures.,False
2024-06-12,Medical,75,Indore,22.7915,75.8111,14.8,4.6,Healthcare,Dengue Outbreak,105,"Surge in dengue fever cases following monsoon rains, straining local healthcare facilities.",False
2024-06-12,Disaster,116,Mumbai,19.116,73.0072,16.7,9.0,Natural,Flash Flood,143,Sudden flooding due to heavy rainfall overwhelming drainage systems.,True
2024-06-12,Disaster,58,Thiruvananthapuram,8.3716,77.1266,26.6,7.7,Natural,Monsoon Flooding,151,Widespread flooding due to monsoon rains affecting multiple areas.,False
2024-06-12,Medical,53,Patna,25.5467,85.0823,14.9,2.7,Healthcare,Malaria Surge,27,"Increased malaria cases reported in rural areas, requiring medical intervention.",False
2024-06-12,Medical,33,Leh,34.2289,77.6613,12.1,2.5,Healthcare,Cholera Outbreak,39,Waterborne cholera outbreak in affected areas following contamination of water sources.,False
2024-06-12,Medical,68,Shillong,25.7229,91.9291,17.0,6.4,Healthcare,Malaria Surge,142,"Increased malaria cases reported in rural areas, requiring medical intervention.",False
2024-06-12,Disaster,155,Delhi,28.4674,77.0206,19.5,5.1,Natural,Flash Flood,113,Sudden flooding due to heavy rainfall overwhelming drainage systems.,False
2024-06-13,Disaster,61,Patna,25.4196,85.2945,29.6,4.5,Natural,Heavy Rainfall,108,Unusually heavy rainfall causing urban flooding and infrastructure damage.,False
2024-06-13,Disaster,57,Varanasi,25.2996,83.0279,34.7,8.4,Natural,River Overflow,116,River exceeding danger levels and breaching banks causing flooding.,True
2024-06-13,Disaster,97,Indore,22.7986,75.8386,22.6,5.3,Natural,Flash Flood,108,Sudden flooding due to heavy rainfall overwhelming drainage systems.,False
2024-06-13,Disaster,78,Ahmedabad,23.0663,72.6613,22.9,7.6,Natural,River Overflow,142,River exceeding danger levels and breaching banks causing flooding.,False
2024-06-13,Medical,66,Gangtok,27.3685,88.5629,12.3,6.6,Healthcare,Leptospirosis Cases,10,Post-flood leptospirosis cases reported in affected areas.,False
2024-06-14,Disaster,214,Chennai,13.085,80.2358,24.3,7.8,Natural,Flash Flood,32,Sudden flooding due to heavy rainfall overwhelming drainage systems.,True
2024-06-14,Disaster,82,Bhubaneswar,20.3474,85.7896,32.7,7.5,Natural,River Overflow,60,River exceeding danger levels and breaching banks causing flooding.,False
2024-06-14,Disaster,45,Coimbatore,11.2134,76.9198,21.6,6.4,Natural,Heavy Rainfall,130,Unusually heavy rainfall causing urban flooding and infrastructure damage.,False
2024-06-14,Disaster,51,Hyderabad,17.2508,78.4264,18.4,8.1,Natural,Flash Flood,112,Sudden flooding due to heavy rainfall overwhelming drainage systems.,True
2024-06-14,Disaster,42,Imphal,24.7246,94.1244,28.1,6.9,Natural,Heavy Rainfall,114,Unusually heavy rainfall causing urban flooding and infrastructure damage.,False
2024-06-14,Medical,33,Srinagar,33.9463,74.9726,11.9,2.0,Healthcare,Malaria Surge,45,"Increased malaria cases reported in rural areas, requiring medical intervention.",False
2024-06-14,Disaster,48,Vadodara,22.3827,73.0421,23.5,9.0,Natural,River Overflow,18,River exceeding danger levels and breaching banks causing flooding.,True
2024-06-14,Medical,57,Patna,25.5995,85.3371,11.4,2.2,Healthcare,Malaria Surge,38,"Increased malaria cases reported in rural areas, requiring medical intervention.",False
2024-06-15,Medical,77,Leh,34.3185,77.4731,13.8,6.9,Healthcare,Malaria Surge,70,"Increased malaria cases reported in rural areas, requiring medical intervention.",False
2024-06-15,Disaster,90,Raipur,21.3473,81.7163,26.8,6.9,Natural,Heavy Rainfall,78,Unusually heavy rainfall causing urban flooding and infrastructure damage.,False
2024-06-15,Medical,98,Bengaluru,12.7859,77.5442,9.9,4.5,Healthcare,Dengue Outbreak,6,"Surge in dengue fever cases following monsoon rains, straining local healthcare facilities.",False
2024-06-15,Disaster,69,Leh,34.2881,77.5159,27.8,6.3,Natural,River Overflow,78,River exceeding danger levels and breaching banks causing flooding.,False
2024-06-15,Disaster,49,Udaipur,24.7721,73.6686,26.7,8.7,Natural,Heavy Rainfall,42,Unusually heavy rainfall causing urban flooding and infrastructure damage.,True
2024-06-15,Disaster,206,Chennai,12.9615,80.3426,21.7,8.1,Natural,Flash Flood,75,Sudden flooding due to heavy rainfall overwhelming drainage systems.,True
2024-06-16,Medical,55,Agartala,23.9789,91.1874,17.4,3.4,Healthcare,Malaria Surge,37,"Increased malaria cases reported in rural areas, requiring medical intervention.",False
2024-06-16,Disaster,99,Kochi,10.1022,76.2143,34.2,4.3,Natural,Monsoon Flooding,115,Widespread flooding due to monsoon rains affecting multiple areas.,False
2024-06-16,Disaster,164,Delhi,28.4414,77.0947,20.0,6.0,Natural,River Overflow,27,River exceeding danger levels and breaching banks causing flooding.,False
2024-06-16,Disaster,231,Kolkata,22.5751,88.3046,23.2,7.8,Natural,Heavy Rainfall,130,Unusually heavy rainfall causing urban flooding and infrastructure damage.,True
2024-06-16,Disaster,85,Thiruvananthapuram,8.6855,76.9381,35.4,5.2,Natural,Monsoon Flooding,188,Widespread flooding due to monsoon rains affecting multiple areas.,False
2024-06-17,Disaster,63,Coimbatore,10.991,76.7897,21.9,9.4,Natural,River Overflow,129,River exceeding danger levels and breaching banks causing flooding.,True
2024-06-17,Disaster,49,Thiruvananthapuram,8.4352,77.1311,22.1,9.2,Natural,Flash Flood,29,Sudden flooding due to heavy rainfall overwhelming drainage systems.,True
2024-06-17,Medical,62,Kolkata,22.7319,88.3401,9.7,4.1,Healthcare,Malaria Surge,45,"Increased malaria cases reported in rural areas, requiring medical intervention.",False
2024-06-18,Disaster,58,Shimla,30.9512,77.2824,18.8,5.4,Natural,Heavy Rainfall,46,Unusually heavy rainfall causing urban flooding and infrastructure damage.,False
2024-06-18,Medical,61,Gwalior,26.2821,78.0388,9.9,6.4,Healthcare,Leptospirosis Cases,30,Post-flood leptospirosis cases reported in affected areas.,False
2024-06-18,Disaster,45,Agra,27.0565,77.9683,36.7,6.7,Natural,Heavy Rainfall,123,Unusually heavy rainfall causing urban flooding and infrastructure damage.,False
2024-06-18,Medical,35,Agra,26.9805,77.9145,11.4,5.8,Healthcare,Dengue Outbreak,47,"Surge in dengue fever cases following monsoon rains, straining local healthcare facilities.",False
2024-06-18,Medical,51,Surat,21.3028,72.8459,15.5,2.4,Healthcare,Malaria Surge,129,"Increased malaria cases reported in rural areas, requiring medical intervention.",False
2024-06-18,Disaster,57,Udaipur,24.4635,73.884,25.9,6.8,Natural,Flash Flood,55,Sudden flooding due to heavy rainfall overwhelming drainage systems.,False
2024-06-19,Disaster,51,Coimbatore,10.8402,76.95,35.0,5.5,Natural,Heavy Rainfall,39,Unusually heavy rainfall causing urban flooding and infrastructure damage.,False
2024-06-19,Disaster,129,Chennai,12.9563,80.194,18.7,8.8,Natural,Heavy Rainfall,94,Unusually heavy rainfall causing urban flooding and infrastructure damage.,True
2024-06-19,Disaster,75,Bhubaneswar,20.3319,85.9054,28.5,7.9,Natural,Heavy Rainfall,92,Unusually heavy rainfall causing urban flooding and infrastructure damage.,False
2024-06-19,Medical,37,Varanasi,25.2962,83.0631,10.4,5.6,Healthcare,Malaria Surge,18,"Increased malaria cases reported in rural areas, requiring medical intervention.",False
2024-06-19,Medical,51,Surat,21.2673,72.7122,15.1,6.0,Healthcare,Dengue Outbreak,84,"Surge in dengue fever cases following monsoon rains, straining local healthcare facilities.",False
2024-06-19,Disaster,45,Patna,25.724,85.2568,31.6,5.9,Natural,Flash Flood,40,Sudden flooding due to heavy rainfall overwhelming drainage systems.,False
2024-06-19,Disaster,71,Thiruvananthapuram,8.6251,76.8406,21.9,4.1,Natural,Heavy Rainfall,39,Unusually heavy rainfall causing urban flooding and infrastructure damage.,False
2024-06-20,Disaster,93,Leh,34.2845,77.752,30.1,4.3,Natural,Heavy Rainfall,78,Unusually heavy rainfall causing urban flooding and infrastructure damage.,False
2024-06-20,Disaster,78,Udaipur,24.7375,73.6058,28.6,5.3,Natural,Flash Flood,49,Sudden flooding due to heavy rainfall overwhelming drainage systems.,False
2024-06-20,Disaster,45,Kochi,9.92,76.1037,23.3,7.1,Natural,Heavy Rainfall,40,Unusually heavy rainfall causing urban flooding and infrastructure damage.,False
2024-06-20,Medical,72,Raipur,21.4311,81.6046,12.3,4.4,Healthcare,Leptospirosis Cases,118,Post-flood leptospirosis cases reported in affected areas.,False
2024-06-20,Medical,44,Agartala,23.803,91.4778,15.5,6.3,Healthcare,Dengue Outbreak,128,"Surge in dengue fever cases following monsoon rains, straining local healthcare facilities.",False
2024-06-20,Disaster,88,Kochi,9.9588,76.2219,33.2,6.7,Natural,Flash Flood,85,Sudden flooding due to heavy rainfall overwhelming drainage systems.,False
2024-06-20,Disaster,49,Visakhapatnam,17.5065,83.2086,27.7,7.8,Natural,Flash Flood,14,Sudden flooding due to heavy rainfall overwhelming drainage systems.,False
2024-06-20,Disaster,93,Indore,22.6764,76.0489,28.7,7.2,Natural,River Overflow,134,River exceeding danger levels and breaching banks causing flooding.,False
2024-06-20,Medical,61,Nagpur,21.2013,79.2744,13.8,6.8,Healthcare,Malaria Surge,96,"Increased malaria cases reported in rural areas, requiring medical intervention.",False
2024-06-20,Medical,46,Dehradun,30.2779,77.9266,14.5,4.5,Healthcare,Dengue Outbreak,104,"Surge in dengue fever cases following monsoon rains, straining local healthcare facilities.",False
2024-06-21,Disaster,75,Agartala,23.9885,91.4502,26.0,9.1,Natural,Flash Flood,147,Sudden flooding due to heavy rainfall overwhelming drainage systems.,True
2024-06-21,Disaster,60,Dehradun,30.1426,77.8408,25.8,4.5,Natural,River Overflow,38,River exceeding danger levels and breaching banks causing flooding.,False
2024-06-21,Disaster,79,Jodhpur,26.2979,73.1346,29.6,5.3,Natural,Heavy Rainfall,14,Unusually heavy rainfall causing urban flooding and infrastructure damage.,False
2024-06-21,Disaster,164,Delhi,28.7867,77.0839,19.9,5.7,Natural,Flash Flood,95,Sudden flooding due to heavy rainfall overwhelming drainage systems.,False
2024-06-22,Disaster,65,Aizawl,23.8034,92.6374,25.3,6.9,Natural,Heavy Rainfall,16,Unusually heavy rainfall causing urban flooding and infrastructure damage.,False
2024-06-22,Disaster,40,Visakhapatnam,17.8161,83.3487,30.3,8.5,Natural,Monsoon Flooding,154,Widespread flooding due to monsoon rains affecting multiple areas.,True
2024-06-22,Disaster,43,Raipur,21.3499,81.7306,22.0,5.7,Natural,Flash Flood,47,Sudden flooding due to heavy rainfall overwhelming drainage systems.,False
2024-06-22,Medical,75,Bhopal,23.1796,77.3003,13.1,5.8,Healthcare,Dengue Outbreak,123,"Surge in dengue fever cases following monsoon rains, straining local healthcare facilities.",False
2024-06-22,Medical,77,Patna,25.4249,85.2149,14.2,4.7,Healthcare,Cholera Outbreak,104,Waterborne cholera outbreak in affected areas following contamination of water sources.,False
2024-06-22,Disaster,66,Srinagar,33.9646,74.7216,32.8,9.4,Natural,Flash Flood,76,Sudden flooding due to heavy rainfall overwhelming drainage systems.,True
2024-06-23,Medical,39,Bhopal,23.3997,77.3191,15.2,4.1,Healthcare,Leptospirosis Cases,31,Post-flood leptospirosis cases reported in affected areas.,False
2024-06-23,Disaster,79,Mumbai,19.1075,73.0443,23.8,9.1,Natural,Heavy Rainfall,78,Unusually heavy rainfall causing urban flooding and infrastructure damage.,True
2024-06-23,Medical,54,Amritsar,31.552,74.7998,14.0,6.2,Healthcare,Leptospirosis Cases,144,Post-flood leptospirosis cases reported in affected areas.,False
2024-06-23,Medical,51,Gangtok,27.3827,88.4951,14.0,3.2,Healthcare,Dengue Outbreak,5,"Surge in dengue fever cases following monsoon rains, straining local healthcare facilities.",False
2024-06-23,Medical,65,Jodhpur,26.3005,73.0739,12.1,3.0,Healthcare,Dengue Outbreak,9,"Surge in dengue fever cases following monsoon rains, straining local healthcare facilities.",False
2024-06-23,Disaster,96,Kochi,10.0726,76.269,21.7,8.9,Natural,Heavy Rainfall,134,Unusually heavy rainfall causing urban flooding and infrastructure damage.,True
2024-06-23,Disaster,82,Varanasi,25.3311,83.1281,21.9,8.3,Natural,Heavy Rainfall,67,Unusually heavy rainfall causing urban flooding and infrastructure damage.,True
2024-06-24,Disaster,184,Bengaluru,12.8686,77.5194,20.6,4.3,Natural,Monsoon Flooding,197,Widespread flooding due to monsoon rains affecting multiple areas.,False
2024-06-24,Medical,56,Patna,25.7157,85.0106,13.0,2.1,Healthcare,Dengue Outbreak,74,"Surge in dengue fever cases following monsoon rains, straining local healthcare facilities.",False
2024-06-24,Disaster,69,Mysore,12.4614,76.7174,29.6,7.3,Natural,Flash Flood,122,Sudden flooding due to heavy rainfall overwhelming drainage systems.,False
2024-06-24,Medical,64,Lucknow,26.8458,81.0673,15.9,4.0,Healthcare,Cholera Outbreak,114,Waterborne cholera outbreak in affected areas following contamination of water sources.,False
2024-06-24,Disaster,95,Indore,22.6097,76.0314,29.4,7.2,Natural,Flash Flood,34,Sudden flooding due to heavy rainfall overwhelming drainage systems.,False
2024-06-24,Disaster,81,Aizawl,23.6547,92.559,21.8,8.0,Natural,Heavy Rainfall,71,Unusually heavy rainfall causing urban flooding and infrastructure damage.,False
2024-06-25,Medical,73,Jodhpur,26.4172,73.2109,11.5,3.2,Healthcare,Malaria Surge,34,"Increased malaria cases reported in rural areas, requiring medical intervention.",False
2024-06-25,Disaster,48,Agra,27.1109,78.1814,27.0,6.9,Natural,River Overflow,113,River exceeding danger levels and breaching banks causing flooding.,False
2024-06-25,Disaster,49,Lucknow,27.0073,80.9429,30.7,7.9,Natural,Heavy Rainfall,11,Unusually heavy rainfall causing urban flooding and infrastructure damage.,False
2024-06-25,Disaster,79,Udaipur,24.5802,73.5402,29.7,8.3,Natural,Heavy Rainfall,58,Unusually heavy rainfall causing urban flooding and infrastructure damage.,True
2024-06-25,Disaster,121,Mumbai,19.0596,72.7176,22.4,5.7,Natural,Heavy Rainfall,29,Unusually heavy rainfall causing urban flooding and infrastructure damage.,False
2024-06-25,Medical,59,Varanasi,25.41,83.0588,13.6,4.5,Healthcare,Cholera Outbreak,51,Waterborne cholera outbreak in affected areas following contamination of water sources.,False
2024-06-25,Medical,72,Thiruvananthapuram,8.3534,76.9812,15.0,5.2,Healthcare,Leptospirosis Cases,43,Post-flood leptospirosis cases reported in affected areas.,False
2024-06-25,Disaster,89,Kohima,25.862,93.9572,29.4,8.7,Natural,Flash Flood,93,Sudden flooding due to heavy rainfall overwhelming drainage systems.,True
2024-06-25,Disaster,55,Leh,33.9559,77.6089,30.2,4.1,Natural,Flash Flood,38,Sudden flooding due to heavy rainfall overwhelming drainage systems.,False
2024-06-25,Disaster,70,Goa,15.2491,74.0006,24.2,4.6,Natural,Monsoon Flooding,148,Widespread flooding due to monsoon rains affecting multiple areas.,False
2024-06-25,Medical,171,Kolkata,22.6569,88.1926,10.1,4.8,Healthcare,Leptospirosis Cases,88,Post-flood leptospirosis cases reported in affected areas.,False
2024-06-25,Disaster,63,Kochi,10.0926,76.2477,19.7,7.9,Natural,Landslide,100,Landslide triggered by heavy rainfall blocking roads and damaging structures.,False
2024-06-25,Disaster,57,Raipur,21.3304,81.5143,22.1,4.1,Natural,River Overflow,70,River exceeding danger levels and breaching banks causing flooding.,False
2024-06-25,Medical,37,Aizawl,23.8524,92.5449,15.5,4.8,Healthcare,Leptospirosis Cases,140,Post-flood leptospirosis cases reported in affected areas.,False
2024-06-25,Disaster,90,Mumbai,18.9917,73.0237,17.1,4.6,Natural,River Overflow,130,River exceeding danger levels and breaching banks causing flooding.,False
2024-06-25,Medical,64,Vadodara,22.3418,73.2865,10.4,3.6,Healthcare,Dengue Outbreak,142,"Surge in dengue fever cases following monsoon rains, straining local healthcare facilities.",False
2024-06-26,Medical,43,Udaipur,24.6692,73.6739,14.3,2.3,Healthcare,Malaria Surge,118,"Increased malaria cases reported in rural areas, requiring medical intervention.",False
2024-06-26,Disaster,92,Visakhapatnam,17.5565,83.2942,25.9,8.0,Natural,Flash Flood,33,Sudden flooding due to heavy rainfall overwhelming drainage systems.,False
2024-06-26,Disaster,96,Imphal,24.8255,94.1179,25.6,8.7,Natural,Flash Flood,91,Sudden flooding due to heavy rainfall overwhelming drainage systems.,True
2024-06-26,Medical,32,Patna,25.483,85.0281,15.4,6.1,Healthcare,Cholera Outbreak,42,Waterborne cholera outbreak in affected areas following contamination of water sources.,False
2024-06-27,Disaster,82,Agartala,23.8132,91.3425,34.7,8.2,Natural,Heavy Rainfall,20,Unusually heavy rainfall causing urban flooding and infrastructure damage.,True
2024-06-27,Disaster,69,Varanasi,25.2381,82.9315,24.9,7.9,Natural,Flash Flood,117,Sudden flooding due to heavy rainfall overwhelming drainage systems.,False
2024-06-27,Disaster,72,Bhopal,23.1863,77.5598,19.3,5.1,Natural,Flash Flood,83,Sudden flooding due to heavy rainfall overwhelming drainage systems.,False
2024-06-27,Disaster,72,Chandigarh,30.7515,76.8382,24.1,4.1,Natural,Heavy Rainfall,21,Unusually heavy rainfall causing urban flooding and infrastructure damage.,False
2024-06-27,Disaster,58,Vijayawada,16.6337,80.8197,23.5,5.7,Natural,Landslide,59,Landslide triggered by heavy rainfall blocking roads and damaging structures.,False
2024-06-27,Disaster,66,Amritsar,31.5957,74.8414,35.0,5.8,Natural,Flash Flood,45,Sudden flooding due to heavy rainfall overwhelming drainage systems.,False
2024-06-27,Disaster,189,Chennai,13.178,80.3668,15.7,7.5,Natural,River Overflow,139,River exceeding danger levels and breaching banks causing flooding.,False
2024-06-28,Disaster,52,Mangalore,13.0747,74.767,30.5,8.5,Natural,Monsoon Flooding,113,Widespread flooding due to monsoon rains affecting multiple areas.,True
2024-06-28,Disaster,92,Visakhapatnam,17.8089,83.4104,27.3,4.5,Natural,Flash Flood,37,Sudden flooding due to heavy rainfall overwhelming drainage systems.,False
2024-06-28,Disaster,50,Dehradun,30.271,77.9455,24.5,4.1,Natural,River Overflow,108,River exceeding danger levels and breaching banks causing flooding.,False
2024-06-28,Medical,66,Bhopal,23.438,77.4148,14.3,2.1,Healthcare,Malaria Surge,88,"Increased malaria cases reported in rural areas, requiring medical intervention.",False
2024-06-29,Disaster,84,Goa,15.3703,73.9708,23.8,7.6,Natural,Flash Flood,149,Sudden flooding due to heavy rainfall overwhelming drainage systems.,False
2024-06-29,Disaster,42,Shillong,25.5895,91.9837,29.5,9.2,Natural,Flash Flood,101,Sudden flooding due to heavy rainfall overwhelming drainage systems.,True
2024-06-29,Disaster,98,Bhubaneswar,20.3633,85.8711,31.5,4.4,Natural,River Overflow,46,River exceeding danger levels and breaching banks causing flooding.,False
2024-06-29,Disaster,72,Hyderabad,17.5328,78.5198,19.8,5.4,Natural,Monsoon Flooding,180,Widespread flooding due to monsoon rains affecting multiple areas.,False
2024-06-29,Disaster,57,Kohima,25.4998,94.1004,25.9,6.3,Natural,Heavy Rainfall,7,Unusually heavy rainfall causing urban flooding and infrastructure damage.,False
2024-06-29,Disaster,80,Jaipur,26.7501,75.7621,29.1,5.2,Natural,Heavy Rainfall,121,Unusually heavy rainfall causing urban flooding and infrastructure damage.,False
2024-06-29,Disaster,60,Indore,22.7849,75.8096,20.4,6.1,Natural,River Overflow,124,River exceeding danger levels and breaching banks causing flooding.,False
2024-06-29,Medical,103,Delhi,28.5947,77.1433,8.7,3.0,Healthcare,Cholera Outbreak,148,Waterborne cholera outbreak in affected areas following contamination of water sources.,False
2024-06-29,Medical,34,Allahabad,25.5523,81.6797,15.3,4.4,Healthcare,Cholera Outbreak,89,Waterborne cholera outbreak in affected areas following contamination of water sources.,False
2024-06-29,Disaster,96,Gangtok,27.3765,88.7756,27.2,6.0,Natural,Heavy Rainfall,127,Unusually heavy rainfall causing urban flooding and infrastructure damage.,False
2024-06-30,Medical,41,Bhubaneswar,20.143,85.666,13.1,2.4,Healthcare,Dengue Outbreak,135,"Surge in dengue fever cases following monsoon rains, straining local healthcare facilities.",False
2024-06-30,Medical,32,Pune,18.4899,73.7035,11.4,6.6,Healthcare,Malaria Surge,125,"Increased malaria cases reported in rural areas, requiring medical intervention.",False
2024-06-30,Medical,54,Guwahati,25.9589,91.6915,12.2,2.9,Healthcare,Dengue Outbreak,33,"Surge in dengue fever cases following monsoon rains, straining local healthcare facilities.",False
2024-06-30,Disaster,60,Amritsar,31.7266,74.7256,34.8,6.5,Natural,Flash Flood,51,Sudden flooding due to heavy rainfall overwhelming drainage systems.,False
2024-07-01,Disaster,89,Ahmedabad,23.1392,72.627,20.8,9.1,Natural,Flash Flood,133,Sudden flooding due to heavy rainfall overwhelming drainage systems.,True
2024-07-01,Disaster,72,Jodhpur,26.3025,72.945,30.0,9.0,Natural,Heavy Rainfall,126,Unusually heavy rainfall causing urban flooding and infrastructure damage.,True
2024-07-01,Disaster,68,Mangalore,13.034,74.9248,22.4,5.9,Natural,Heavy Rainfall,67,Unusually heavy rainfall causing urban flooding and infrastructure damage.,False
2024-07-01,Disaster,73,Imphal,24.9743,93.9862,32.6,4.4,Natural,Heavy Rainfall,92,Unusually heavy rainfall causing urban flooding and infrastructure damage.,False
2024-07-01,Disaster,100,Bengaluru,12.9422,77.5194,22.9,5.5,Natural,Flash Flood,85,Sudden flooding due to heavy rainfall overwhelming drainage systems.,False
2024-07-01,Disaster,92,Shimla,31.2405,77.1437,32.5,9.1,Natural,River Overflow,129,River exceeding danger levels and breaching banks causing flooding.,True
2024-07-02,Medical,52,Lucknow,26.8666,80.8901,17.5,5.6,Healthcare,Malaria Surge,43,"Increased malaria cases reported in rural areas, requiring medical intervention.",False
2024-07-02,Medical,54,Jaipur,26.8294,75.7021,15.2,6.8,Healthcare,Dengue Outbreak,49,"Surge in dengue fever cases following monsoon rains, straining local healthcare facilities.",False
2024-07-02,Medical,71,Kohima,25.4874,94.2054,15.7,2.6,Healthcare,Leptospirosis Cases,128,Post-flood leptospirosis cases reported in affected areas.,False
2024-07-02,Disaster,59,Varanasi,25.2022,83.0441,21.8,9.2,Natural,Flash Flood,113,Sudden flooding due to heavy rainfall overwhelming drainage systems.,True
2024-07-02,Disaster,155,Chennai,13.0361,80.3406,24.8,6.9,Natural,Monsoon Flooding,144,Widespread flooding due to monsoon rains affecting multiple areas.,False
2024-07-02,Disaster,78,Allahabad,25.3195,81.7371,25.4,5.2,Natural,Flash Flood,121,Sudden flooding due to heavy rainfall overwhelming drainage systems.,False
2024-07-02,Disaster,50,Mangalore,13.018,75.0101,26.4,7.8,Natural,River Overflow,132,River exceeding danger levels and breaching banks causing flooding.,False
2024-07-02,Disaster,90,Imphal,24.9126,93.8397,25.4,4.4,Natural,River Overflow,135,River exceeding danger levels and breaching banks causing flooding.,False
2024-07-02,Medical,59,Bhopal,23.1827,77.4496,17.5,4.7,Healthcare,Leptospirosis Cases,38,Post-flood leptospirosis cases reported in affected areas.,False
2024-07-02,Disaster,202,Delhi,28.8053,77.3927,16.1,9.1,Natural,Flash Flood,32,Sudden flooding due to heavy rainfall overwhelming drainage systems.,True
2024-07-03,Medical,52,Ranchi,23.5384,85.4662,15.7,4.1,Healthcare,Dengue Outbreak,93,"Surge in dengue fever cases following monsoon rains, straining local healthcare facilities.",False
2024-07-03,Disaster,97,Thiruvananthapuram,8.3722,76.9913,36.4,9.0,Natural,Flash Flood,10,Sudden flooding due to heavy rainfall overwhelming drainage systems.,True
2024-07-03,Disaster,79,Vijayawada,16.5529,80.5325,28.6,5.6,Natural,Landslide,9,Landslide triggered by heavy rainfall blocking roads and damaging structures.,False
2024-07-03,Disaster,68,Jodhpur,26.0727,73.0276,21.0,4.3,Natural,Heavy Rainfall,137,Unusually heavy rainfall causing urban flooding and infrastructure damage.,False
2024-07-03,Medical,34,Kohima,25.6171,94.2866,11.9,6.3,Healthcare,Leptospirosis Cases,10,Post-flood leptospirosis cases reported in affected areas.,False
2024-07-03,Medical,46,Kohima,25.632,93.9142,16.4,5.3,Healthcare,Malaria Surge,113,"Increased malaria cases reported in rural areas, requiring medical intervention.",False
2024-07-03,Medical,80,Kolkata,22.5126,88.2933,10.3,6.4,Healthcare,Dengue Outbreak,110,"Surge in dengue fever cases following monsoon rains, straining local healthcare facilities.",False
2024-07-03,Medical,55,Indore,22.755,75.6606,14.0,4.8,Healthcare,Malaria Surge,84,"Increased malaria cases reported in rural areas, requiring medical intervention.",False
2024-07-03,Disaster,62,Chandigarh,30.8139,76.6444,25.8,9.4,Natural,Heavy Rainfall,22,Unusually heavy rainfall causing urban flooding and infrastructure damage.,True
2024-07-04,Disaster,60,Bhubaneswar,20.2941,85.9624,22.7,5.2,Natural,Heavy Rainfall,68,Unusually heavy rainfall causing urban flooding and infrastructure damage.,False
2024-07-04,Disaster,41,Kochi,9.8063,76.148,20.6,9.0,Natural,Monsoon Flooding,126,Widespread flooding due to monsoon rains affecting multiple areas.,True
2024-07-04,Medical,80,Vijayawada,16.6097,80.5686,17.2,5.1,Healthcare,Malaria Surge,100,"Increased malaria cases reported in rural areas, requiring medical intervention.",False
2024-07-04,Disaster,77,Chandigarh,30.7649,76.8322,26.0,5.2,Natural,Flash Flood,24,Sudden flooding due to heavy rainfall overwhelming drainage systems.,False
2024-07-04,Disaster,66,Vijayawada,16.3064,80.7185,23.5,7.1,Natural,Flash Flood,120,Sudden flooding due to heavy rainfall overwhelming drainage systems.,False
2024-07-04,Disaster,46,Gangtok,27.4022,88.5163,32.1,9.4,Natural,Flash Flood,55,Sudden flooding due to heavy rainfall overwhelming drainage systems.,True
2024-07-04,Disaster,45,Agartala,23.9742,91.4001,22.8,7.4,Natural,River Overflow,125,River exceeding danger levels and breaching banks causing flooding.,False
2024-07-05,Medical,52,Lucknow,26.6476,81.1194,16.5,2.4,Healthcare,Leptospirosis Cases,78,Post-flood leptospirosis cases reported in affected areas.,False
2024-07-05,Disaster,85,Pune,18.5953,73.6683,23.6,7.3,Natural,Landslide,34,Landslide triggered by heavy rainfall blocking roads and damaging structures.,False
2024-07-05,Medical,59,Agra,27.1052,77.889,16.7,4.3,Healthcare,Dengue Outbreak,41,"Surge in dengue fever cases following monsoon rains, straining local healthcare facilities.",False
2024-07-05,Medical,77,Gangtok,27.2289,88.4365,15.3,4.6,Healthcare,Leptospirosis Cases,67,Post-flood leptospirosis cases reported in affected areas.,False
2024-07-05,Disaster,50,Vadodara,22.1481,73.1524,29.2,8.4,Natural,River Overflow,95,River exceeding danger levels and breaching banks causing flooding.,True
2024-07-06,Disaster,81,Kohima,25.6799,93.9935,30.0,7.7,Natural,River Overflow,92,River exceeding danger levels and breaching banks causing flooding.,False
2024-07-06,Disaster,202,Bengaluru,12.8287,77.7398,20.1,4.2,Natural,Monsoon Flooding,188,Widespread flooding due to monsoon rains affecting multiple areas.,True
2024-07-06,Disaster,49,Surat,21.0211,72.9251,28.1,9.4,Natural,Heavy Rainfall,37,Unusually heavy rainfall causing urban flooding and infrastructure damage.,True
2024-07-06,Disaster,67,Guwahati,26.054,91.7118,20.6,4.7,Natural,Flash Flood,50,Sudden flooding due to heavy rainfall overwhelming drainage systems.,False
2024-07-06,Medical,47,Varanasi,25.3832,82.9155,16.6,4.7,Healthcare,Leptospirosis Cases,113,Post-flood leptospirosis cases reported in affected areas.,False
2024-07-07,Medical,52,Aizawl,23.6887,92.5312,12.2,5.1,Healthcare,Dengue Outbreak,29,"Surge in dengue fever cases following monsoon rains, straining local healthcare facilities.",False
2024-07-07,Disaster,65,Jodhpur,26.0635,72.8419,24.3,5.2,Natural,Heavy Rainfall,79,Unusually heavy rainfall causing urban flooding and infrastructure damage.,False
2024-07-07,Disaster,61,Hyderabad,17.3266,78.4693,24.0,7.9,Natural,Flash Flood,150,Sudden flooding due to heavy rainfall overwhelming drainage systems.,False
2024-07-08,Medical,52,Surat,21.2503,72.7596,14.5,2.4,Healthcare,Leptospirosis Cases,19,Post-flood leptospirosis cases reported in affected areas.,False
2024-07-08,Disaster,97,Nagpur,21.0093,79.054,20.1,6.3,Natural,River Overflow,31,River exceeding danger levels and breaching banks causing flooding.,False
2024-07-08,Medical,55,Bhubaneswar,20.4604,85.9652,12.4,2.5,Healthcare,Cholera Outbreak,84,Waterborne cholera outbreak in affected areas following contamination of water sources.,False
2024-07-08,Disaster,137,Kolkata,22.457,88.4909,19.8,6.4,Natural,Heavy Rainfall,63,Unusually heavy rainfall causing urban flooding and infrastructure damage.,False
2024-07-08,Disaster,79,Varanasi,25.2657,82.7963,29.2,5.5,Natural,Heavy Rainfall,117,Unusually heavy rainfall causing urban flooding and infrastructure damage.,False
2024-07-08,Medical,60,Ranchi,23.1503,85.4154,16.5,6.3,Healthcare,Dengue Outbreak,121,"Surge in dengue fever cases following monsoon rains, straining local healthcare facilities.",False
2024-07-09,Disaster,95,Allahabad,25.5006,81.7438,19.8,4.4,Natural,Heavy Rainfall,142,Unusually heavy rainfall causing urban flooding and infrastructure damage.,False
2024-07-09,Disaster,94,Hyderabad,17.2115,78.5244,16.0,7.7,Natural,Landslide,128,Landslide triggered by heavy rainfall blocking roads and damaging structures.,False
2024-07-09,Disaster,49,Imphal,24.8881,93.8526,27.5,9.4,Natural,River Overflow,150,River exceeding danger levels and breaching banks causing flooding.,True
2024-07-09,Medical,51,Nagpur,21.1595,79.0986,12.6,6.7,Healthcare,Malaria Surge,26,"Increased malaria cases reported in rural areas, requiring medical intervention.",False
2024-07-09,Disaster,57,Pune,18.5806,73.7497,16.9,5.1,Natural,Flash Flood,34,Sudden flooding due to heavy rainfall overwhelming drainage systems.,False
2024-07-09,Medical,80,Surat,21.0961,73.0239,12.0,2.4,Healthcare,Cholera Outbreak,137,Waterborne cholera outbreak in affected areas following contamination of water sources.,False
2024-07-09,Disaster,126,Kolkata,22.562,88.5585,18.2,6.8,Natural,Flash Flood,137,Sudden flooding due to heavy rainfall overwhelming drainage systems.,False
2024-07-09,Disaster,76,Raipur,21.3965,81.6407,24.4,5.4,Natural,Heavy Rainfall,57,Unusually heavy rainfall causing urban flooding and infrastructure damage.,False
2024-07-09,Disaster,97,Mumbai,18.953,72.6787,16.0,9.4,Natural,River Overflow,101,River exceeding danger levels and breaching banks causing flooding.,True
2024-07-10,Disaster,81,Hyderabad,17.3278,78.6026,20.8,7.1,Natural,Landslide,120,Landslide triggered by heavy rainfall blocking roads and damaging structures.,False
2024-07-10,Medical,49,Raipur,21.2899,81.7465,16.0,5.5,Healthcare,Malaria Surge,115,"Increased malaria cases reported in rural areas, requiring medical intervention.",False
2024-07-10,Medical,69,Bhopal,23.2211,77.3398,10.8,5.6,Healthcare,Cholera Outbreak,54,Waterborne cholera outbreak in affected areas following contamination of water sources.,False
2024-07-10,Disaster,70,Goa,15.4075,73.9767,24.3,7.3,Natural,Flash Flood,108,Sudden flooding due to heavy rainfall overwhelming drainage systems.,False
2024-07-10,Medical,89,Kolkata,22.6697,88.4798,11.7,5.2,Healthcare,Leptospirosis Cases,31,Post-flood leptospirosis cases reported in affected areas.,False
2024-07-10,Disaster,78,Surat,21.1711,72.8507,36.2,6.2,Natural,Heavy Rainfall,95,Unusually heavy rainfall causing urban flooding and infrastructure damage.,False
2024-07-11,Disaster,53,Ahmedabad,22.8353,72.7505,18.6,9.3,Natural,Flash Flood,147,Sudden flooding due to heavy rainfall overwhelming drainage systems.,True
2024-07-11,Medical,75,Ranchi,23.2982,85.2831,11.8,6.2,Healthcare,Leptospirosis Cases,53,Post-flood leptospirosis cases reported in affected areas.,False
2024-07-11,Disaster,42,Aizawl,23.7247,92.7127,26.0,5.6,Natural,Heavy Rainfall,110,Unusually heavy rainfall causing urban flooding and infrastructure damage.,False
2024-07-11,Medical,66,Udaipur,24.6222,73.7146,12.5,2.8,Healthcare,Malaria Surge,20,"Increased malaria cases reported in rural areas, requiring medical intervention.",False
2024-07-11,Disaster,92,Amritsar,31.791,74.9008,26.6,5.9,Natural,Flash Flood,116,Sudden flooding due to heavy rainfall overwhelming drainage systems.,False
2024-07-11,Medical,147,Chennai,12.9969,80.3712,11.1,2.5,Healthcare,Dengue Outbreak,55,"Surge in dengue fever cases following monsoon rains, straining local healthcare facilities.",False
2024-07-11,Disaster,72,Odisha,20.6037,84.4037,20.5,5.0,Natural,Heavy Rainfall,39,Unusually heavy rainfall causing urban flooding and infrastructure damage.,False
2024-07-11,Disaster,113,Kolkata,22.6133,88.3989,16.0,4.7,Natural,Heavy Rainfall,136,Unusually heavy rainfall causing urban flooding and infrastructure damage.,False
2024-07-11,Disaster,97,Shimla,31.0127,77.2498,30.0,4.0,Natural,Heavy Rainfall,37,Unusually heavy rainfall causing urban flooding and infrastructure damage.,False
2024-07-11,Medical,83,Kolkata,22.4104,88.2028,8.8,6.1,Healthcare,Dengue Outbreak,130,"Surge in dengue fever cases following monsoon rains, straining local healthcare facilities.",False
2024-07-11,Disaster,56,Guwahati,26.3255,91.7802,19.0,7.5,Natural,Heavy Rainfall,78,Unusually heavy rainfall causing urban flooding and infrastructure damage.,False
2024-07-11,Disaster,77,Leh,34.1359,77.6179,20.4,4.6,Natural,Flash Flood,41,Sudden flooding due to heavy rainfall overwhelming drainage systems.,False
2024-07-12,Disaster,99,Delhi,28.8039,77.2553,17.5,5.9,Natural,Heavy Rainfall,62,Unusually heavy rainfall causing urban flooding and infrastructure damage.,False
2024-07-12,Medical,40,Ahmedabad,23.1563,72.7449,9.9,5.7,Healthcare,Cholera Outbreak,59,Waterborne cholera outbreak in affected areas following contamination of water sources.,False
2024-07-12,Disaster,85,Jaipur,26.885,75.9313,35.3,5.6,Natural,Flash Flood,83,Sudden flooding due to heavy rainfall overwhelming drainage systems.,False
2024-07-12,Disaster,119,Delhi,28.6952,77.0818,21.8,4.5,Natural,Flash Flood,134,Sudden flooding due to heavy rainfall overwhelming drainage systems.,False
2024-07-12,Medical,70,Nagpur,21.2875,78.9094,12.6,6.1,Healthcare,Dengue Outbreak,122,"Surge in dengue fever cases following monsoon rains, straining local healthcare facilities.",False
2024-07-12,Disaster,51,Shimla,31.1082,77.324,26.1,5.1,Natural,River Overflow,15,River exceeding danger levels and breaching banks causing flooding.,False
2024-07-12,Medical,38,Visakhapatnam,17.7648,83.1915,16.0,6.0,Healthcare,Leptospirosis Cases,82,Post-flood leptospirosis cases reported in affected areas.,False
2024-07-12,Disaster,41,Nagpur,21.2948,79.1511,23.8,7.7,Natural,River Overflow,38,River exceeding danger levels and breaching banks causing flooding.,False
2024-07-12,Medical,79,Patna,25.5499,85.0819,12.9,2.8,Healthcare,Cholera Outbreak,26,Waterborne cholera outbreak in affected areas following contamination of water sources.,False
2024-07-12,Disaster,60,Bhopal,23.327,77.3806,27.1,8.4,Natural,Heavy Rainfall,5,Unusually heavy rainfall causing urban flooding and infrastructure damage.,True
2024-07-13,Disaster,84,Kochi,9.8166,76.2946,30.4,4.8,Natural,Monsoon Flooding,123,Widespread flooding due to monsoon rains affecting multiple areas.,False
2024-07-13,Disaster,61,Shillong,25.4344,91.8386,25.8,4.4,Natural,Heavy Rainfall,109,Unusually heavy rainfall causing urban flooding and infrastructure damage.,False
2024-07-13,Medical,69,Agra,27.2127,77.8814,13.6,5.9,Healthcare,Leptospirosis Cases,62,Post-flood leptospirosis cases reported in affected areas.,False
2024-07-13,Medical,33,Jaipur,26.994,75.7269,14.2,3.0,Healthcare,Cholera Outbreak,23,Waterborne cholera outbreak in affected areas following contamination of water sources.,False
2024-07-13,Disaster,41,Vijayawada,16.4873,80.6524,24.4,7.4,Natural,River Overflow,74,River exceeding danger levels and breaching banks causing flooding.,False
2024-07-13,Disaster,62,Coimbatore,11.2076,76.8929,26.0,6.6,Natural,Landslide,30,Landslide triggered by heavy rainfall blocking roads and damaging structures.,False
2024-07-13,Medical,50,Jaipur,26.9054,75.6963,12.3,6.2,Healthcare,Dengue Outbreak,112,"Surge in dengue fever cases following monsoon rains, straining local healthcare facilities.",False
2024-07-13,Disaster,88,Mangalore,12.8488,74.8482,36.3,6.5,Natural,Landslide,117,Landslide triggered by heavy rainfall blocking roads and damaging structures.,False
2024-07-13,Disaster,62,Raipur,21.1757,81.7818,25.6,7.2,Natural,Flash Flood,128,Sudden flooding due to heavy rainfall overwhelming drainage systems.,False
2024-07-14,Disaster,69,Surat,21.3078,72.9098,24.2,4.6,Natural,Heavy Rainfall,74,Unusually heavy rainfall causing urban flooding and infrastructure damage.,False
2024-07-14,Disaster,69,Shillong,25.6998,92.0649,22.8,4.2,Natural,Heavy Rainfall,61,Unusually heavy rainfall causing urban flooding and infrastructure damage.,False
2024-07-14,Medical,58,Udaipur,24.6812,73.7461,11.8,5.8,Healthcare,Cholera Outbreak,9,Waterborne cholera outbreak in affected areas following contamination of water sources.,False
2024-07-14,Medical,76,Patna,25.5346,84.9711,12.1,4.7,Healthcare,Dengue Outbreak,87,"Surge in dengue fever cases following monsoon rains, straining local healthcare facilities.",False
2024-07-14,Medical,67,Jodhpur,26.3847,72.9606,12.0,4.8,Healthcare,Malaria Surge,27,"Increased malaria cases reported in rural areas, requiring medical intervention.",False
2024-07-14,Medical,34,Raipur,21.4075,81.6052,17.1,6.4,Healthcare,Malaria Surge,109,"Increased malaria cases reported in rural areas, requiring medical intervention.",False
2024-07-14,Disaster,68,Delhi,28.7978,77.4022,21.7,9.2,Natural,River Overflow,55,River exceeding danger levels and breaching banks causing flooding.,True
2024-07-14,Medical,50,Kohima,25.6276,93.9853,13.8,3.0,Healthcare,Malaria Surge,146,"Increased malaria cases reported in rural areas, requiring medical intervention.",False
2024-07-14,Disaster,86,Odisha,20.5199,84.4964,22.1,6.2,Natural,Flash Flood,57,Sudden flooding due to heavy rainfall overwhelming drainage systems.,False
2024-07-14,Disaster,65,Odisha,20.4984,84.4795,21.4,6.7,Natural,Heavy Rainfall,135,Unusually heavy rainfall causing urban flooding and infrastructure damage.,False
2024-07-15,Disaster,82,Jaipur,27.0918,75.6704,20.6,6.9,Natural,Heavy Rainfall,74,Unusually heavy rainfall causing urban flooding and infrastructure damage.,False
2024-07-15,Medical,44,Mangalore,12.9306,74.7647,15.0,3.9,Healthcare,Cholera Outbreak,59,Waterborne cholera outbreak in affected areas following contamination of water sources.,False
2024-07-15,Medical,58,Gwalior,26.1008,78.3823,13.4,3.9,Healthcare,Cholera Outbreak,122,Waterborne cholera outbreak in affected areas following contamination of water sources.,False
2024-07-15,Medical,67,Agartala,23.9128,91.4151,13.1,2.3,Healthcare,Leptospirosis Cases,27,Post-flood leptospirosis cases reported in affected areas.,False
2024-07-15,Medical,71,Srinagar,34.2645,74.9908,10.7,3.8,Healthcare,Dengue Outbreak,26,"Surge in dengue fever cases following monsoon rains, straining local healthcare facilities.",False
2024-07-15,Medical,78,Jodhpur,26.0713,72.9635,13.4,5.1,Healthcare,Dengue Outbreak,44,"Surge in dengue fever cases following monsoon rains, straining local healthcare facilities.",False
2024-07-15,Medical,53,Raipur,21.2944,81.5758,14.7,3.8,Healthcare,Cholera Outbreak,120,Waterborne cholera outbreak in affected areas following contamination of water sources.,False
2024-07-15,Medical,66,Raipur,21.257,81.4793,17.5,4.6,Healthcare,Leptospirosis Cases,70,Post-flood leptospirosis cases reported in affected areas.,False
2024-07-15,Disaster,76,Shillong,25.6222,91.7985,24.4,6.7,Natural,Heavy Rainfall,57,Unusually heavy rainfall causing urban flooding and infrastructure damage.,False
2024-07-16,Medical,33,Chandigarh,30.8134,76.7561,11.7,4.6,Healthcare,Malaria Surge,148,"Increased malaria cases reported in rural areas, requiring medical intervention.",False
2024-07-16,Medical,61,Shimla,31.0353,77.2587,11.4,2.6,Healthcare,Dengue Outbreak,129,"Surge in dengue fever cases following monsoon rains, straining local healthcare facilities.",False
2024-07-16,Medical,31,Allahabad,25.2627,81.8332,15.6,6.1,Healthcare,Dengue Outbreak,35,"Surge in dengue fever cases following monsoon rains, straining local healthcare facilities.",False
2024-07-16,Disaster,52,Allahabad,25.4932,81.9192,28.5,4.0,Natural,Heavy Rainfall,38,Unusually heavy rainfall causing urban flooding and infrastructure damage.,False
2024-07-16,Medical,55,Vadodara,22.32,73.0798,17.3,4.9,Healthcare,Cholera Outbreak,14,Waterborne cholera outbreak in affected areas following contamination of water sources.,False
2024-07-16,Disaster,46,Guwahati,25.9744,91.883,32.3,8.4,Natural,Heavy Rainfall,61,Unusually heavy rainfall causing urban flooding and infrastructure damage.,True
2024-07-16,Medical,49,Leh,34.1412,77.721,14.0,6.8,Healthcare,Malaria Surge,27,"Increased malaria cases reported in rural areas, requiring medical intervention.",False
2024-07-16,Medical,88,Delhi,28.6567,77.2482,11.0,6.5,Healthcare,Leptospirosis Cases,44,Post-flood leptospirosis cases reported in affected areas.,False
2024-07-17,Disaster,76,Coimbatore,10.9872,76.9441,21.1,4.1,Natural,Monsoon Flooding,122,Widespread flooding due to monsoon rains affecting multiple areas.,False
2024-07-17,Medical,67,Nagpur,21.1685,79.26,17.1,3.6,Healthcare,Cholera Outbreak,78,Waterborne cholera outbreak in affected areas following contamination of water sources.,False
2024-07-17,Disaster,94,Thiruvananthapuram,8.7025,77.0196,24.6,8.5,Natural,Heavy Rainfall,104,Unusually heavy rainfall causing urban flooding and infrastructure damage.,True
2024-07-17,Disaster,48,Visakhapatnam,17.5228,83.0258,27.8,7.0,Natural,Landslide,123,Landslide triggered by heavy rainfall blocking roads and damaging structures.,False
2024-07-17,Medical,47,Varanasi,25.1544,83.0492,13.8,6.2,Healthcare,Cholera Outbreak,67,Waterborne cholera outbreak in affected areas following contamination of water sources.,False
2024-07-17,Disaster,82,Patna,25.3981,85.3018,36.0,5.2,Natural,Heavy Rainfall,19,Unusually heavy rainfall causing urban flooding and infrastructure damage.,False
2024-07-17,Medical,170,Delhi,28.7249,77.0836,10.3,5.2,Healthcare,Malaria Surge,12,"Increased malaria cases reported in rural areas, requiring medical intervention.",False
2024-07-17,Medical,72,Coimbatore,10.8687,76.8626,14.0,4.1,Healthcare,Leptospirosis Cases,133,Post-flood leptospirosis cases reported in affected areas.,False
2024-07-18,Medical,57,Aizawl,23.8431,92.8011,14.5,5.6,Healthcare,Cholera Outbreak,108,Waterborne cholera outbreak in affected areas following contamination of water sources.,False
2024-07-18,Medical,58,Gwalior,26.3696,78.3043,15.0,2.8,Healthcare,Leptospirosis Cases,115,Post-flood leptospirosis cases reported in affected areas.,False
2024-07-18,Medical,38,Ranchi,23.1646,85.3104,15.3,5.0,Healthcare,Leptospirosis Cases,55,Post-flood leptospirosis cases reported in affected areas.,False
2024-07-18,Disaster,93,Coimbatore,11.1155,76.9085,33.0,9.3,Natural,Heavy Rainfall,18,Unusually heavy rainfall causing urban flooding and infrastructure damage.,True
2024-07-18,Medical,32,Visakhapatnam,17.7705,83.1151,12.4,2.6,Healthcare,Malaria Surge,60,"Increased malaria cases reported in rural areas, requiring medical intervention.",False
2024-07-18,Medical,42,Imphal,24.8842,93.9853,10.5,5.4,Healthcare,Malaria Surge,98,"Increased malaria cases reported in rural areas, requiring medical intervention.",False
2024-07-18,Disaster,60,Odisha,20.4588,84.6066,31.8,7.3,Natural,Heavy Rainfall,13,Unusually heavy rainfall causing urban flooding and infrastructure damage.,False
2024-07-19,Medical,42,Imphal,24.7143,93.7533,15.5,2.1,Healthcare,Malaria Surge,13,"Increased malaria cases reported in rural areas, requiring medical intervention.",False
2024-07-19,Disaster,121,Delhi,28.5975,77.0975,23.6,5.4,Natural,Heavy Rainfall,35,Unusually heavy rainfall causing urban flooding and infrastructure damage.,False
2024-07-19,Disaster,53,Chandigarh,30.7715,76.8514,29.2,6.8,Natural,River Overflow,64,River exceeding danger levels and breaching banks causing flooding.,False
2024-07-19,Medical,37,Amritsar,31.5593,74.9063,12.6,3.3,Healthcare,Dengue Outbreak,103,"Surge in dengue fever cases following monsoon rains, straining local healthcare facilities.",False
2024-07-19,Disaster,79,Vijayawada,16.5115,80.5734,20.4,6.2,Natural,Monsoon Flooding,164,Widespread flooding due to monsoon rains affecting multiple areas.,False
2024-07-19,Disaster,40,Lucknow,27.0061,80.9779,29.5,9.5,Natural,River Overflow,136,River exceeding danger levels and breaching banks causing flooding.,True
2024-07-20,Medical,52,Surat,21.1283,72.9019,12.2,4.1,Healthcare,Malaria Surge,109,"Increased malaria cases reported in rural areas, requiring medical intervention.",False
2024-07-20,Disaster,97,Indore,22.7584,75.7818,28.7,6.3,Natural,River Overflow,57,River exceeding danger levels and breaching banks causing flooding.,False
2024-07-20,Medical,70,Varanasi,25.2825,82.7852,15.1,3.5,Healthcare,Dengue Outbreak,107,"Surge in dengue fever cases following monsoon rains, straining local healthcare facilities.",False
2024-07-20,Medical,60,Udaipur,24.6417,73.889,14.1,2.3,Healthcare,Dengue Outbreak,15,"Surge in dengue fever cases following monsoon rains, straining local healthcare facilities.",False
2024-07-21,Medical,44,Nagpur,20.9571,79.17,10.3,5.3,Healthcare,Malaria Surge,111,"Increased malaria cases reported in rural areas, requiring medical intervention.",False
2024-07-21,Disaster,79,Goa,15.4894,74.0523,30.6,5.7,Natural,Heavy Rainfall,11,Unusually heavy rainfall causing urban flooding and infrastructure damage.,False
2024-07-21,Medical,77,Jaipur,26.7155,75.8099,14.8,4.0,Healthcare,Leptospirosis Cases,28,Post-flood leptospirosis cases reported in affected areas.,False
2024-07-21,Medical,49,Agra,27.0132,77.8709,14.4,4.7,Healthcare,Leptospirosis Cases,57,Post-flood leptospirosis cases reported in affected areas.,False
2024-07-21,Disaster,65,Vijayawada,16.6305,80.8442,35.4,6.0,Natural,Flash Flood,30,Sudden flooding due to heavy rainfall overwhelming drainage systems.,False
2024-07-21,Disaster,75,Bengaluru,12.8129,77.4238,24.1,7.9,Natural,Heavy Rainfall,105,Unusually heavy rainfall causing urban flooding and infrastructure damage.,False
2024-07-21,Disaster,41,Coimbatore,11.0542,76.7584,29.8,5.8,Natural,River Overflow,15,River exceeding danger levels and breaching banks causing flooding.,False
2024-07-21,Disaster,80,Patna,25.5968,85.1137,24.2,5.0,Natural,Flash Flood,71,Sudden flooding due to heavy rainfall overwhelming drainage systems.,False
2024-07-21,Medical,39,Raipur,21.2137,81.7714,11.5,2.5,Healthcare,Dengue Outbreak,96,"Surge in dengue fever cases following monsoon rains, straining local healthcare facilities.",False
2024-07-21,Medical,61,Leh,34.1879,77.7317,10.8,2.6,Healthcare,Dengue Outbreak,27,"Surge in dengue fever cases following monsoon rains, straining local healthcare facilities.",False
2024-07-21,Medical,36,Vijayawada,16.386,80.7528,12.1,6.6,Healthcare,Malaria Surge,128,"Increased malaria cases reported in rural areas, requiring medical intervention.",False
2024-07-21,Medical,35,Jodhpur,26.3965,73.075,10.2,3.3,Healthcare,Cholera Outbreak,52,Waterborne cholera outbreak in affected areas following contamination of water sources.,False
2024-07-21,Medical,51,Lucknow,26.95,80.8589,12.1,3.9,Healthcare,Cholera Outbreak,42,Waterborne cholera outbreak in affected areas following contamination of water sources.,False
2024-07-21,Disaster,54,Hyderabad,17.3322,78.3307,19.7,4.0,Natural,Landslide,40,Landslide triggered by heavy rainfall blocking roads and damaging structures.,False
2024-07-21,Disaster,63,Mangalore,12.958,74.9233,24.6,8.9,Natural,Monsoon Flooding,168,Widespread flooding due to monsoon rains affecting multiple areas.,True
2024-07-22,Disaster,53,Mysore,12.3849,76.4886,33.3,4.3,Natural,Flash Flood,72,Sudden flooding due to heavy rainfall overwhelming drainage systems.,False
2024-07-22,Disaster,79,Agra,27.1813,77.9659,26.5,9.0,Natural,Heavy Rainfall,103,Unusually heavy rainfall causing urban flooding and infrastructure damage.,True
2024-07-22,Disaster,87,Jodhpur,26.3191,73.0629,29.5,4.6,Natural,Flash Flood,104,Sudden flooding due to heavy rainfall overwhelming drainage systems.,False
2024-07-22,Medical,44,Amritsar,31.6477,75.0444,17.9,2.9,Healthcare,Leptospirosis Cases,124,Post-flood leptospirosis cases reported in affected areas.,False
2024-07-22,Disaster,93,Chennai,13.231,80.1556,15.7,9.0,Natural,Flash Flood,129,Sudden flooding due to heavy rainfall overwhelming drainage systems.,True
2024-07-23,Disaster,52,Thiruvananthapuram,8.6264,77.0756,35.3,8.0,Natural,Flash Flood,79,Sudden flooding due to heavy rainfall overwhelming drainage systems.,False
2024-07-23,Disaster,90,Lucknow,27.0389,80.9857,31.9,6.7,Natural,River Overflow,140,River exceeding danger levels and breaching banks causing flooding.,False
2024-07-23,Medical,85,Delhi,28.7556,77.1107,11.4,4.2,Healthcare,Cholera Outbreak,54,Waterborne cholera outbreak in affected areas following contamination of water sources.,False
2024-07-23,Disaster,65,Visakhapatnam,17.5066,83.1626,36.3,4.2,Natural,Flash Flood,86,Sudden flooding due to heavy rainfall overwhelming drainage systems.,False
2024-07-23,Medical,60,Nagpur,21.3262,79.032,14.8,2.5,Healthcare,Dengue Outbreak,61,"Surge in dengue fever cases following monsoon rains, straining local healthcare facilities.",False
2024-07-23,Medical,31,Ranchi,23.1733,85.16,13.8,5.7,Healthcare,Dengue Outbreak,101,"Surge in dengue fever cases following monsoon rains, straining local healthcare facilities.",False
2024-07-24,Disaster,55,Visakhapatnam,17.7608,83.2944,24.0,9.2,Natural,Flash Flood,29,Sudden flooding due to heavy rainfall overwhelming drainage systems.,True
2024-07-24,Disaster,77,Bengaluru,13.0494,77.6889,18.7,5.5,Natural,River Overflow,56,River exceeding danger levels and breaching banks causing flooding.,False
2024-07-24,Medical,54,Vijayawada,16.444,80.7988,17.1,5.2,Healthcare,Leptospirosis Cases,147,Post-flood leptospirosis cases reported in affected areas.,False
2024-07-25,Medical,55,Agartala,23.9526,91.1132,15.8,4.7,Healthcare,Cholera Outbreak,20,Waterborne cholera outbreak in affected areas following contamination of water sources.,False
2024-07-25,Medical,50,Amritsar,31.788,74.8492,11.9,2.6,Healthcare,Malaria Surge,128,"Increased malaria cases reported in rural areas, requiring medical intervention.",False
2024-07-25,Medical,58,Indore,22.8571,75.9595,15.7,2.1,Healthcare,Dengue Outbreak,40,"Surge in dengue fever cases following monsoon rains, straining local healthcare facilities.",False
2024-07-25,Disaster,66,Srinagar,34.1154,74.7219,21.8,5.9,Natural,Heavy Rainfall,57,Unusually heavy rainfall causing urban flooding and infrastructure damage.,False
2024-07-25,Medical,31,Surat,21.1976,72.7984,12.7,4.4,Healthcare,Cholera Outbreak,24,Waterborne cholera outbreak in affected areas following contamination of water sources.,False
2024-07-25,Disaster,94,Ahmedabad,22.9289,72.6263,23.2,5.4,Natural,Flash Flood,17,Sudden flooding due to heavy rainfall overwhelming drainage systems.,False
2024-07-25,Medical,35,Kohima,25.8062,94.3033,11.9,3.1,Healthcare,Cholera Outbreak,97,Waterborne cholera outbreak in affected areas following contamination of water sources.,False
2024-07-26,Disaster,52,Indore,22.6839,75.8162,27.1,4.7,Natural,Flash Flood,63,Sudden flooding due to heavy rainfall overwhelming drainage systems.,False
2024-07-26,Medical,64,Patna,25.7003,85.0672,14.0,4.8,Healthcare,Leptospirosis Cases,31,Post-flood leptospirosis cases reported in affected areas.,False
2024-07-26,Disaster,81,Udaipur,24.5116,73.7839,28.7,7.6,Natural,Heavy Rainfall,84,Unusually heavy rainfall causing urban flooding and infrastructure damage.,False
2024-07-26,Disaster,80,Leh,34.3382,77.6528,23.2,7.0,Natural,Flash Flood,71,Sudden flooding due to heavy rainfall overwhelming drainage systems.,False
2024-07-26,Medical,74,Chandigarh,30.9255,76.8432,13.5,3.1,Healthcare,Leptospirosis Cases,114,Post-flood leptospirosis cases reported in affected areas.,False
2024-07-26,Disaster,52,Gwalior,26.1875,78.2365,18.7,4.3,Natural,Flash Flood,32,Sudden flooding due to heavy rainfall overwhelming drainage systems.,False
2024-07-26,Medical,46,Odisha,20.4143,84.4087,13.5,2.4,Healthcare,Cholera Outbreak,120,Waterborne cholera outbreak in affected areas following contamination of water sources.,False
2024-07-26,Medical,52,Udaipur,24.4154,73.7675,17.2,6.7,Healthcare,Malaria Surge,118,"Increased malaria cases reported in rural areas, requiring medical intervention.",False
2024-07-26,Medical,73,Varanasi,25.2314,83.0756,14.4,2.4,Healthcare,Leptospirosis Cases,53,Post-flood leptospirosis cases reported in affected areas.,False
2024-07-26,Disaster,100,Odisha,20.3827,84.6631,20.5,4.2,Natural,River Overflow,42,River exceeding danger levels and breaching banks causing flooding.,False
2024-07-27,Disaster,42,Gwalior,26.136,78.0391,30.0,7.0,Natural,Flash Flood,73,Sudden flooding due to heavy rainfall overwhelming drainage systems.,False
2024-07-27,Medical,60,Gangtok,27.4862,88.7294,14.9,3.3,Healthcare,Dengue Outbreak,56,"Surge in dengue fever cases following monsoon rains, straining local healthcare facilities.",False
2024-07-27,Disaster,64,Patna,25.4617,85.256,19.1,7.6,Natural,Flash Flood,30,Sudden flooding due to heavy rainfall overwhelming drainage systems.,False
2024-07-27,Disaster,66,Mangalore,12.9304,74.9302,22.8,8.8,Natural,Landslide,23,Landslide triggered by heavy rainfall blocking roads and damaging structures.,True
2024-07-27,Disaster,77,Indore,22.5845,75.7691,24.1,5.3,Natural,Flash Flood,77,Sudden flooding due to heavy rainfall overwhelming drainage systems.,False
2024-07-28,Disaster,54,Indore,22.5742,76.0024,20.1,5.6,Natural,River Overflow,149,River exceeding danger levels and breaching banks causing flooding.,False
2024-07-28,Disaster,67,Bhopal,23.4037,77.3541,28.3,7.3,Natural,Flash Flood,65,Sudden flooding due to heavy rainfall overwhelming drainage systems.,False
2024-07-28,Disaster,64,Aizawl,23.8848,92.83,35.8,8.6,Natural,Flash Flood,104,Sudden flooding due to heavy rainfall overwhelming drainage systems.,True
2024-07-28,Medical,72,Jodhpur,26.1322,72.9164,14.6,5.6,Healthcare,Malaria Surge,144,"Increased malaria cases reported in rural areas, requiring medical intervention.",False
2024-07-28,Medical,48,Jodhpur,26.1506,73.1658,12.9,2.6,Healthcare,Leptospirosis Cases,127,Post-flood leptospirosis cases reported in affected areas.,False
2024-07-28,Disaster,223,Delhi,28.4535,77.2254,19.8,8.6,Natural,Flash Flood,88,Sudden flooding due to heavy rainfall overwhelming drainage systems.,True
2024-07-29,Medical,44,Kohima,25.6033,94.0661,16.0,3.3,Healthcare,Malaria Surge,66,"Increased malaria cases reported in rural areas, requiring medical intervention.",False
2024-07-29,Disaster,74,Bhubaneswar,20.4652,85.7564,20.6,5.5,Natural,Heavy Rainfall,127,Unusually heavy rainfall causing urban flooding and infrastructure damage.,False
2024-07-29,Disaster,87,Mysore,12.165,76.6457,25.0,7.8,Natural,Flash Flood,80,Sudden flooding due to heavy rainfall overwhelming drainage systems.,False
2024-07-29,Medical,65,Agra,27.3253,78.082,11.9,6.6,Healthcare,Leptospirosis Cases,78,Post-flood leptospirosis cases reported in affected areas.,False
2024-07-29,Disaster,93,Udaipur,24.7248,73.6245,25.7,6.0,Natural,Heavy Rainfall,87,Unusually heavy rainfall causing urban flooding and infrastructure damage.,False
2024-07-29,Disaster,68,Goa,15.1406,74.2283,27.9,7.5,Natural,Landslide,146,Landslide triggered by heavy rainfall blocking roads and damaging structures.,False
2024-07-29,Disaster,212,Delhi,28.6144,77.0407,22.0,6.3,Natural,Flash Flood,67,Sudden flooding due to heavy rainfall overwhelming drainage systems.,True
2024-07-29,Disaster,84,Guwahati,26.2101,91.6565,22.8,9.0,Natural,Flash Flood,40,Sudden flooding due to heavy rainfall overwhelming drainage systems.,True
2024-07-29,Medical,78,Surat,21.2076,72.779,10.7,6.5,Healthcare,Cholera Outbreak,79,Waterborne cholera outbreak in affected areas following contamination of water sources.,False
2024-07-29,Disaster,217,Kolkata,22.3949,88.1758,19.0,7.2,Natural,Flash Flood,99,Sudden flooding due to heavy rainfall overwhelming drainage systems.,True
2024-07-30,Disaster,80,Mumbai,19.1724,72.7709,23.7,7.0,Natural,Monsoon Flooding,180,Widespread flooding due to monsoon rains affecting multiple areas.,False
2024-07-30,Disaster,93,Gwalior,26.3397,78.2317,27.6,8.7,Natural,Flash Flood,63,Sudden flooding due to heavy rainfall overwhelming drainage systems.,True
2024-07-30,Disaster,98,Kohima,25.4875,94.1023,23.8,7.9,Natural,Flash Flood,130,Sudden flooding due to heavy rainfall overwhelming drainage systems.,False
2024-07-30,Medical,38,Vadodara,22.278,73.0269,11.6,2.6,Healthcare,Leptospirosis Cases,53,Post-flood leptospirosis cases reported in affected areas.,False
2024-07-30,Medical,59,Jodhpur,26.0931,73.2137,14.1,6.5,Healthcare,Cholera Outbreak,121,Waterborne cholera outbreak in affected areas following contamination of water sources.,False
2024-07-30,Disaster,84,Varanasi,25.2948,82.8568,24.2,9.1,Natural,Heavy Rainfall,24,Unusually heavy rainfall causing urban flooding and infrastructure damage.,True
2024-07-30,Disaster,61,Udaipur,24.4397,73.6869,22.6,8.6,Natural,River Overflow,85,River exceeding danger levels and breaching banks causing flooding.,True
2024-07-31,Medical,72,Indore,22.5846,75.8805,12.0,3.7,Healthcare,Dengue Outbreak,22,"Surge in dengue fever cases following monsoon rains, straining local healthcare facilities.",False
2024-07-31,Disaster,43,Patna,25.7684,85.0504,26.4,4.5,Natural,Flash Flood,97,Sudden flooding due to heavy rainfall overwhelming drainage systems.,False
2024-07-31,Disaster,57,Goa,15.4653,74.3199,34.0,5.6,Natural,Monsoon Flooding,109,Widespread flooding due to monsoon rains affecting multiple areas.,False
2024-07-31,Medical,75,Ranchi,23.4192,85.1913,14.9,4.0,Healthcare,Leptospirosis Cases,15,Post-flood leptospirosis cases reported in affected areas.,False
2024-07-31,Medical,45,Agra,27.1285,77.876,15.4,4.8,Healthcare,Cholera Outbreak,57,Waterborne cholera outbreak in affected areas following contamination of water sources.,False
2024-07-31,Disaster,75,Aizawl,23.712,92.5877,21.6,9.2,Natural,River Overflow,22,River exceeding danger levels and breaching banks causing flooding.,True
2024-07-31,Medical,51,Nagpur,20.958,78.9648,12.9,2.6,Healthcare,Cholera Outbreak,140,Waterborne cholera outbreak in affected areas following contamination of water sources.,False
2024-08-01,Disaster,91,Thiruvananthapuram,8.488,76.8371,29.9,4.3,Natural,Heavy Rainfall,35,Unusually heavy rainfall causing urban flooding and infrastructure damage.,False
2024-08-01,Medical,39,Indore,22.7396,75.8165,13.7,2.5,Healthcare,Dengue Outbreak,114,"Surge in dengue fever cases following monsoon rains, straining local healthcare facilities.",False
2024-08-01,Medical,159,Kolkata,22.5719,88.1657,9.1,4.0,Healthcare,Cholera Outbreak,32,Waterborne cholera outbreak in affected areas following contamination of water sources.,False
2024-08-01,Disaster,44,Bhubaneswar,20.4879,85.9523,26.0,8.8,Natural,Flash Flood,131,Sudden flooding due to heavy rainfall overwhelming drainage systems.,True
2024-08-01,Disaster,51,Amritsar,31.7328,74.7682,24.9,6.6,Natural,Heavy Rainfall,18,Unusually heavy rainfall causing urban flooding and infrastructure damage.,False
2024-08-01,Disaster,82,Shimla,31.1229,77.0735,19.9,8.4,Natural,River Overflow,124,River exceeding danger levels and breaching banks causing flooding.,True
2024-08-01,Medical,72,Allahabad,25.4486,81.856,12.1,5.4,Healthcare,Cholera Outbreak,122,Waterborne cholera outbreak in affected areas following contamination of water sources.,False
2024-08-02,Medical,30,Bhubaneswar,20.1906,85.7893,12.3,3.5,Healthcare,Malaria Surge,33,"Increased malaria cases reported in rural areas, requiring medical intervention.",False
2024-08-02,Disaster,90,Bhubaneswar,20.1969,85.808,25.5,4.3,Natural,Heavy Rainfall,44,Unusually heavy rainfall causing urban flooding and infrastructure damage.,False
2024-08-02,Disaster,73,Shillong,25.6737,91.7054,32.2,9.5,Natural,Heavy Rainfall,44,Unusually heavy rainfall causing urban flooding and infrastructure damage.,True
2024-08-02,Disaster,71,Indore,22.6758,75.8197,27.8,7.9,Natural,Heavy Rainfall,95,Unusually heavy rainfall causing urban flooding and infrastructure damage.,False
2024-08-02,Disaster,60,Ahmedabad,22.9921,72.5793,22.4,4.4,Natural,Flash Flood,101,Sudden flooding due to heavy rainfall overwhelming drainage systems.,False
2024-08-02,Disaster,67,Shimla,31.146,77.1598,33.0,4.3,Natural,Heavy Rainfall,71,Unusually heavy rainfall causing urban flooding and infrastructure damage.,False
2024-08-03,Disaster,95,Guwahati,26.1182,91.6658,30.6,4.1,Natural,Heavy Rainfall,87,Unusually heavy rainfall causing urban flooding and infrastructure damage.,False
2024-08-03,Disaster,139,Delhi,28.6199,77.2207,16.7,4.4,Natural,Flash Flood,72,Sudden flooding due to heavy rainfall overwhelming drainage systems.,False
2024-08-03,Disaster,52,Ahmedabad,22.852,72.4729,15.6,7.2,Natural,Flash Flood,25,Sudden flooding due to heavy rainfall overwhelming drainage systems.,False
2024-08-03,Medical,52,Patna,25.7669,85.2355,13.4,5.9,Healthcare,Cholera Outbreak,88,Waterborne cholera outbreak in affected areas following contamination of water sources.,False
2024-08-03,Medical,63,Guwahati,26.0811,91.6358,11.8,3.0,Healthcare,Malaria Surge,113,"Increased malaria cases reported in rural areas, requiring medical intervention.",False
2024-08-03,Medical,39,Dehradun,30.3266,77.9713,13.7,6.2,Healthcare,Leptospirosis Cases,114,Post-flood leptospirosis cases reported in affected areas.,False
2024-08-03,Disaster,77,Kolkata,22.7162,88.43,18.5,5.6,Natural,River Overflow,36,River exceeding danger levels and breaching banks causing flooding.,False
2024-08-04,Disaster,59,Thiruvananthapuram,8.6662,76.8003,22.5,4.2,Natural,Landslide,47,Landslide triggered by heavy rainfall blocking roads and damaging structures.,False
2024-08-04,Disaster,317,Vijayawada,16.6267,80.4698,20.3,6.0,Natural,Cyclone,105,Tropical cyclone making landfall with strong winds and heavy rainfall causing widespread damage.,True
2024-08-04,Disaster,151,Mumbai,18.914,72.8213,20.5,5.2,Natural,Flash Flood,141,Sudden flooding due to heavy rainfall overwhelming drainage systems.,False
2024-08-04,Disaster,66,Vijayawada,16.5092,80.555,28.1,8.3,Natural,Flash Flood,36,Sudden flooding due to heavy rainfall overwhelming drainage systems.,True
2024-08-04,Disaster,61,Pune,18.4507,73.7313,20.5,5.8,Natural,Landslide,133,Landslide triggered by heavy rainfall blocking roads and damaging structures.,False
2024-08-04,Medical,30,Mysore,12.1216,76.5573,13.4,4.4,Healthcare,Leptospirosis Cases,33,Post-flood leptospirosis cases reported in affected areas.,False
2024-08-05,Disaster,45,Ahmedabad,22.9311,72.6916,18.4,4.3,Natural,River Overflow,69,River exceeding danger levels and breaching banks causing flooding.,False
2024-08-05,Disaster,40,Mangalore,13.0003,74.803,34.2,4.2,Natural,Landslide,135,Landslide triggered by heavy rainfall blocking roads and damaging structures.,False
2024-08-05,Medical,42,Thiruvananthapuram,8.4874,76.9161,12.4,2.4,Healthcare,Malaria Surge,64,"Increased malaria cases reported in rural areas, requiring medical intervention.",False
2024-08-05,Medical,43,Allahabad,25.4021,82.0047,16.2,3.8,Healthcare,Leptospirosis Cases,75,Post-flood leptospirosis cases reported in affected areas.,False
2024-08-05,Disaster,99,Shillong,25.4552,91.948,25.2,9.0,Natural,Heavy Rainfall,75,Unusually heavy rainfall causing urban flooding and infrastructure damage.,True
2024-08-05,Medical,70,Nagpur,21.1143,78.8885,13.5,5.2,Healthcare,Malaria Surge,37,"Increased malaria cases reported in rural areas, requiring medical intervention.",False
2024-08-06,Medical,69,Srinagar,34.1111,74.7547,13.3,2.9,Healthcare,Leptospirosis Cases,105,Post-flood leptospirosis cases reported in affected areas.,False
2024-08-06,Disaster,48,Varanasi,25.4428,83.1652,30.6,7.8,Natural,River Overflow,29,River exceeding danger levels and breaching banks causing flooding.,False
2024-08-06,Disaster,133,Bengaluru,12.8668,77.5957,22.2,9.3,Natural,Flash Flood,89,Sudden flooding due to heavy rainfall overwhelming drainage systems.,True
2024-08-06,Disaster,60,Visakhapatnam,17.7057,83.1473,29.0,8.2,Natural,Landslide,68,Landslide triggered by heavy rainfall blocking roads and damaging structures.,True
2024-08-06,Disaster,68,Agartala,23.7551,91.2434,30.5,4.6,Natural,Heavy Rainfall,39,Unusually heavy rainfall causing urban flooding and infrastructure damage.,False
2024-08-06,Disaster,72,Nagpur,21.2926,79.1613,33.2,5.1,Natural,Heavy Rainfall,59,Unusually heavy rainfall causing urban flooding and infrastructure damage.,False
2024-08-06,Disaster,70,Mysore,12.4549,76.6708,31.1,6.2,Natural,Monsoon Flooding,181,Widespread flooding due to monsoon rains affecting multiple areas.,False
2024-08-06,Medical,77,Allahabad,25.4753,81.7687,15.1,5.8,Healthcare,Leptospirosis Cases,142,Post-flood leptospirosis cases reported in affected areas.,False
2024-08-07,Disaster,71,Imphal,24.7543,93.7938,25.6,5.2,Natural,Flash Flood,136,Sudden flooding due to heavy rainfall overwhelming drainage systems.,False
2024-08-07,Disaster,61,Lucknow,26.7141,81.052,19.3,8.2,Natural,River Overflow,51,River exceeding danger levels and breaching banks causing flooding.,True
2024-08-08,Disaster,76,Nagpur,21.2756,79.0883,26.2,8.0,Natural,Flash Flood,126,Sudden flooding due to heavy rainfall overwhelming drainage systems.,False
2024-08-08,Disaster,61,Agartala,23.7469,91.1752,29.9,4.8,Natural,Heavy Rainfall,71,Unusually heavy rainfall causing urban flooding and infrastructure damage.,False
2024-08-08,Disaster,42,Patna,25.5105,85.3211,33.7,5.3,Natural,Heavy Rainfall,67,Unusually heavy rainfall causing urban flooding and infrastructure damage.,False
2024-08-08,Disaster,75,Srinagar,34.2683,74.8056,24.7,6.2,Natural,Heavy Rainfall,7,Unusually heavy rainfall causing urban flooding and infrastructure damage.,False
2024-08-08,Disaster,58,Vadodara,22.45,73.3793,24.7,9.1,Natural,River Overflow,46,River exceeding danger levels and breaching banks causing flooding.,True
2024-08-08,Disaster,41,Mangalore,13.0171,74.9855,33.1,4.4,Natural,Monsoon Flooding,124,Widespread flooding due to monsoon rains affecting multiple areas.,False
2024-08-08,Disaster,65,Odisha,20.4463,84.4426,19.3,7.9,Natural,Heavy Rainfall,93,Unusually heavy rainfall causing urban flooding and infrastructure damage.,False
2024-08-08,Medical,72,Vadodara,22.2634,73.0235,17.3,4.5,Healthcare,Dengue Outbreak,38,"Surge in dengue fever cases following monsoon rains, straining local healthcare facilities.",False
2024-08-08,Medical,77,Goa,15.2274,74.1226,14.0,6.2,Healthcare,Cholera Outbreak,106,Waterborne cholera outbreak in affected areas following contamination of water sources.,False
2024-08-08,Disaster,88,Jodhpur,26.4296,73.0642,30.5,5.8,Natural,Heavy Rainfall,55,Unusually heavy rainfall causing urban flooding and infrastructure damage.,False
2024-08-09,Disaster,89,Imphal,24.7057,93.7457,27.7,4.2,Natural,Flash Flood,118,Sudden flooding due to heavy rainfall overwhelming drainage systems.,False
2024-08-09,Medical,30,Amritsar,31.4468,74.7043,11.3,2.0,Healthcare,Malaria Surge,87,"Increased malaria cases reported in rural areas, requiring medical intervention.",False
2024-08-09,Medical,79,Gangtok,27.3393,88.6111,15.0,3.5,Healthcare,Cholera Outbreak,91,Waterborne cholera outbreak in affected areas following contamination of water sources.,False
2024-08-09,Disaster,82,Hyderabad,17.4901,78.5733,15.9,7.6,Natural,Heavy Rainfall,141,Unusually heavy rainfall causing urban flooding and infrastructure damage.,False
2024-08-10,Medical,54,Delhi,28.7282,77.036,11.1,2.5,Healthcare,Leptospirosis Cases,88,Post-flood leptospirosis cases reported in affected areas.,False
2024-08-10,Medical,158,Bengaluru,13.0162,77.5429,10.3,4.8,Healthcare,Leptospirosis Cases,115,Post-flood leptospirosis cases reported in affected areas.,False
2024-08-10,Disaster,52,Goa,15.1749,74.2274,23.3,8.3,Natural,Flash Flood,142,Sudden flooding due to heavy rainfall overwhelming drainage systems.,True
2024-08-10,Disaster,59,Mysore,12.2228,76.4945,22.1,5.4,Natural,Monsoon Flooding,123,Widespread flooding due to monsoon rains affecting multiple areas.,False
2024-08-10,Disaster,72,Indore,22.7685,75.8551,26.5,7.1,Natural,River Overflow,113,River exceeding danger levels and breaching banks causing flooding.,False
2024-08-11,Disaster,84,Jaipur,26.8085,75.8076,22.0,9.5,Natural,Flash Flood,21,Sudden flooding due to heavy rainfall overwhelming drainage systems.,True
2024-08-11,Medical,34,Vijayawada,16.3283,80.6201,14.1,5.6,Healthcare,Malaria Surge,128,"Increased malaria cases reported in rural areas, requiring medical intervention.",False
2024-08-11,Medical,31,Ahmedabad,23.1763,72.7482,10.2,5.7,Healthcare,Leptospirosis Cases,123,Post-flood leptospirosis cases reported in affected areas.,False
2024-08-11,Medical,42,Guwahati,26.1509,91.5861,17.0,5.6,Healthcare,Cholera Outbreak,46,Waterborne cholera outbreak in affected areas following contamination of water sources.,False
2024-08-11,Disaster,54,Coimbatore,11.0421,76.9592,28.5,6.5,Natural,Monsoon Flooding,99,Widespread flooding due to monsoon rains affecting multiple areas.,False
2024-08-11,Medical,37,Agartala,23.8172,91.1728,10.9,6.5,Healthcare,Malaria Surge,120,"Increased malaria cases reported in rural areas, requiring medical intervention.",False
2024-08-11,Disaster,90,Vijayawada,16.4751,80.7133,24.9,5.5,Natural,Flash Flood,74,Sudden flooding due to heavy rainfall overwhelming drainage systems.,False
2024-08-11,Disaster,81,Lucknow,26.8085,80.9514,25.4,8.4,Natural,River Overflow,129,River exceeding danger levels and breaching banks causing flooding.,True
2024-08-11,Disaster,98,Guwahati,26.3121,91.5743,24.4,8.2,Natural,Heavy Rainfall,143,Unusually heavy rainfall causing urban flooding and infrastructure damage.,True
2024-08-12,Disaster,78,Goa,15.1929,74.2148,20.1,5.2,Natural,Heavy Rainfall,103,Unusually heavy rainfall causing urban flooding and infrastructure damage.,False
2024-08-12,Medical,45,Varanasi,25.5024,82.9086,15.1,3.8,Healthcare,Leptospirosis Cases,72,Post-flood leptospirosis cases reported in affected areas.,False
2024-08-12,Disaster,65,Bhopal,23.0711,77.3286,32.2,7.2,Natural,Flash Flood,137,Sudden flooding due to heavy rainfall overwhelming drainage systems.,False
2024-08-12,Disaster,111,Chennai,12.8853,80.0956,17.4,6.5,Natural,Landslide,106,Landslide triggered by heavy rainfall blocking roads and damaging structures.,False
2024-08-12,Medical,72,Delhi,28.4988,77.3735,11.5,3.1,Healthcare,Leptospirosis Cases,117,Post-flood leptospirosis cases reported in affected areas.,False
2024-08-12,Medical,43,Nagpur,21.0054,78.9692,14.1,6.2,Healthcare,Dengue Outbreak,87,"Surge in dengue fever cases following monsoon rains, straining local healthcare facilities.",False
2024-08-12,Disaster,75,Coimbatore,10.9898,76.7683,22.4,5.6,Natural,Heavy Rainfall,50,Unusually heavy rainfall causing urban flooding and infrastructure damage.,False
2024-08-12,Disaster,61,Jodhpur,26.0561,72.887,23.4,7.7,Natural,River Overflow,101,River exceeding danger levels and breaching banks causing flooding.,False
2024-08-12,Disaster,110,Mumbai,18.9414,72.7235,19.4,6.6,Natural,Flash Flood,32,Sudden flooding due to heavy rainfall overwhelming drainage systems.,False
2024-08-13,Medical,40,Amritsar,31.518,74.8333,13.5,2.9,Healthcare,Leptospirosis Cases,70,Post-flood leptospirosis cases reported in affected areas.,False
2024-08-13,Medical,54,Gangtok,27.4186,88.7497,14.6,5.8,Healthcare,Malaria Surge,29,"Increased malaria cases reported in rural areas, requiring medical intervention.",False
2024-08-13,Medical,116,Chennai,13.2416,80.2233,9.7,3.6,Healthcare,Leptospirosis Cases,44,Post-flood leptospirosis cases reported in affected areas.,False
2024-08-13,Disaster,64,Varanasi,25.3193,83.0193,30.1,8.9,Natural,Flash Flood,92,Sudden flooding due to heavy rainfall overwhelming drainage systems.,True
2024-08-14,Medical,65,Shillong,25.5726,91.9722,10.8,2.7,Healthcare,Malaria Surge,138,"Increased malaria cases reported in rural areas, requiring medical intervention.",False
2024-08-14,Disaster,42,Vadodara,22.2573,73.0355,34.2,8.3,Natural,Heavy Rainfall,82,Unusually heavy rainfall causing urban flooding and infrastructure damage.,True
2024-08-14,Disaster,68,Mysore,12.22,76.6202,21.6,6.8,Natural,River Overflow,87,River exceeding danger levels and breaching banks causing flooding.,False
2024-08-14,Disaster,41,Jodhpur,26.0698,72.9575,35.1,5.3,Natural,Heavy Rainfall,143,Unusually heavy rainfall causing urban flooding and infrastructure damage.,False
2024-08-14,Disaster,92,Pune,18.4615,73.7928,15.2,6.9,Natural,Monsoon Flooding,171,Widespread flooding due to monsoon rains affecting multiple areas.,False
2024-08-14,Disaster,91,Mysore,12.1348,76.5416,27.4,8.3,Natural,Flash Flood,146,Sudden flooding due to heavy rainfall overwhelming drainage systems.,True
2024-08-14,Disaster,77,Vijayawada,16.3398,80.7023,29.5,6.2,Natural,Flash Flood,64,Sudden flooding due to heavy rainfall overwhelming drainage systems.,False
2024-08-15,Medical,39,Dehradun,30.2702,77.9031,11.6,2.2,Healthcare,Dengue Outbreak,50,"Surge in dengue fever cases following monsoon rains, straining local healthcare facilities.",False
2024-08-15,Medical,62,Jaipur,26.8859,75.862,15.3,4.6,Healthcare,Leptospirosis Cases,63,Post-flood leptospirosis cases reported in affected areas.,False
2024-08-15,Disaster,171,Bengaluru,13.0778,77.5368,18.2,6.5,Natural,Flash Flood,77,Sudden flooding due to heavy rainfall overwhelming drainage systems.,False
2024-08-15,Medical,32,Bhubaneswar,20.3224,85.8971,14.8,5.1,Healthcare,Malaria Surge,82,"Increased malaria cases reported in rural areas, requiring medical intervention.",False
2024-08-15,Medical,46,Surat,21.0894,72.6615,16.3,3.8,Healthcare,Leptospirosis Cases,11,Post-flood leptospirosis cases reported in affected areas.,False
2024-08-15,Disaster,41,Amritsar,31.4582,74.7287,35.3,6.6,Natural,River Overflow,133,River exceeding danger levels and breaching banks causing flooding.,False
2024-08-16,Disaster,61,Coimbatore,11.0765,76.9756,20.3,6.5,Natural,Monsoon Flooding,97,Widespread flooding due to monsoon rains affecting multiple areas.,False
2024-08-16,Medical,36,Shimla,31.0451,77.1239,11.5,4.3,Healthcare,Cholera Outbreak,126,Waterborne cholera outbreak in affected areas following contamination of water sources.,False
2024-08-16,Disaster,40,Aizawl,23.7834,92.7377,26.0,6.9,Natural,River Overflow,51,River exceeding danger levels and breaching banks causing flooding.,False
2024-08-16,Disaster,51,Guwahati,26.2047,91.7762,26.4,8.8,Natural,Heavy Rainfall,84,Unusually heavy rainfall causing urban flooding and infrastructure damage.,True
2024-08-16,Medical,157,Delhi,28.7404,77.0777,8.4,5.8,Healthcare,Cholera Outbreak,102,Waterborne cholera outbreak in affected areas following contamination of water sources.,False
2024-08-16,Medical,35,Gwalior,26.1376,78.3684,14.8,4.0,Healthcare,Malaria Surge,27,"Increased malaria cases reported in rural areas, requiring medical intervention.",False
2024-08-16,Disaster,49,Pune,18.539,73.9316,17.9,5.7,Natural,Monsoon Flooding,171,Widespread flooding due to monsoon rains affecting multiple areas.,False
2024-08-16,Disaster,77,Goa,15.3217,74.1238,25.4,4.6,Natural,Monsoon Flooding,190,Widespread flooding due to monsoon rains affecting multiple areas.,False
2024-08-16,Medical,40,Aizawl,23.834,92.5535,11.0,3.3,Healthcare,Dengue Outbreak,82,"Surge in dengue fever cases following monsoon rains, straining local healthcare facilities.",False
2024-08-16,Medical,58,Shillong,25.4987,91.8559,13.9,6.4,Healthcare,Leptospirosis Cases,18,Post-flood leptospirosis cases reported in affected areas.,False
2024-08-16,Medical,44,Aizawl,23.7836,92.6587,12.6,4.4,Healthcare,Leptospirosis Cases,93,Post-flood leptospirosis cases reported in affected areas.,False
2024-08-16,Disaster,66,Bhubaneswar,20.2675,85.9151,26.3,5.1,Natural,Flash Flood,94,Sudden flooding due to heavy rainfall overwhelming drainage systems.,False
2024-08-17,Disaster,45,Nagpur,21.1581,79.1888,29.6,5.5,Natural,River Overflow,32,River exceeding danger levels and breaching banks causing flooding.,False
2024-08-17,Disaster,45,Thiruvananthapuram,8.6909,77.1171,33.8,4.1,Natural,Flash Flood,27,Sudden flooding due to heavy rainfall overwhelming drainage systems.,False
2024-08-17,Medical,66,Gangtok,27.5058,88.7855,11.9,4.3,Healthcare,Malaria Surge,33,"Increased malaria cases reported in rural areas, requiring medical intervention.",False
2024-08-17,Medical,55,Jaipur,26.7258,75.6112,14.4,5.0,Healthcare,Cholera Outbreak,64,Waterborne cholera outbreak in affected areas following contamination of water sources.,False
2024-08-17,Disaster,77,Visakhapatnam,17.5559,83.1473,27.7,8.1,Natural,Flash Flood,126,Sudden flooding due to heavy rainfall overwhelming drainage systems.,True
2024-08-18,Disaster,68,Gangtok,27.5237,88.7409,23.2,4.5,Natural,Flash Flood,74,Sudden flooding due to heavy rainfall overwhelming drainage systems.,False
2024-08-18,Medical,35,Odisha,20.5234,84.6557,17.2,3.3,Healthcare,Cholera Outbreak,34,Waterborne cholera outbreak in affected areas following contamination of water sources.,False
2024-08-18,Disaster,81,Udaipur,24.5803,73.8872,24.5,4.9,Natural,Flash Flood,60,Sudden flooding due to heavy rainfall overwhelming drainage systems.,False
2024-08-18,Disaster,84,Bhubaneswar,20.2919,85.7663,31.8,7.5,Natural,River Overflow,49,River exceeding danger levels and breaching banks causing flooding.,False
2024-08-19,Disaster,44,Gwalior,26.0288,78.3439,25.1,8.4,Natural,Heavy Rainfall,35,Unusually heavy rainfall causing urban flooding and infrastructure damage.,True
2024-08-19,Medical,50,Guwahati,25.9929,91.6923,15.8,3.9,Healthcare,Cholera Outbreak,137,Waterborne cholera outbreak in affected areas following contamination of water sources.,False
2024-08-19,Medical,41,Leh,34.248,77.4285,14.1,2.6,Healthcare,Cholera Outbreak,66,Waterborne cholera outbreak in affected areas following contamination of water sources.,False
2024-08-19,Disaster,88,Bhubaneswar,20.4038,85.8897,26.6,6.4,Natural,Heavy Rainfall,14,Unusually heavy rainfall causing urban flooding and infrastructure damage.,False
2024-08-19,Disaster,87,Mysore,12.3583,76.5561,29.2,7.2,Natural,Flash Flood,79,Sudden flooding due to heavy rainfall overwhelming drainage systems.,False
2024-08-19,Disaster,82,Udaipur,24.6679,73.6782,22.0,6.1,Natural,Flash Flood,128,Sudden flooding due to heavy rainfall overwhelming drainage systems.,False
2024-08-19,Disaster,42,Pune,18.5742,73.8463,17.7,5.3,Natural,Monsoon Flooding,109,Widespread flooding due to monsoon rains affecting multiple areas.,False
2024-08-19,Disaster,99,Patna,25.4562,85.3197,28.3,5.0,Natural,River Overflow,60,River exceeding danger levels and breaching banks causing flooding.,False
2024-08-19,Disaster,80,Indore,22.7944,75.8947,26.8,4.5,Natural,River Overflow,40,River exceeding danger levels and breaching banks causing flooding.,False
2024-08-20,Disaster,83,Dehradun,30.1446,77.8845,21.8,5.6,Natural,River Overflow,144,River exceeding danger levels and breaching banks causing flooding.,False
2024-08-20,Medical,32,Guwahati,26.2579,91.8213,14.7,5.7,Healthcare,Malaria Surge,99,"Increased malaria cases reported in rural areas, requiring medical intervention.",False
2024-08-20,Disaster,47,Mangalore,13.0942,74.8078,26.8,7.0,Natural,Monsoon Flooding,123,Widespread flooding due to monsoon rains affecting multiple areas.,False
2024-08-20,Disaster,78,Visakhapatnam,17.7211,83.1313,33.9,7.7,Natural,Monsoon Flooding,80,Widespread flooding due to monsoon rains affecting multiple areas.,False
2024-08-20,Disaster,42,Udaipur,24.4396,73.6235,26.8,7.0,Natural,River Overflow,91,River exceeding danger levels and breaching banks causing flooding.,False
2024-08-20,Disaster,70,Kohima,25.8191,94.1577,26.9,8.9,Natural,River Overflow,116,River exceeding danger levels and breaching banks causing flooding.,True
2024-08-20,Disaster,88,Visakhapatnam,17.6196,83.2923,23.5,5.8,Natural,River Overflow,46,River exceeding danger levels and breaching banks causing flooding.,False
2024-08-20,Medical,56,Jaipur,27.0129,75.7886,16.3,2.2,Healthcare,Leptospirosis Cases,125,Post-flood leptospirosis cases reported in affected areas.,False
2024-08-20,Disaster,82,Gwalior,26.376,78.2184,32.5,8.8,Natural,Heavy Rainfall,123,Unusually heavy rainfall causing urban flooding and infrastructure damage.,True
2024-08-20,Disaster,73,Ranchi,23.5239,85.1945,26.8,7.0,Natural,Flash Flood,122,Sudden flooding due to heavy rainfall overwhelming drainage systems.,False
2024-08-21,Disaster,48,Vadodara,22.2211,73.2376,19.9,7.4,Natural,Flash Flood,136,Sudden flooding due to heavy rainfall overwhelming drainage systems.,False
2024-08-21,Disaster,47,Allahabad,25.243,81.7944,37.3,6.2,Natural,River Overflow,113,River exceeding danger levels and breaching banks causing flooding.,False
2024-08-21,Disaster,84,Agra,27.1088,78.0256,26.8,5.2,Natural,Heavy Rainfall,7,Unusually heavy rainfall causing urban flooding and infrastructure damage.,False
2024-08-21,Medical,75,Odisha,20.6634,84.6034,13.1,3.1,Healthcare,Dengue Outbreak,73,"Surge in dengue fever cases following monsoon rains, straining local healthcare facilities.",False
2024-08-21,Medical,38,Gangtok,27.4473,88.5873,13.8,5.1,Healthcare,Dengue Outbreak,145,"Surge in dengue fever cases following monsoon rains, straining local healthcare facilities.",False
2024-08-21,Disaster,92,Nagpur,21.0755,79.1826,24.7,7.6,Natural,Heavy Rainfall,44,Unusually heavy rainfall causing urban flooding and infrastructure damage.,False
2024-08-21,Medical,69,Indore,22.679,75.9481,9.8,4.0,Healthcare,Malaria Surge,20,"Increased malaria cases reported in rural areas, requiring medical intervention.",False
2024-08-21,Medical,76,Kolkata,22.4077,88.2259,8.9,2.9,Healthcare,Cholera Outbreak,115,Waterborne cholera outbreak in affected areas following contamination of water sources.,False
2024-08-22,Medical,64,Delhi,28.7194,77.3096,8.2,5.6,Healthcare,Dengue Outbreak,119,"Surge in dengue fever cases following monsoon rains, straining local healthcare facilities.",False
2024-08-22,Medical,78,Jaipur,27.0925,75.6337,15.4,6.6,Healthcare,Dengue Outbreak,121,"Surge in dengue fever cases following monsoon rains, straining local healthcare facilities.",False
2024-08-22,Disaster,98,Vijayawada,16.5488,80.5039,27.1,5.9,Natural,Flash Flood,96,Sudden flooding due to heavy rainfall overwhelming drainage systems.,False
2024-08-22,Medical,68,Lucknow,26.6774,80.9553,14.8,6.0,Healthcare,Malaria Surge,64,"Increased malaria cases reported in rural areas, requiring medical intervention.",False
2024-08-22,Medical,38,Kohima,25.6651,94.0577,15.3,2.9,Healthcare,Leptospirosis Cases,17,Post-flood leptospirosis cases reported in affected areas.,False
2024-08-23,Medical,59,Bhopal,23.0915,77.3925,12.3,3.7,Healthcare,Leptospirosis Cases,41,Post-flood leptospirosis cases reported in affected areas.,False
2024-08-23,Disaster,63,Visakhapatnam,17.8247,83.3993,29.9,6.0,Natural,Heavy Rainfall,36,Unusually heavy rainfall causing urban flooding and infrastructure damage.,False
2024-08-23,Disaster,149,Chennai,12.9538,80.3498,15.8,4.4,Natural,Monsoon Flooding,80,Widespread flooding due to monsoon rains affecting multiple areas.,False
2024-08-23,Medical,44,Bhubaneswar,20.2465,85.8743,15.3,2.6,Healthcare,Dengue Outbreak,83,"Surge in dengue fever cases following monsoon rains, straining local healthcare facilities.",False
2024-08-23,Medical,53,Imphal,24.6648,93.9142,13.3,6.2,Healthcare,Dengue Outbreak,14,"Surge in dengue fever cases following monsoon rains, straining local healthcare facilities.",False
2024-08-23,Disaster,65,Varanasi,25.5124,83.0091,29.5,4.7,Natural,Heavy Rainfall,93,Unusually heavy rainfall causing urban flooding and infrastructure damage.,False
2024-08-23,Disaster,42,Shillong,25.4134,92.0842,23.2,4.4,Natural,Heavy Rainfall,85,Unusually heavy rainfall causing urban flooding and infrastructure damage.,False
2024-08-23,Medical,70,Bhubaneswar,20.3865,85.7863,12.2,6.6,Healthcare,Malaria Surge,45,"Increased malaria cases reported in rural areas, requiring medical intervention.",False
2024-08-24,Disaster,217,Delhi,28.5974,77.2206,18.2,5.0,Natural,Flash Flood,66,Sudden flooding due to heavy rainfall overwhelming drainage systems.,True
2024-08-24,Medical,69,Kochi,10.039,76.3763,14.3,6.8,Healthcare,Malaria Surge,135,"Increased malaria cases reported in rural areas, requiring medical intervention.",False
2024-08-24,Disaster,66,Shillong,25.7449,91.9501,30.9,8.2,Natural,River Overflow,5,River exceeding danger levels and breaching banks causing flooding.,True
2024-08-24,Disaster,99,Jaipur,26.8054,75.5972,27.0,6.1,Natural,Heavy Rainfall,28,Unusually heavy rainfall causing urban flooding and infrastructure damage.,False
2024-08-24,Medical,63,Nagpur,20.9827,79.184,10.9,6.4,Healthcare,Dengue Outbreak,52,"Surge in dengue fever cases following monsoon rains, straining local healthcare facilities.",False
2024-08-25,Medical,62,Kohima,25.639,94.0017,14.1,5.3,Healthcare,Malaria Surge,40,"Increased malaria cases reported in rural areas, requiring medical intervention.",False
2024-08-25,Disaster,82,Nagpur,21.1726,78.9646,27.3,6.7,Natural,River Overflow,116,River exceeding danger levels and breaching banks causing flooding.,False
2024-08-25,Medical,37,Udaipur,24.4374,73.7107,14.1,6.9,Healthcare,Leptospirosis Cases,137,Post-flood leptospirosis cases reported in affected areas.,False
2024-08-25,Disaster,78,Agra,27.1444,77.8174,25.0,7.5,Natural,Flash Flood,29,Sudden flooding due to heavy rainfall overwhelming drainage systems.,False
2024-08-25,Medical,79,Gangtok,27.3984,88.4297,15.0,4.5,Healthcare,Cholera Outbreak,78,Waterborne cholera outbreak in affected areas following contamination of water sources.,False
2024-08-26,Disaster,97,Kochi,10.063,76.346,32.5,7.3,Natural,Heavy Rainfall,84,Unusually heavy rainfall causing urban flooding and infrastructure damage.,False
2024-08-26,Disaster,91,Chandigarh,30.6002,76.6642,32.7,9.2,Natural,River Overflow,13,River exceeding danger levels and breaching banks causing flooding.,True
2024-08-26,Disaster,68,Aizawl,23.8237,92.8746,26.7,9.4,Natural,Heavy Rainfall,130,Unusually heavy rainfall causing urban flooding and infrastructure damage.,True
2024-08-27,Disaster,133,Chennai,13.2213,80.3211,16.1,5.8,Natural,Landslide,17,Landslide triggered by heavy rainfall blocking roads and damaging structures.,False
2024-08-27,Disaster,86,Ahmedabad,23.1772,72.7579,20.0,9.5,Natural,Heavy Rainfall,28,Unusually heavy rainfall causing urban flooding and infrastructure damage.,True
2024-08-27,Disaster,74,Odisha,20.3355,84.4115,24.3,4.3,Natural,Heavy Rainfall,146,Unusually heavy rainfall causing urban flooding and infrastructure damage.,False
2024-08-27,Disaster,99,Srinagar,34.0164,74.7627,27.6,5.9,Natural,Heavy Rainfall,115,Unusually heavy rainfall causing urban flooding and infrastructure damage.,False
2024-08-27,Disaster,93,Gangtok,27.5036,88.4723,30.9,6.8,Natural,Heavy Rainfall,146,Unusually heavy rainfall causing urban flooding and infrastructure damage.,False
2024-08-27,Disaster,100,Visakhapatnam,17.7237,83.3404,22.5,8.6,Natural,Flash Flood,105,Sudden flooding due to heavy rainfall overwhelming drainage systems.,True
2024-08-27,Disaster,69,Gwalior,26.3105,78.2707,28.4,7.9,Natural,Heavy Rainfall,37,Unusually heavy rainfall causing urban flooding and infrastructure damage.,False
2024-08-28,Disaster,57,Shillong,25.4692,92.0162,24.1,4.9,Natural,Heavy Rainfall,74,Unusually heavy rainfall causing urban flooding and infrastructure damage.,False
2024-08-28,Medical,32,Leh,34.228,77.6252,11.1,2.5,Healthcare,Dengue Outbreak,130,"Surge in dengue fever cases following monsoon rains, straining local healthcare facilities.",False
2024-08-28,Disaster,65,Jaipur,26.9675,75.7149,27.5,8.7,Natural,Heavy Rainfall,9,Unusually heavy rainfall causing urban flooding and infrastructure damage.,True
2024-08-28,Medical,63,Allahabad,25.4291,81.7824,15.8,4.1,Healthcare,Malaria Surge,57,"Increased malaria cases reported in rural areas, requiring medical intervention.",False
2024-08-28,Medical,58,Delhi,28.6162,77.3481,11.4,2.9,Healthcare,Cholera Outbreak,7,Waterborne cholera outbreak in affected areas following contamination of water sources.,False
2024-08-28,Disaster,100,Pune,18.6367,73.747,22.6,7.3,Natural,Heavy Rainfall,18,Unusually heavy rainfall causing urban flooding and infrastructure damage.,False
2024-08-28,Disaster,90,Bengaluru,12.9969,77.6387,21.8,4.4,Natural,Monsoon Flooding,93,Widespread flooding due to monsoon rains affecting multiple areas.,False
2024-08-28,Disaster,47,Jaipur,26.7242,75.7869,29.8,6.4,Natural,Flash Flood,50,Sudden flooding due to heavy rainfall overwhelming drainage systems.,False
2024-08-29,Disaster,84,Jodhpur,26.1515,72.9407,30.8,4.3,Natural,River Overflow,25,River exceeding danger levels and breaching banks causing flooding.,False
2024-08-29,Disaster,69,Shimla,31.0287,77.0228,23.9,6.8,Natural,Flash Flood,103,Sudden flooding due to heavy rainfall overwhelming drainage systems.,False
2024-08-29,Disaster,172,Mumbai,18.8873,72.8942,22.8,5.3,Natural,Flash Flood,142,Sudden flooding due to heavy rainfall overwhelming drainage systems.,False
2024-08-29,Disaster,54,Hyderabad,17.234,78.4208,23.0,5.9,Natural,Monsoon Flooding,108,Widespread flooding due to monsoon rains affecting multiple areas.,False
2024-08-29,Medical,67,Agra,27.2942,77.9129,11.4,3.9,Healthcare,Malaria Surge,106,"Increased malaria cases reported in rural areas, requiring medical intervention.",False
2024-08-29,Disaster,75,Bengaluru,12.7813,77.556,17.2,6.9,Natural,Heavy Rainfall,84,Unusually heavy rainfall causing urban flooding and infrastructure damage.,False
2024-08-29,Disaster,84,Mangalore,12.8561,74.9148,22.7,7.6,Natural,Flash Flood,144,Sudden flooding due to heavy rainfall overwhelming drainage systems.,False
2024-08-29,Disaster,87,Bhubaneswar,20.253,85.9409,34.6,8.2,Natural,Flash Flood,51,Sudden flooding due to heavy rainfall overwhelming drainage systems.,True
2024-08-30,Medical,44,Gwalior,26.2149,78.1089,14.8,4.5,Healthcare,Leptospirosis Cases,34,Post-flood leptospirosis cases reported in affected areas.,False
2024-08-30,Medical,60,Mysore,12.1368,76.794,12.3,4.7,Healthcare,Leptospirosis Cases,89,Post-flood leptospirosis cases reported in affected areas.,False
2024-08-30,Disaster,92,Goa,15.261,74.0428,32.0,6.3,Natural,Flash Flood,81,Sudden flooding due to heavy rainfall overwhelming drainage systems.,False
2024-08-30,Medical,73,Kohima,25.7221,94.0442,13.9,2.4,Healthcare,Dengue Outbreak,141,"Surge in dengue fever cases following monsoon rains, straining local healthcare facilities.",False
2024-08-30,Disaster,96,Goa,15.2684,74.0823,25.8,8.8,Natural,River Overflow,9,River exceeding danger levels and breaching banks causing flooding.,True
2024-08-30,Disaster,78,Raipur,21.247,81.4623,31.5,5.7,Natural,Flash Flood,88,Sudden flooding due to heavy rainfall overwhelming drainage systems.,False
2024-08-30,Disaster,51,Indore,22.7235,76.0022,28.7,4.7,Natural,Flash Flood,127,Sudden flooding due to heavy rainfall overwhelming drainage systems.,False
2024-08-30,Medical,55,Vijayawada,16.3199,80.8077,13.1,6.6,Healthcare,Cholera Outbreak,144,Waterborne cholera outbreak in affected areas following contamination of water sources.,False
2024-08-30,Disaster,79,Mysore,12.3431,76.6209,29.3,4.0,Natural,Monsoon Flooding,138,Widespread flooding due to monsoon rains affecting multiple areas.,False
2024-08-31,Disaster,92,Nagpur,21.1015,79.0967,19.5,5.6,Natural,River Overflow,52,River exceeding danger levels and breaching banks causing flooding.,False
2024-08-31,Disaster,151,Mumbai,19.1003,72.7171,19.5,9.2,Natural,Flash Flood,77,Sudden flooding due to heavy rainfall overwhelming drainage systems.,True
2024-08-31,Disaster,66,Imphal,24.9845,93.7673,22.7,9.3,Natural,Flash Flood,26,Sudden flooding due to heavy rainfall overwhelming drainage systems.,True
2024-08-31,Medical,72,Gwalior,26.1369,78.012,12.0,6.4,Healthcare,Malaria Surge,128,"Increased malaria cases reported in rural areas, requiring medical intervention.",False
2024-09-01,Disaster,90,Raipur,21.3861,81.4753,30.8,7.9,Natural,Heavy Rainfall,115,Unusually heavy rainfall causing urban flooding and infrastructure damage.,False
2024-09-01,Disaster,77,Chennai,13.2499,80.166,18.5,5.9,Natural,Heavy Rainfall,115,Unusually heavy rainfall causing urban flooding and infrastructure damage.,False
2024-09-01,Disaster,93,Delhi,28.47,77.3496,21.5,4.4,Natural,River Overflow,116,River exceeding danger levels and breaching banks causing flooding.,False
2024-09-02,Medical,40,Patna,25.5421,85.027,13.1,5.9,Healthcare,Leptospirosis Cases,104,Post-flood leptospirosis cases reported in affected areas.,False
2024-09-02,Disaster,42,Srinagar,34.2773,74.6949,30.1,4.9,Natural,Flash Flood,120,Sudden flooding due to heavy rainfall overwhelming drainage systems.,False
2024-09-02,Medical,46,Chandigarh,30.8994,76.5983,14.0,5.9,Healthcare,Malaria Surge,126,"Increased malaria cases reported in rural areas, requiring medical intervention.",False
2024-09-02,Disaster,49,Vadodara,22.1822,73.1883,19.9,5.4,Natural,River Overflow,74,River exceeding danger levels and breaching banks causing flooding.,False
2024-09-02,Disaster,52,Pune,18.6945,73.7503,18.0,5.8,Natural,Flash Flood,38,Sudden flooding due to heavy rainfall overwhelming drainage systems.,False
2024-09-02,Disaster,78,Thiruvananthapuram,8.5321,77.0058,24.7,7.0,Natural,Heavy Rainfall,75,Unusually heavy rainfall causing urban flooding and infrastructure damage.,False
2024-09-02,Medical,61,Bhubaneswar,20.1997,85.6288,14.1,6.3,Healthcare,Cholera Outbreak,114,Waterborne cholera outbreak in affected areas following contamination of water sources.,False
2024-09-03,Disaster,70,Kochi,9.9781,76.3247,19.5,8.9,Natural,Landslide,41,Landslide triggered by heavy rainfall blocking roads and damaging structures.,True
2024-09-03,Medical,68,Kohima,25.7278,94.1056,13.8,4.6,Healthcare,Leptospirosis Cases,114,Post-flood leptospirosis cases reported in affected areas.,False
2024-09-03,Disaster,50,Coimbatore,11.0613,76.9303,28.1,9.0,Natural,Flash Flood,148,Sudden flooding due to heavy rainfall overwhelming drainage systems.,True
2024-09-03,Medical,33,Bhopal,23.2846,77.3884,13.2,6.9,Healthcare,Leptospirosis Cases,126,Post-flood leptospirosis cases reported in affected areas.,False
2024-09-03,Disaster,85,Kochi,9.8406,76.116,27.4,8.4,Natural,Flash Flood,62,Sudden flooding due to heavy rainfall overwhelming drainage systems.,True
2024-09-04,Disaster,90,Allahabad,25.4288,81.7984,33.3,8.1,Natural,Heavy Rainfall,81,Unusually heavy rainfall causing urban flooding and infrastructure damage.,True
2024-09-04,Medical,48,Jaipur,27.052,75.7774,14.4,3.7,Healthcare,Malaria Surge,16,"Increased malaria cases reported in rural areas, requiring medical intervention.",False
2024-09-04,Disaster,119,Mumbai,19.2659,72.9985,17.2,7.5,Natural,Monsoon Flooding,113,Widespread flooding due to monsoon rains affecting multiple areas.,False
2024-09-04,Medical,47,Surat,21.0019,72.7741,13.6,3.7,Healthcare,Dengue Outbreak,107,"Surge in dengue fever cases following monsoon rains, straining local healthcare facilities.",False
2024-09-04,Medical,139,Kolkata,22.7427,88.2178,8.4,4.3,Healthcare,Leptospirosis Cases,119,Post-flood leptospirosis cases reported in affected areas.,False
2024-09-04,Medical,66,Guwahati,26.1809,91.6518,15.9,4.6,Healthcare,Cholera Outbreak,127,Waterborne cholera outbreak in affected areas following contamination of water sources.,False
2024-09-04,Medical,75,Guwahati,26.1181,91.6191,12.4,4.3,Healthcare,Leptospirosis Cases,94,Post-flood leptospirosis cases reported in affected areas.,False
2024-09-04,Disaster,75,Pune,18.5795,73.7183,16.1,9.2,Natural,Heavy Rainfall,45,Unusually heavy rainfall causing urban flooding and infrastructure damage.,True
2024-09-04,Disaster,86,Chennai,12.9055,80.2006,20.8,9.0,Natural,River Overflow,94,River exceeding danger levels and breaching banks causing flooding.,True
2024-09-04,Medical,40,Chandigarh,30.5402,76.8035,14.9,3.6,Healthcare,Leptospirosis Cases,86,Post-flood leptospirosis cases reported in affected areas.,False
2024-09-04,Disaster,62,Odisha,20.3186,84.5423,21.2,7.6,Natural,River Overflow,12,River exceeding danger levels and breaching banks causing flooding.,False
2024-09-04,Medical,60,Kochi,9.8597,76.3066,10.4,2.7,Healthcare,Leptospirosis Cases,113,Post-flood leptospirosis cases reported in affected areas.,False
2024-09-04,Disaster,71,Aizawl,23.8905,92.6734,24.9,4.6,Natural,River Overflow,119,River exceeding danger levels and breaching banks causing flooding.,False
2024-09-04,Disaster,86,Shimla,31.0191,77.1033,29.0,6.0,Natural,River Overflow,58,River exceeding danger levels and breaching banks causing flooding.,False
2024-09-04,Disaster,61,Guwahati,25.9672,91.8226,30.0,8.3,Natural,Heavy Rainfall,18,Unusually heavy rainfall causing urban flooding and infrastructure damage.,True
2024-09-05,Disaster,93,Shillong,25.6641,91.8349,20.9,7.9,Natural,Flash Flood,76,Sudden flooding due to heavy rainfall overwhelming drainage systems.,False
2024-09-05,Medical,47,Ahmedabad,23.1648,72.744,9.0,4.2,Healthcare,Leptospirosis Cases,71,Post-flood leptospirosis cases reported in affected areas.,False
2024-09-05,Disaster,87,Odisha,20.4032,84.449,25.5,8.5,Natural,Heavy Rainfall,101,Unusually heavy rainfall causing urban flooding and infrastructure damage.,True
2024-09-05,Disaster,160,Mumbai,19.2227,72.7504,15.8,6.4,Natural,Flash Flood,47,Sudden flooding due to heavy rainfall overwhelming drainage systems.,False
2024-09-05,Disaster,47,Pune,18.5679,74.0344,18.4,8.7,Natural,Flash Flood,98,Sudden flooding due to heavy rainfall overwhelming drainage systems.,True
2024-09-05,Disaster,46,Vijayawada,16.3351,80.5439,29.7,6.5,Natural,Heavy Rainfall,91,Unusually heavy rainfall causing urban flooding and infrastructure damage.,False
2024-09-05,Disaster,238,Mumbai,19.2131,72.7721,19.0,8.6,Natural,Monsoon Flooding,157,Widespread flooding due to monsoon rains affecting multiple areas.,True
2024-09-05,Medical,57,Lucknow,26.9735,81.1423,14.5,3.0,Healthcare,Dengue Outbreak,149,"Surge in dengue fever cases following monsoon rains, straining local healthcare facilities.",False
2024-09-06,Medical,76,Aizawl,23.7646,92.7821,13.9,6.9,Healthcare,Malaria Surge,107,"Increased malaria cases reported in rural areas, requiring medical intervention.",False
2024-09-06,Disaster,103,Chennai,12.9095,80.1009,17.8,5.8,Natural,River Overflow,100,River exceeding danger levels and breaching banks causing flooding.,False
2024-09-06,Medical,49,Chandigarh,30.7927,76.8393,11.7,3.0,Healthcare,Leptospirosis Cases,106,Post-flood leptospirosis cases reported in affected areas.,False
2024-09-06,Disaster,80,Leh,34.1953,77.3897,18.9,7.1,Natural,River Overflow,112,River exceeding danger levels and breaching banks causing flooding.,False
2024-09-06,Medical,68,Kohima,25.855,93.997,13.0,4.9,Healthcare,Cholera Outbreak,143,Waterborne cholera outbreak in affected areas following contamination of water sources.,False
2024-09-06,Disaster,89,Lucknow,26.7132,81.0014,33.5,7.3,Natural,River Overflow,41,River exceeding danger levels and breaching banks causing flooding.,False
2024-09-06,Medical,62,Mangalore,12.7939,74.69,12.1,6.5,Healthcare,Malaria Surge,80,"Increased malaria cases reported in rural areas, requiring medical intervention.",False
2024-09-06,Disaster,218,Bengaluru,13.1692,77.5834,20.1,5.7,Natural,Heavy Rainfall,67,Unusually heavy rainfall causing urban flooding and infrastructure damage.,True
2024-09-07,Medical,69,Delhi,28.4317,77.391,11.6,3.2,Healthcare,Cholera Outbreak,126,Waterborne cholera outbreak in affected areas following contamination of water sources.,False
2024-09-07,Disaster,99,Delhi,28.7429,77.0864,18.4,7.8,Natural,River Overflow,125,River exceeding danger levels and breaching banks causing flooding.,False
2024-09-07,Medical,104,Kolkata,22.5815,88.2164,10.7,3.1,Healthcare,Dengue Outbreak,79,"Surge in dengue fever cases following monsoon rains, straining local healthcare facilities.",False
2024-09-08,Disaster,63,Ahmedabad,23.1683,72.6851,18.1,4.9,Natural,Flash Flood,57,Sudden flooding due to heavy rainfall overwhelming drainage systems.,False
2024-09-08,Medical,51,Aizawl,23.8285,92.6871,14.6,3.6,Healthcare,Malaria Surge,93,"Increased malaria cases reported in rural areas, requiring medical intervention.",False
2024-09-08,Disaster,96,Shillong,25.6045,91.7538,24.8,8.6,Natural,River Overflow,144,River exceeding danger levels and breaching banks causing flooding.,True
2024-09-08,Medical,63,Amritsar,31.7938,74.8806,13.6,5.7,Healthcare,Cholera Outbreak,45,Waterborne cholera outbreak in affected areas following contamination of water sources.,False
2024-09-08,Disaster,89,Kohima,25.8274,94.1362,25.0,8.0,Natural,Flash Flood,149,Sudden flooding due to heavy rainfall overwhelming drainage systems.,False
2024-09-08,Disaster,88,Bhopal,23.3639,77.4921,27.2,5.1,Natural,River Overflow,93,River exceeding danger levels and breaching banks causing flooding.,False
2024-09-08,Disaster,54,Odisha,20.3453,84.3457,32.1,7.0,Natural,Heavy Rainfall,61,Unusually heavy rainfall causing urban flooding and infrastructure damage.,False
2024-09-08,Disaster,77,Odisha,20.4093,84.6901,25.1,8.8,Natural,River Overflow,113,River exceeding danger levels and breaching banks causing flooding.,True
2024-09-08,Disaster,59,Coimbatore,11.0332,76.8282,27.6,4.7,Natural,Landslide,32,Landslide triggered by heavy rainfall blocking roads and damaging structures.,False
2024-09-08,Disaster,61,Shimla,31.2238,77.1093,33.3,5.0,Natural,River Overflow,128,River exceeding danger levels and breaching banks causing flooding.,False
2024-09-09,Medical,66,Agra,27.1134,77.9935,14.6,2.2,Healthcare,Cholera Outbreak,73,Waterborne cholera outbreak in affected areas following contamination of water sources.,False
2024-09-09,Disaster,95,Ranchi,23.3185,85.1152,34.6,8.8,Natural,Flash Flood,46,Sudden flooding due to heavy rainfall overwhelming drainage systems.,True
2024-09-09,Disaster,64,Hyderabad,17.4877,78.4991,24.5,8.9,Natural,Flash Flood,114,Sudden flooding due to heavy rainfall overwhelming drainage systems.,True
2024-09-09,Disaster,51,Visakhapatnam,17.513,83.3021,23.1,6.8,Natural,Landslide,43,Landslide triggered by heavy rainfall blocking roads and damaging structures.,False
2024-09-10,Disaster,64,Bhubaneswar,20.3688,85.7847,30.6,6.0,Natural,River Overflow,22,River exceeding danger levels and breaching banks causing flooding.,False
2024-09-10,Disaster,83,Pune,18.3362,73.9133,20.6,7.1,Natural,Flash Flood,53,Sudden flooding due to heavy rainfall overwhelming drainage systems.,False
2024-09-10,Disaster,98,Shimla,31.302,77.3522,29.7,4.3,Natural,Heavy Rainfall,51,Unusually heavy rainfall causing urban flooding and infrastructure damage.,False
2024-09-10,Medical,44,Aizawl,23.695,92.7751,11.9,5.1,Healthcare,Malaria Surge,25,"Increased malaria cases reported in rural areas, requiring medical intervention.",False
2024-09-10,Disaster,71,Varanasi,25.1473,83.1011,33.3,8.6,Natural,Flash Flood,48,Sudden flooding due to heavy rainfall overwhelming drainage systems.,True
2024-09-10,Disaster,48,Indore,22.7311,75.8893,29.9,6.5,Natural,Heavy Rainfall,129,Unusually heavy rainfall causing urban flooding and infrastructure damage.,False
2024-09-10,Disaster,51,Kohima,25.7497,94.2384,27.7,8.9,Natural,River Overflow,45,River exceeding danger levels and breaching banks causing flooding.,True
2024-09-11,Disaster,66,Kochi,10.0066,76.2468,29.0,6.6,Natural,Flash Flood,137,Sudden flooding due to heavy rainfall overwhelming drainage systems.,False
2024-09-11,Medical,76,Goa,15.1732,74.1083,12.5,4.0,Healthcare,Malaria Surge,25,"Increased malaria cases reported in rural areas, requiring medical intervention.",False
2024-09-11,Disaster,82,Gwalior,26.2055,78.0016,26.6,4.6,Natural,Flash Flood,7,Sudden flooding due to heavy rainfall overwhelming drainage systems.,False
2024-09-11,Disaster,71,Goa,15.3835,74.2199,26.7,5.1,Natural,Heavy Rainfall,76,Unusually heavy rainfall causing urban flooding and infrastructure damage.,False
2024-09-11,Disaster,69,Aizawl,23.8837,92.9054,22.0,7.3,Natural,River Overflow,146,River exceeding danger levels and breaching banks causing flooding.,False
2024-09-12,Disaster,92,Raipur,21.158,81.7377,25.1,7.6,Natural,Heavy Rainfall,113,Unusually heavy rainfall causing urban flooding and infrastructure damage.,False
2024-09-12,Medical,153,Delhi,28.7783,77.3074,12.0,5.1,Healthcare,Cholera Outbreak,135,Waterborne cholera outbreak in affected areas following contamination of water sources.,False
2024-09-12,Disaster,83,Leh,34.3348,77.4365,27.7,9.0,Natural,Heavy Rainfall,55,Unusually heavy rainfall causing urban flooding and infrastructure damage.,True
2024-09-12,Disaster,78,Gwalior,26.3051,78.3503,30.5,4.7,Natural,Flash Flood,14,Sudden flooding due to heavy rainfall overwhelming drainage systems.,False
2024-09-12,Disaster,48,Coimbatore,11.0553,77.0021,32.3,5.4,Natural,Heavy Rainfall,99,Unusually heavy rainfall causing urban flooding and infrastructure damage.,False
2024-09-12,Disaster,45,Gangtok,27.4578,88.417,24.1,9.4,Natural,Heavy Rainfall,15,Unusually heavy rainfall causing urban flooding and infrastructure damage.,True
2024-09-12,Medical,143,Kolkata,22.5825,88.475,11.5,4.7,Healthcare,Leptospirosis Cases,100,Post-flood leptospirosis cases reported in affected areas.,False
2024-09-12,Medical,65,Raipur,21.3254,81.5339,10.1,5.4,Healthcare,Malaria Surge,61,"Increased malaria cases reported in rural areas, requiring medical intervention.",False
2024-09-12,Disaster,57,Visakhapatnam,17.6689,83.204,33.6,4.6,Natural,Monsoon Flooding,190,Widespread flooding due to monsoon rains affecting multiple areas.,False
2024-09-12,Medical,64,Jaipur,26.8325,75.649,13.6,6.7,Healthcare,Malaria Surge,5,"Increased malaria cases reported in rural areas, requiring medical intervention.",False
2024-09-13,Medical,62,Guwahati,26.2471,91.8485,13.0,6.5,Healthcare,Leptospirosis Cases,64,Post-flood leptospirosis cases reported in affected areas.,False
2024-09-13,Disaster,49,Jaipur,27.1107,75.9411,34.7,5.8,Natural,Heavy Rainfall,147,Unusually heavy rainfall causing urban flooding and infrastructure damage.,False
2024-09-13,Disaster,80,Leh,34.0272,77.3872,26.7,7.1,Natural,Flash Flood,80,Sudden flooding due to heavy rainfall overwhelming drainage systems.,False
2024-09-13,Medical,40,Nagpur,21.2292,79.2473,17.1,4.1,Healthcare,Dengue Outbreak,30,"Surge in dengue fever cases following monsoon rains, straining local healthcare facilities.",False
2024-09-13,Disaster,46,Vijayawada,16.3823,80.5901,21.2,7.8,Natural,Monsoon Flooding,161,Widespread flooding due to monsoon rains affecting multiple areas.,False
2024-09-13,Disaster,100,Mysore,12.2419,76.6307,34.1,7.1,Natural,Monsoon Flooding,144,Widespread flooding due to monsoon rains affecting multiple areas.,False
2024-09-13,Disaster,99,Mangalore,12.8135,74.9371,28.4,5.2,Natural,Heavy Rainfall,143,Unusually heavy rainfall causing urban flooding and infrastructure damage.,False
2024-09-13,Medical,40,Aizawl,23.532,92.5777,13.0,5.7,Healthcare,Leptospirosis Cases,40,Post-flood leptospirosis cases reported in affected areas.,False
2024-09-14,Disaster,44,Ranchi,23.3226,85.2186,33.2,4.9,Natural,River Overflow,56,River exceeding danger levels and breaching banks causing flooding.,False
2024-09-14,Disaster,54,Ahmedabad,23.0762,72.6869,24.4,7.9,Natural,Flash Flood,129,Sudden flooding due to heavy rainfall overwhelming drainage systems.,False
2024-09-14,Disaster,42,Vijayawada,16.4724,80.783,36.8,7.6,Natural,River Overflow,99,River exceeding danger levels and breaching banks causing flooding.,False
2024-09-14,Disaster,60,Chandigarh,30.6609,76.5829,20.9,4.8,Natural,Flash Flood,92,Sudden flooding due to heavy rainfall overwhelming drainage systems.,False
2024-09-14,Disaster,40,Varanasi,25.3788,83.1636,24.6,6.1,Natural,Flash Flood,45,Sudden flooding due to heavy rainfall overwhelming drainage systems.,False
2024-09-14,Disaster,43,Visakhapatnam,17.5223,83.1246,31.9,8.4,Natural,Flash Flood,145,Sudden flooding due to heavy rainfall overwhelming drainage systems.,True
2024-09-14,Medical,70,Gangtok,27.5321,88.4397,14.4,6.2,Healthcare,Cholera Outbreak,19,Waterborne cholera outbreak in affected areas following contamination of water sources.,False
2024-09-14,Medical,44,Nagpur,21.1663,79.1154,11.7,4.1,Healthcare,Malaria Surge,67,"Increased malaria cases reported in rural areas, requiring medical intervention.",False
2024-09-15,Disaster,45,Kochi,10.0289,76.3008,21.8,8.6,Natural,Monsoon Flooding,124,Widespread flooding due to monsoon rains affecting multiple areas.,True
2024-09-15,Medical,68,Aizawl,23.675,92.8929,14.0,2.9,Healthcare,Malaria Surge,120,"Increased malaria cases reported in rural areas, requiring medical intervention.",False
2024-09-15,Disaster,89,Varanasi,25.1807,82.9247,28.1,9.3,Natural,Flash Flood,54,Sudden flooding due to heavy rainfall overwhelming drainage systems.,True
2024-09-16,Disaster,63,Visakhapatnam,17.5733,83.1126,28.3,7.0,Natural,Landslide,132,Landslide triggered by heavy rainfall blocking roads and damaging structures.,False
2024-09-16,Medical,62,Dehradun,30.5154,77.844,12.8,6.1,Healthcare,Dengue Outbreak,123,"Surge in dengue fever cases following monsoon rains, straining local healthcare facilities.",False
2024-09-16,Disaster,232,Chennai,13.0561,80.206,17.6,5.4,Natural,Heavy Rainfall,76,Unusually heavy rainfall causing urban flooding and infrastructure damage.,True
2024-09-16,Medical,45,Indore,22.5496,75.9471,12.4,5.9,Healthcare,Cholera Outbreak,89,Waterborne cholera outbreak in affected areas following contamination of water sources.,False
2024-09-16,Medical,49,Kochi,9.7771,76.0706,13.2,3.5,Healthcare,Leptospirosis Cases,45,Post-flood leptospirosis cases reported in affected areas.,False
2024-09-17,Disaster,86,Jodhpur,26.2155,73.1546,22.5,9.2,Natural,Flash Flood,76,Sudden flooding due to heavy rainfall overwhelming drainage systems.,True
2024-09-17,Disaster,82,Vijayawada,16.3457,80.6764,29.9,6.7,Natural,Flash Flood,87,Sudden flooding due to heavy rainfall overwhelming drainage systems.,False
2024-09-17,Medical,34,Agra,27.2191,77.8659,12.8,7.0,Healthcare,Leptospirosis Cases,44,Post-flood leptospirosis cases reported in affected areas.,False
2024-09-17,Disaster,97,Mangalore,12.9491,74.9116,22.1,5.9,Natural,Flash Flood,70,Sudden flooding due to heavy rainfall overwhelming drainage systems.,False
2024-09-17,Disaster,42,Allahabad,25.5505,81.8204,22.7,4.8,Natural,Flash Flood,71,Sudden flooding due to heavy rainfall overwhelming drainage systems.,False
2024-09-17,Medical,64,Amritsar,31.5047,74.9361,15.4,2.2,Healthcare,Leptospirosis Cases,143,Post-flood leptospirosis cases reported in affected areas.,False
2024-09-17,Disaster,89,Indore,22.7412,75.9423,27.0,6.7,Natural,Flash Flood,20,Sudden flooding due to heavy rainfall overwhelming drainage systems.,False
2024-09-18,Disaster,41,Shillong,25.4132,91.7029,28.4,4.1,Natural,Heavy Rainfall,15,Unusually heavy rainfall causing urban flooding and infrastructure damage.,False
2024-09-18,Disaster,81,Leh,34.2696,77.6311,27.2,6.6,Natural,Heavy Rainfall,71,Unusually heavy rainfall causing urban flooding and infrastructure damage.,False
2024-09-18,Medical,48,Gangtok,27.199,88.7536,12.6,5.1,Healthcare,Leptospirosis Cases,18,Post-flood leptospirosis cases reported in affected areas.,False
2024-09-18,Medical,138,Delhi,28.4553,77.272,11.1,6.1,Healthcare,Dengue Outbreak,146,"Surge in dengue fever cases following monsoon rains, straining local healthcare facilities.",False
2024-09-18,Medical,35,Surat,20.978,72.7841,14.5,4.7,Healthcare,Cholera Outbreak,20,Waterborne cholera outbreak in affected areas following contamination of water sources.,False
2024-09-19,Medical,62,Ranchi,23.413,85.4231,14.2,6.2,Healthcare,Malaria Surge,19,"Increased malaria cases reported in rural areas, requiring medical intervention.",False
2024-09-19,Medical,59,Patna,25.4982,85.2167,14.8,3.9,Healthcare,Malaria Surge,81,"Increased malaria cases reported in rural areas, requiring medical intervention.",False
2024-09-19,Medical,48,Gangtok,27.2396,88.6518,13.6,5.9,Healthcare,Malaria Surge,148,"Increased malaria cases reported in rural areas, requiring medical intervention.",False
2024-09-19,Disaster,97,Bengaluru,12.9749,77.4703,23.2,7.9,Natural,River Overflow,7,River exceeding danger levels and breaching banks causing flooding.,False
2024-09-20,Medical,76,Goa,15.3188,74.0354,14.9,4.1,Healthcare,Dengue Outbreak,42,"Surge in dengue fever cases following monsoon rains, straining local healthcare facilities.",False
2024-09-20,Disaster,69,Mangalore,12.9188,74.9631,34.1,4.3,Natural,Landslide,108,Landslide triggered by heavy rainfall blocking roads and damaging structures.,False
2024-09-20,Disaster,71,Dehradun,30.2083,78.0288,19.8,4.2,Natural,River Overflow,106,River exceeding danger levels and breaching banks causing flooding.,False
2024-09-20,Medical,56,Kohima,25.8437,94.0625,12.6,2.2,Healthcare,Cholera Outbreak,108,Waterborne cholera outbreak in affected areas following contamination of water sources.,False
2024-09-20,Medical,40,Leh,33.9612,77.3972,16.2,5.9,Healthcare,Dengue Outbreak,119,"Surge in dengue fever cases following monsoon rains, straining local healthcare facilities.",False
2024-09-20,Disaster,41,Pune,18.4204,73.9334,17.0,6.5,Natural,Heavy Rainfall,105,Unusually heavy rainfall causing urban flooding and infrastructure damage.,False
2024-09-20,Disaster,101,Kolkata,22.6615,88.4174,18.4,7.2,Natural,River Overflow,131,River exceeding danger levels and breaching banks causing flooding.,False
2024-09-21,Disaster,43,Mysore,12.1424,76.4512,21.1,7.1,Natural,Heavy Rainfall,122,Unusually heavy rainfall causing urban flooding and infrastructure damage.,False
2024-09-21,Medical,37,Indore,22.6682,76.0313,13.0,4.4,Healthcare,Cholera Outbreak,137,Waterborne cholera outbreak in affected areas following contamination of water sources.,False
2024-09-21,Disaster,51,Bhopal,23.2643,77.2144,22.2,8.0,Natural,Heavy Rainfall,83,Unusually heavy rainfall causing urban flooding and infrastructure damage.,False
2024-09-21,Medical,76,Surat,21.0949,72.902,13.9,4.0,Healthcare,Dengue Outbreak,121,"Surge in dengue fever cases following monsoon rains, straining local healthcare facilities.",False
2024-09-21,Disaster,90,Gwalior,26.0349,78.1799,21.6,6.7,Natural,Flash Flood,87,Sudden flooding due to heavy rainfall overwhelming drainage systems.,False
2024-09-21,Disaster,91,Coimbatore,11.2088,77.1427,36.0,8.0,Natural,Flash Flood,80,Sudden flooding due to heavy rainfall overwhelming drainage systems.,False
2024-09-21,Disaster,52,Guwahati,26.0011,91.8792,29.9,4.3,Natural,Heavy Rainfall,128,Unusually heavy rainfall causing urban flooding and infrastructure damage.,False
2024-09-22,Disaster,88,Ahmedabad,22.9104,72.6701,15.3,4.9,Natural,River Overflow,82,River exceeding danger levels and breaching banks causing flooding.,False
2024-09-22,Disaster,87,Varanasi,25.4093,83.0489,33.6,4.5,Natural,River Overflow,98,River exceeding danger levels and breaching banks causing flooding.,False
2024-09-22,Medical,35,Agra,27.0511,77.9642,12.1,6.4,Healthcare,Cholera Outbreak,7,Waterborne cholera outbreak in affected areas following contamination of water sources.,False
2024-09-22,Disaster,69,Varanasi,25.1714,83.1099,24.6,6.5,Natural,Heavy Rainfall,64,Unusually heavy rainfall causing urban flooding and infrastructure damage.,False
2024-09-22,Disaster,96,Agra,27.3199,78.0263,26.1,4.1,Natural,Flash Flood,8,Sudden flooding due to heavy rainfall overwhelming drainage systems.,False
2024-09-23,Medical,30,Kochi,9.8832,76.446,16.8,2.3,Healthcare,Dengue Outbreak,150,"Surge in dengue fever cases following monsoon rains, straining local healthcare facilities.",False
2024-09-23,Disaster,64,Guwahati,26.0466,91.5472,34.0,5.7,Natural,Heavy Rainfall,105,Unusually heavy rainfall causing urban flooding and infrastructure damage.,False
2024-09-23,Medical,71,Gangtok,27.3257,88.6859,11.9,5.8,Healthcare,Cholera Outbreak,25,Waterborne cholera outbreak in affected areas following contamination of water sources.,False
2024-09-23,Disaster,41,Agra,27.1863,77.9879,25.7,4.6,Natural,Heavy Rainfall,54,Unusually heavy rainfall causing urban flooding and infrastructure damage.,False
2024-09-23,Medical,60,Amritsar,31.4521,74.7716,16.6,4.3,Healthcare,Cholera Outbreak,67,Waterborne cholera outbreak in affected areas following contamination of water sources.,False
2024-09-23,Disaster,66,Mumbai,19.1255,72.7837,19.5,7.7,Natural,Flash Flood,50,Sudden flooding due to heavy rainfall overwhelming drainage systems.,False
2024-09-24,Disaster,53,Bhubaneswar,20.2299,85.8277,25.1,4.7,Natural,Heavy Rainfall,136,Unusually heavy rainfall causing urban flooding and infrastructure damage.,False
2024-09-24,Disaster,45,Hyderabad,17.3588,78.5658,17.6,6.2,Natural,Landslide,105,Landslide triggered by heavy rainfall blocking roads and damaging structures.,False
2024-09-24,Medical,41,Surat,21.1962,72.7901,14.2,5.8,Healthcare,Dengue Outbreak,106,"Surge in dengue fever cases following monsoon rains, straining local healthcare facilities.",False
2024-09-24,Disaster,67,Mangalore,12.8845,74.745,30.8,8.9,Natural,Heavy Rainfall,67,Unusually heavy rainfall causing urban flooding and infrastructure damage.,True
2024-09-24,Medical,53,Ahmedabad,23.1249,72.6806,9.1,5.0,Healthcare,Cholera Outbreak,99,Waterborne cholera outbreak in affected areas following contamination of water sources.,False
2024-09-24,Medical,106,Kolkata,22.5665,88.5264,8.5,6.0,Healthcare,Malaria Surge,91,"Increased malaria cases reported in rural areas, requiring medical intervention.",False
2024-09-24,Disaster,59,Ahmedabad,22.8349,72.4198,23.1,4.1,Natural,Heavy Rainfall,83,Unusually heavy rainfall causing urban flooding and infrastructure damage.,False
2024-09-24,Disaster,73,Lucknow,26.7217,81.0246,25.1,9.1,Natural,Heavy Rainfall,121,Unusually heavy rainfall causing urban flooding and infrastructure damage.,True
2024-09-24,Disaster,89,Patna,25.6041,85.2577,26.2,8.7,Natural,River Overflow,54,River exceeding danger levels and breaching banks causing flooding.,True
2024-09-25,Disaster,97,Bengaluru,13.1573,77.4173,20.6,4.8,Natural,Heavy Rainfall,90,Unusually heavy rainfall causing urban flooding and infrastructure damage.,False
2024-09-25,Disaster,58,Nagpur,20.9608,78.9404,23.4,9.4,Natural,River Overflow,136,River exceeding danger levels and breaching banks causing flooding.,True
2024-09-25,Disaster,69,Coimbatore,10.824,76.9915,33.4,5.6,Natural,Heavy Rainfall,116,Unusually heavy rainfall causing urban flooding and infrastructure damage.,False
2024-09-25,Disaster,71,Jaipur,27.0825,75.9467,27.2,6.2,Natural,River Overflow,41,River exceeding danger levels and breaching banks causing flooding.,False
2024-09-25,Disaster,82,Surat,21.0874,72.6636,30.2,4.3,Natural,River Overflow,28,River exceeding danger levels and breaching banks causing flooding.,False
2024-09-26,Disaster,73,Imphal,24.9928,93.9767,21.5,6.5,Natural,Flash Flood,116,Sudden flooding due to heavy rainfall overwhelming drainage systems.,False
2024-09-26,Medical,34,Udaipur,24.5767,73.6426,14.5,2.6,Healthcare,Malaria Surge,42,"Increased malaria cases reported in rural areas, requiring medical intervention.",False
2024-09-26,Medical,51,Shillong,25.5697,91.8683,11.6,5.1,Healthcare,Dengue Outbreak,131,"Surge in dengue fever cases following monsoon rains, straining local healthcare facilities.",False
2024-09-26,Disaster,168,Bengaluru,12.9947,77.6282,21.6,5.4,Natural,Landslide,39,Landslide triggered by heavy rainfall blocking roads and damaging structures.,False
2024-09-27,Disaster,70,Coimbatore,11.0958,76.9845,25.4,5.0,Natural,Flash Flood,130,Sudden flooding due to heavy rainfall overwhelming drainage systems.,False
2024-09-27,Disaster,99,Allahabad,25.5323,82.0297,26.9,9.3,Natural,River Overflow,11,River exceeding danger levels and breaching banks causing flooding.,True
2024-09-27,Disaster,56,Thiruvananthapuram,8.3997,76.962,31.4,5.0,Natural,Monsoon Flooding,102,Widespread flooding due to monsoon rains affecting multiple areas.,False
2024-09-27,Disaster,72,Ahmedabad,23.2031,72.5986,22.0,6.9,Natural,Flash Flood,107,Sudden flooding due to heavy rainfall overwhelming drainage systems.,False
2024-09-27,Disaster,171,Bengaluru,12.7785,77.4253,22.7,5.6,Natural,River Overflow,56,River exceeding danger levels and breaching banks causing flooding.,False
2024-09-27,Disaster,61,Nagpur,21.0973,79.1133,30.2,5.3,Natural,Flash Flood,50,Sudden flooding due to heavy rainfall overwhelming drainage systems.,False
2024-09-27,Disaster,62,Vijayawada,16.4392,80.4657,30.5,8.0,Natural,Monsoon Flooding,127,Widespread flooding due to monsoon rains affecting multiple areas.,False
2024-09-27,Medical,58,Ranchi,23.2276,85.4525,12.5,6.7,Healthcare,Malaria Surge,115,"Increased malaria cases reported in rural areas, requiring medical intervention.",False
2024-09-27,Disaster,82,Lucknow,26.8714,80.9124,28.5,8.8,Natural,Heavy Rainfall,83,Unusually heavy rainfall causing urban flooding and infrastructure damage.,True
2024-09-27,Disaster,65,Kohima,25.4804,94.2279,21.5,6.2,Natural,River Overflow,145,River exceeding danger levels and breaching banks causing flooding.,False
2024-09-27,Disaster,84,Leh,34.2679,77.5597,22.7,7.6,Natural,Heavy Rainfall,149,Unusually heavy rainfall causing urban flooding and infrastructure damage.,False
2024-09-27,Disaster,83,Pune,18.3735,73.7147,22.3,6.9,Natural,Heavy Rainfall,32,Unusually heavy rainfall causing urban flooding and infrastructure damage.,False
2024-09-28,Disaster,40,Shimla,31.177,76.9786,21.3,9.3,Natural,River Overflow,51,River exceeding danger levels and breaching banks causing flooding.,True
2024-09-28,Medical,60,Vijayawada,16.6348,80.5947,12.2,3.9,Healthcare,Cholera Outbreak,96,Waterborne cholera outbreak in affected areas following contamination of water sources.,False
2024-09-28,Disaster,51,Bhubaneswar,20.3264,85.7682,27.3,7.2,Natural,Heavy Rainfall,6,Unusually heavy rainfall causing urban flooding and infrastructure damage.,False
2024-09-28,Medical,79,Jodhpur,26.218,73.1529,13.6,5.6,Healthcare,Malaria Surge,41,"Increased malaria cases reported in rural areas, requiring medical intervention.",False
2024-09-28,Disaster,55,Hyderabad,17.3115,78.391,21.6,7.1,Natural,Heavy Rainfall,65,Unusually heavy rainfall causing urban flooding and infrastructure damage.,False
2024-09-29,Medical,121,Delhi,28.4813,77.2558,11.3,4.2,Healthcare,Cholera Outbreak,62,Waterborne cholera outbreak in affected areas following contamination of water sources.,False
2024-09-29,Disaster,72,Patna,25.6418,85.07,29.6,9.4,Natural,Heavy Rainfall,6,Unusually heavy rainfall causing urban flooding and infrastructure damage.,True
2024-09-29,Disaster,95,Coimbatore,10.9168,76.7974,31.6,8.8,Natural,Landslide,121,Landslide triggered by heavy rainfall blocking roads and damaging structures.,True
2024-09-29,Disaster,65,Amritsar,31.709,74.8896,25.9,7.2,Natural,Heavy Rainfall,42,Unusually heavy rainfall causing urban flooding and infrastructure damage.,False
2024-09-30,Disaster,93,Jodhpur,26.4146,73.0382,26.2,8.3,Natural,River Overflow,140,River exceeding danger levels and breaching banks causing flooding.,True
2024-09-30,Disaster,45,Patna,25.4373,85.302,27.4,8.0,Natural,Flash Flood,63,Sudden flooding due to heavy rainfall overwhelming drainage systems.,False
2024-09-30,Disaster,72,Goa,15.3964,74.0218,30.5,8.2,Natural,Heavy Rainfall,32,Unusually heavy rainfall causing urban flooding and infrastructure damage.,True
2024-09-30,Medical,52,Shimla,30.9752,77.0292,16.5,5.4,Healthcare,Cholera Outbreak,64,Waterborne cholera outbreak in affected areas following contamination of water sources.,False
2024-09-30,Medical,66,Indore,22.7432,75.7743,11.9,4.9,Healthcare,Leptospirosis Cases,31,Post-flood leptospirosis cases reported in affected areas.,False
2024-09-30,Medical,64,Chandigarh,30.9234,76.6432,13.7,2.7,Healthcare,Dengue Outbreak,50,"Surge in dengue fever cases following monsoon rains, straining local healthcare facilities.",False
2024-10-01,Medical,77,Thiruvananthapuram,8.6066,76.9255,13.2,7.0,Healthcare,Hepatitis Outbreak,84,Outbreak of hepatitis cases linked to contaminated water sources.,False
2024-10-01,Disaster,40,Pune,18.3992,73.8292,24.4,8.1,Natural,Heavy Rainfall,70,Unusually heavy rainfall causing urban flooding and infrastructure damage.,True
2024-10-01,Medical,141,Bengaluru,12.9349,77.6554,11.5,3.7,Healthcare,Heatstroke Wave,88,"Multiple cases of heatstroke amid extreme temperatures, affecting vulnerable populations.",False
2024-10-01,Police,55,Amritsar,31.5369,74.9013,9.1,7.0,Catastrophic,Gas Leak,12,Toxic gas leak from industrial facility affecting nearby residential areas.,False
2024-10-02,Police,59,Lucknow,26.8326,80.7537,9.6,7.2,Catastrophic,Construction Site Accident,94,Accident at major construction site requiring emergency response.,False
2024-10-02,Disaster,297,Aizawl,23.6423,92.6353,30.3,9.3,Natural,Earthquake,112,Seismic activity causing structural damage and disruption.,True
2024-10-02,Police,98,Bengaluru,12.7978,77.7686,7.5,6.5,Catastrophic,Construction Site Accident,91,Accident at major construction site requiring emergency response.,False
2024-10-02,Police,58,Allahabad,25.5187,81.8789,11.0,7.5,Catastrophic,Dam Breach,121,Partial breach of dam structure causing downstream flooding concerns.,False
2024-10-02,Medical,48,Leh,33.9928,77.4854,16.3,3.5,Healthcare,Heatstroke Wave,10,"Multiple cases of heatstroke amid extreme temperatures, affecting vulnerable populations.",False
2024-10-03,Disaster,72,Imphal,24.9446,93.8185,30.0,8.1,Natural,Avalanche,17,Snow avalanche in mountainous regions blocking roads and causing casualties.,True
2024-10-03,Medical,476,Kolkata,22.6801,88.2113,11.9,6.0,Healthcare,COVID-19 Cluster,84,Local outbreak of COVID-19 cases requiring medical response and containment measures.,True
2024-10-03,Police,43,Mysore,12.2821,76.7721,9.8,9.7,Catastrophic,Construction Site Accident,62,Accident at major construction site requiring emergency response.,True
2024-10-03,Disaster,45,Odisha,20.631,84.4339,32.9,4.3,Natural,River Overflow,36,River exceeding danger levels and breaching banks causing flooding.,False
2024-10-03,Disaster,46,Pune,18.5169,73.9879,16.4,5.8,Natural,Heavy Rainfall,147,Unusually heavy rainfall causing urban flooding and infrastructure damage.,False
2024-10-03,Disaster,77,Indore,22.5241,75.7235,24.0,8.3,Catastrophic,Dam Breach,112,Partial breach of dam structure causing downstream flooding concerns.,True
2024-10-03,Fire,27,Aizawl,23.5942,92.7686,14.8,6.0,Catastrophic,Market Fire,116,Major fire in crowded market area causing property damage and business disruption.,False
2024-10-03,Disaster,58,Nagpur,21.2635,79.1982,23.1,8.3,Natural,Avalanche,143,Snow avalanche in mountainous regions blocking roads and causing casualties.,True
2024-10-03,Medical,178,Kolkata,22.3924,88.4937,10.5,4.3,Healthcare,Swine Flu Cluster,93,H1N1 influenza cases detected requiring enhanced surveillance and medical response.,False
2024-10-04,Medical,64,Kochi,9.8719,76.1248,14.9,8.0,Catastrophic,Dam Breach,47,Partial breach of dam structure causing downstream flooding concerns.,False
2024-10-04,Disaster,162,Coimbatore,10.8489,77.141,21.0,7.1,Natural,Earthquake,38,Seismic activity causing structural damage and disruption.,False
2024-10-04,Disaster,65,Shillong,25.6455,92.0559,29.4,6.7,Natural,Cold Wave,65,Severe cold conditions affecting normal life and causing health emergencies.,False
2024-10-04,Disaster,96,Leh,34.3295,77.5999,22.7,8.8,Natural,Cold Wave,107,Severe cold conditions affecting normal life and causing health emergencies.,True
2024-10-04,Disaster,133,Delhi,28.5291,77.3613,17.7,6.5,Catastrophic,Power Plant Failure,110,Critical failure at power generation facility affecting power supply.,False
2024-10-04,Disaster,117,Udaipur,24.5474,73.5425,29.5,5.9,Natural,Earthquake,16,Seismic activity causing structural damage and disruption.,False
2024-10-04,Disaster,48,Pune,18.3364,74.0282,19.7,9.2,Natural,Flash Flood,114,Sudden flooding due to heavy rainfall overwhelming drainage systems.,True
2024-10-04,Disaster,46,Kochi,9.7541,76.3054,26.7,6.2,Natural,Flash Flood,18,Sudden flooding due to heavy rainfall overwhelming drainage systems.,False
2024-10-05,Medical,77,Jaipur,27.102,75.8546,16.1,3.6,Healthcare,Heatstroke Wave,26,"Multiple cases of heatstroke amid extreme temperatures, affecting vulnerable populations.",False
2024-10-05,Medical,59,Udaipur,24.4522,73.5597,15.2,7.9,Catastrophic,Gas Leak,117,Toxic gas leak from industrial facility affecting nearby residential areas.,False
2024-10-05,Medical,43,Agartala,23.966,91.1373,10.9,2.7,Healthcare,Cholera Outbreak,78,Waterborne cholera outbreak in affected areas following contamination of water sources.,False
2024-10-05,Disaster,65,Jodhpur,26.361,72.8657,29.0,5.7,Natural,Avalanche,16,Snow avalanche in mountainous regions blocking roads and causing casualties.,False
2024-10-05,Disaster,96,Bhopal,23.2655,77.6091,24.2,9.0,Catastrophic,Tunnel Collapse,79,Collapse in tunnel structure trapping vehicles and people.,True
2024-10-06,Medical,41,Shillong,25.5918,91.8182,15.7,3.2,Healthcare,Gastroenteritis Outbreak,47,"Outbreak of gastroenteritis affecting multiple communities, likely from contaminated water.",False
2024-10-06,Medical,33,Vadodara,22.3183,73.2224,11.5,2.9,Healthcare,Dengue Outbreak,96,"Surge in dengue fever cases following monsoon rains, straining local healthcare facilities.",False
2024-10-06,Disaster,56,Agartala,23.7889,91.2377,21.8,7.4,Catastrophic,Bridge Collapse,86,Collapse of bridge structure affecting transportation and causing casualties.,False
2024-10-06,Disaster,70,Agartala,23.6848,91.3514,32.9,8.9,Natural,Monsoon Flooding,167,Widespread flooding due to monsoon rains affecting multiple areas.,True
2024-10-06,Medical,53,Ahmedabad,22.8669,72.3832,9.0,4.2,Healthcare,Hepatitis Outbreak,53,Outbreak of hepatitis cases linked to contaminated water sources.,False
2024-10-06,Medical,61,Jodhpur,26.2142,73.007,15.7,3.7,Healthcare,Cholera Outbreak,111,Waterborne cholera outbreak in affected areas following contamination of water sources.,False
2024-10-07,Medical,74,Vadodara,22.4199,73.0603,13.3,4.0,Healthcare,Encephalitis Cluster,11,"Cluster of encephalitis cases reported, primarily affecting children in the region.",False
2024-10-07,Medical,47,Goa,15.223,74.07,15.4,3.3,Healthcare,Malaria Surge,87,"Increased malaria cases reported in rural areas, requiring medical intervention.",False
2024-10-07,Medical,73,Hyderabad,17.4316,78.6089,11.4,8.0,Catastrophic,Gas Leak,15,Toxic gas leak from industrial facility affecting nearby residential areas.,False
2024-10-07,Medical,72,Bhopal,23.2931,77.6105,10.7,5.7,Healthcare,Mumps Cases,108,Multiple mumps cases reported in schools and communities.,False
2024-10-07,Medical,56,Vadodara,22.38,73.1748,12.2,3.1,Healthcare,Mumps Cases,62,Multiple mumps cases reported in schools and communities.,False
2024-10-08,Disaster,50,Gwalior,26.0362,78.3032,24.2,6.7,Natural,Flash Flood,87,Sudden flooding due to heavy rainfall overwhelming drainage systems.,False
2024-10-08,Fire,36,Lucknow,26.65,80.9132,18.1,8.5,Catastrophic,Dam Breach,128,Partial breach of dam structure causing downstream flooding concerns.,True
2024-10-08,Disaster,89,Aizawl,23.8121,92.7388,27.5,7.8,Natural,Drought,156,Prolonged dry period affecting agriculture and water availability.,False
2024-10-08,Medical,32,Allahabad,25.3005,81.7603,16.0,6.7,Catastrophic,Oil Spill,27,Oil spill in water body affecting marine life and coastal communities.,False
2024-10-08,Disaster,79,Varanasi,25.3505,83.0253,30.7,7.5,Natural,Lightning Strike Incident,24,Multiple lightning strikes causing casualties and property damage.,False
2024-10-08,Fire,34,Amritsar,31.7873,74.7255,13.1,6.6,Catastrophic,Industrial Fire,118,Major fire at industrial facility requiring evacuation and specialized response.,False
2024-10-08,Disaster,410,Kolkata,22.5142,88.2012,21.6,6.4,Natural,Cyclone,176,Tropical cyclone making landfall with strong winds and heavy rainfall causing widespread damage.,True
2024-10-09,Police,29,Ahmedabad,23.1815,72.6286,8.9,7.6,Catastrophic,Structural Failure,13,Critical structural failure in public infrastructure requiring evacuation.,False
2024-10-09,Disaster,51,Indore,22.5466,75.7004,30.6,5.2,Natural,Heatwave,78,Prolonged period of extremely high temperatures affecting vulnerable populations.,False
2024-10-09,Fire,35,Agartala,23.6354,91.1726,18.3,9.7,Catastrophic,Industrial Fire,65,Major fire at industrial facility requiring evacuation and specialized response.,True
2024-10-09,Fire,14,Mangalore,12.744,74.7997,14.4,7.4,Catastrophic,Refinery Fire,149,Fire at oil refinery requiring specialized firefighting and evacuation.,False
2024-10-09,Disaster,74,Chandigarh,30.7442,76.7393,27.6,7.1,Natural,Drought,93,Prolonged dry period affecting agriculture and water availability.,False
2024-10-09,Fire,22,Indore,22.8411,75.7634,18.5,8.6,Catastrophic,Market Fire,127,Major fire in crowded market area causing property damage and business disruption.,True
2024-10-09,Medical,53,Srinagar,34.0568,74.7191,12.5,3.4,Healthcare,Food Poisoning Incident,110,Mass food poisoning incident requiring emergency medical response.,False
2024-10-09,Medical,59,Bhubaneswar,20.2978,85.6335,15.9,5.4,Healthcare,Gastroenteritis Outbreak,120,"Outbreak of gastroenteritis affecting multiple communities, likely from contaminated water.",False
2024-10-09,Medical,52,Pune,18.5295,73.9373,8.7,4.1,Healthcare,Hepatitis Outbreak,20,Outbreak of hepatitis cases linked to contaminated water sources.,False
2024-10-10,Fire,26,Agartala,23.6676,91.2546,17.9,8.6,Catastrophic,Market Fire,125,Major fire in crowded market area causing property damage and business disruption.,True
2024-10-10,Police,36,Gangtok,27.1723,88.7893,13.8,8.4,Catastrophic,Industrial Accident,74,Accident at industrial facility causing multiple injuries and damage.,True
2024-10-10,Police,47,Vijayawada,16.6113,80.8161,9.0,8.8,Catastrophic,Mine Collapse,82,Collapse in mining operation trapping workers underground.,True
2024-10-10,Police,29,Jodhpur,26.4307,72.83,12.8,9.0,Catastrophic,Mine Collapse,88,Collapse in mining operation trapping workers underground.,True
2024-10-10,Fire,30,Udaipur,24.4908,73.5266,16.0,7.5,Catastrophic,Refinery Fire,100,Fire at oil refinery requiring specialized firefighting and evacuation.,False
2024-10-11,Disaster,55,Guwahati,26.2462,91.7401,24.9,7.2,Catastrophic,Building Collapse,80,Multi-story building collapse trapping residents and causing casualties.,False
2024-10-11,Medical,73,Leh,34.0455,77.7561,11.4,6.4,Healthcare,Food Poisoning Incident,111,Mass food poisoning incident requiring emergency medical response.,False
2024-10-11,Fire,28,Mangalore,13.0495,74.9247,12.7,6.2,Catastrophic,Chemical Spill,46,Hazardous chemical spill affecting surrounding areas and water bodies.,False
2024-10-11,Fire,30,Patna,25.5909,85.3244,17.8,7.8,Catastrophic,Industrial Fire,39,Major fire at industrial facility requiring evacuation and specialized response.,False
2024-10-11,Disaster,42,Nagpur,20.9593,78.9994,24.1,6.7,Natural,Avalanche,58,Snow avalanche in mountainous regions blocking roads and causing casualties.,False
2024-10-11,Disaster,137,Guwahati,26.2046,91.9309,19.8,5.5,Natural,Earthquake,115,Seismic activity causing structural damage and disruption.,False
2024-10-11,Medical,80,Shimla,31.054,77.2242,11.1,6.2,Catastrophic,Dam Breach,12,Partial breach of dam structure causing downstream flooding concerns.,False
2024-10-11,Disaster,42,Patna,25.4134,85.0357,28.6,9.1,Catastrophic,Road Collapse,53,Major road collapse due to structural failure or subsidence.,True
2024-10-11,Medical,35,Amritsar,31.7001,74.8488,13.0,6.5,Healthcare,Cholera Outbreak,32,Waterborne cholera outbreak in affected areas following contamination of water sources.,False
2024-10-11,Disaster,58,Mangalore,13.0969,74.7493,25.4,8.0,Natural,Coastal Erosion,148,Accelerated coastal erosion threatening coastal communities and infrastructure.,False
2024-10-12,Disaster,55,Indore,22.8873,76.0441,32.8,7.4,Natural,Heavy Rainfall,75,Unusually heavy rainfall causing urban flooding and infrastructure damage.,False
2024-10-12,Medical,62,Gwalior,26.2847,78.2895,16.8,2.2,Healthcare,Dengue Outbreak,139,"Surge in dengue fever cases following monsoon rains, straining local healthcare facilities.",False
2024-10-12,Fire,26,Goa,15.204,74.1019,14.0,8.6,Natural,Forest Fire,77,Wildfire spreading through forest areas threatening nearby settlements.,True
2024-10-12,Medical,116,Bengaluru,12.8761,77.4928,8.2,2.0,Healthcare,Malaria Surge,78,"Increased malaria cases reported in rural areas, requiring medical intervention.",False
2024-10-12,Disaster,60,Visakhapatnam,17.6774,83.0297,29.5,6.6,Natural,Landslide,64,Landslide triggered by heavy rainfall blocking roads and damaging structures.,False
2024-10-12,Disaster,55,Lucknow,27.0245,80.9843,24.2,5.7,Natural,Heavy Rainfall,38,Unusually heavy rainfall causing urban flooding and infrastructure damage.,False
2024-10-12,Fire,38,Thiruvananthapuram,8.505,77.105,18.4,4.2,Natural,Forest Fire,65,Wildfire spreading through forest areas threatening nearby settlements.,False
2024-10-13,Medical,53,Coimbatore,11.1627,76.8927,17.3,3.0,Healthcare,Hepatitis Outbreak,82,Outbreak of hepatitis cases linked to contaminated water sources.,False
2024-10-13,Disaster,72,Vadodara,22.2091,73.0139,29.6,5.4,Natural,Flash Flood,146,Sudden flooding due to heavy rainfall overwhelming drainage systems.,False
2024-10-13,Medical,78,Raipur,21.0726,81.6728,15.7,7.0,Healthcare,Malaria Surge,95,"Increased malaria cases reported in rural areas, requiring medical intervention.",False
2024-10-13,Disaster,76,Raipur,21.3156,81.4924,30.9,5.2,Natural,Monsoon Flooding,190,Widespread flooding due to monsoon rains affecting multiple areas.,False
2024-10-13,Fire,32,Ranchi,23.3857,85.1675,15.7,9.6,Catastrophic,Factory Explosion,50,Explosion at manufacturing facility causing casualties and structural damage.,True
2024-10-13,Disaster,158,Bengaluru,12.8829,77.7827,21.8,8.6,Natural,Thunderstorm,25,Severe thunderstorm with lightning causing damages and injuries.,True
2024-10-14,Medical,81,Bengaluru,12.8016,77.5744,10.7,4.7,Healthcare,Encephalitis Cluster,17,"Cluster of encephalitis cases reported, primarily affecting children in the region.",False
2024-10-14,Disaster,175,Mumbai,18.9437,72.7196,16.1,9.1,Natural,Coastal Erosion,52,Accelerated coastal erosion threatening coastal communities and infrastructure.,True
2024-10-14,Medical,80,Odisha,20.4092,84.5046,15.2,3.4,Healthcare,Cholera Outbreak,149,Waterborne cholera outbreak in affected areas following contamination of water sources.,False
2024-10-14,Police,38,Gwalior,26.1072,78.1519,11.7,9.2,Catastrophic,Stadium Stampede,73,Crowd control incident at stadium leading to injuries.,True
2024-10-14,Disaster,98,Raipur,21.3852,81.7611,23.1,8.0,Natural,Drought,198,Prolonged dry period affecting agriculture and water availability.,False
2024-10-14,Medical,59,Agartala,23.9404,91.2323,12.0,3.7,Healthcare,Influenza Outbreak,141,Seasonal influenza outbreak with higher than normal hospitalization rates.,False
2024-10-14,Fire,28,Aizawl,23.7405,92.8618,15.1,8.8,Catastrophic,Gas Leak,16,Toxic gas leak from industrial facility affecting nearby residential areas.,True
2024-10-14,Medical,42,Mysore,12.2546,76.8086,10.7,4.3,Healthcare,Malaria Surge,54,"Increased malaria cases reported in rural areas, requiring medical intervention.",False
2024-10-15,Medical,45,Bhubaneswar,20.3876,86.0232,14.5,6.4,Healthcare,Gastroenteritis Outbreak,79,"Outbreak of gastroenteritis affecting multiple communities, likely from contaminated water.",False
2024-10-15,Medical,80,Chandigarh,30.7267,76.929,10.4,3.7,Healthcare,Dengue Outbreak,100,"Surge in dengue fever cases following monsoon rains, straining local healthcare facilities.",False
2024-10-15,Disaster,40,Visakhapatnam,17.8519,83.3132,23.4,8.7,Natural,Flash Flood,34,Sudden flooding due to heavy rainfall overwhelming drainage systems.,True
2024-10-15,Medical,68,Patna,25.4445,84.9415,12.8,2.8,Healthcare,Gastroenteritis Outbreak,69,"Outbreak of gastroenteritis affecting multiple communities, likely from contaminated water.",False
2024-10-15,Medical,58,Udaipur,24.6998,73.8593,13.1,6.2,Healthcare,Leptospirosis Cases,31,Post-flood leptospirosis cases reported in affected areas.,False
2024-10-16,Disaster,86,Vadodara,22.3691,73.1276,30.4,6.0,Natural,River Overflow,144,River exceeding danger levels and breaching banks causing flooding.,False
2024-10-16,Disaster,70,Lucknow,26.6952,80.9799,28.9,9.2,Natural,Avalanche,9,Snow avalanche in mountainous regions blocking roads and causing casualties.,True
2024-10-16,Fire,20,Udaipur,24.5673,73.5194,20.1,6.8,Catastrophic,Chemical Spill,84,Hazardous chemical spill affecting surrounding areas and water bodies.,False
2024-10-16,Disaster,218,Jodhpur,26.4281,72.8721,20.8,8.5,Natural,Cyclone,194,Tropical cyclone making landfall with strong winds and heavy rainfall causing widespread damage.,True
2024-10-16,Fire,36,Kohima,25.8642,94.2059,15.3,6.9,Catastrophic,Factory Explosion,45,Explosion at manufacturing facility causing casualties and structural damage.,False
2024-10-16,Disaster,63,Lucknow,26.7019,81.1189,29.6,6.8,Natural,Cloudburst,88,Extremely heavy rainfall in a short period causing flash flooding in mountainous areas.,False
2024-10-17,Medical,40,Guwahati,26.2485,91.8345,12.3,3.8,Healthcare,Leptospirosis Cases,75,Post-flood leptospirosis cases reported in affected areas.,False
2024-10-17,Disaster,69,Visakhapatnam,17.8301,83.3223,31.8,7.6,Natural,Drought,90,Prolonged dry period affecting agriculture and water availability.,False
2024-10-17,Disaster,87,Bhubaneswar,20.4512,85.8643,26.7,8.2,Catastrophic,Bridge Collapse,26,Collapse of bridge structure affecting transportation and causing casualties.,True
2024-10-17,Medical,74,Nagpur,21.2267,79.0366,15.4,3.2,Healthcare,Food Poisoning Incident,32,Mass food poisoning incident requiring emergency medical response.,False
2024-10-17,Medical,57,Mumbai,19.0384,72.6832,11.2,3.2,Healthcare,Food Poisoning Incident,34,Mass food poisoning incident requiring emergency medical response.,False
2024-10-17,Disaster,87,Nagpur,20.992,79.2864,27.0,6.6,Catastrophic,Train Derailment,129,Passenger train derailment incident requiring emergency response.,False
2024-10-17,Disaster,73,Kochi,9.893,76.1996,22.9,8.3,Catastrophic,Mine Collapse,104,Collapse in mining operation trapping workers underground.,True
2024-10-17,Fire,18,Guwahati,25.9665,91.732,15.2,9.4,Catastrophic,Refinery Fire,70,Fire at oil refinery requiring specialized firefighting and evacuation.,True
2024-10-17,Disaster,58,Aizawl,23.8939,92.6121,34.2,5.0,Natural,Dust Storm,130,Severe dust storm reducing visibility and causing respiratory issues.,False
2024-10-17,Disaster,87,Raipur,21.2289,81.4621,32.3,6.5,Natural,Landslide,18,Landslide triggered by heavy rainfall blocking roads and damaging structures.,False
2024-10-18,Disaster,92,Leh,34.2169,77.5113,34.2,5.8,Natural,Avalanche,74,Snow avalanche in mountainous regions blocking roads and causing casualties.,False
2024-10-18,Medical,53,Agra,27.3623,77.8162,13.2,2.1,Healthcare,Hepatitis Outbreak,65,Outbreak of hepatitis cases linked to contaminated water sources.,False
2024-10-18,Medical,161,Mumbai,19.2304,72.9519,11.0,6.9,Healthcare,Malaria Surge,61,"Increased malaria cases reported in rural areas, requiring medical intervention.",False
2024-10-18,Disaster,53,Kohima,25.5232,93.9764,25.1,8.3,Natural,Heavy Rainfall,21,Unusually heavy rainfall causing urban flooding and infrastructure damage.,True
2024-10-18,Medical,74,Ahmedabad,22.9654,72.5379,8.4,5.5,Healthcare,Leptospirosis Cases,106,Post-flood leptospirosis cases reported in affected areas.,False
2024-10-18,Disaster,139,Chennai,13.2717,80.3479,17.3,7.2,Catastrophic,Industrial Accident,86,Accident at industrial facility causing multiple injuries and damage.,False
2024-10-18,Disaster,77,Agra,27.144,78.1423,27.7,8.9,Natural,Drought,136,Prolonged dry period affecting agriculture and water availability.,True
2024-10-18,Disaster,51,Bhopal,23.1848,77.3185,23.6,6.2,Catastrophic,Stadium Stampede,11,Crowd control incident at stadium leading to injuries.,False
2024-10-18,Medical,54,Vadodara,22.1189,73.1248,15.8,4.5,Healthcare,Encephalitis Cluster,33,"Cluster of encephalitis cases reported, primarily affecting children in the region.",False
2024-10-18,Disaster,46,Allahabad,25.5478,81.7215,36.1,6.8,Natural,Thunderstorm,121,Severe thunderstorm with lightning causing damages and injuries.,False
2024-10-19,Disaster,79,Jaipur,26.7314,75.7346,27.5,7.3,Natural,Flash Flood,59,Sudden flooding due to heavy rainfall overwhelming drainage systems.,False
2024-10-19,Disaster,45,Odisha,20.4342,84.4574,29.0,7.1,Natural,Dust Storm,57,Severe dust storm reducing visibility and causing respiratory issues.,False
2024-10-19,Disaster,91,Guwahati,26.0957,91.8087,29.4,6.6,Natural,Coastal Flooding,59,Coastal areas inundated due to high tides and storm surge.,False
2024-10-19,Police,41,Visakhapatnam,17.7916,83.2216,9.9,9.7,Catastrophic,Building Collapse,142,Multi-story building collapse trapping residents and causing casualties.,True
2024-10-19,Disaster,90,Indore,22.8774,75.7252,29.6,8.1,Natural,Thunderstorm,127,Severe thunderstorm with lightning causing damages and injuries.,True
2024-10-19,Fire,17,Gwalior,26.3171,78.0059,19.0,7.5,Catastrophic,Factory Explosion,118,Explosion at manufacturing facility causing casualties and structural damage.,False
2024-10-19,Disaster,63,Bhubaneswar,20.3051,85.8115,26.9,6.4,Natural,Coastal Flooding,79,Coastal areas inundated due to high tides and storm surge.,False
2024-10-19,Medical,74,Bhubaneswar,20.1526,85.997,14.0,2.5,Healthcare,Mumps Cases,23,Multiple mumps cases reported in schools and communities.,False
2024-10-20,Disaster,47,Jaipur,26.9068,75.6991,19.7,8.5,Catastrophic,Bridge Collapse,73,Collapse of bridge structure affecting transportation and causing casualties.,True
2024-10-20,Medical,65,Jaipur,26.9937,75.714,10.9,4.8,Healthcare,Food Poisoning Incident,120,Mass food poisoning incident requiring emergency medical response.,False
2024-10-20,Disaster,78,Ranchi,23.4511,85.4501,21.6,8.0,Natural,River Overflow,58,River exceeding danger levels and breaching banks causing flooding.,False
2024-10-20,Police,105,Bengaluru,13.1335,77.4015,8.2,6.8,Catastrophic,Structural Failure,82,Critical structural failure in public infrastructure requiring evacuation.,False
2024-10-20,Medical,52,Raipur,21.4408,81.8174,14.7,7.8,Catastrophic,Power Plant Failure,16,Critical failure at power generation facility affecting power supply.,False
2024-10-20,Fire,37,Srinagar,34.2727,74.9915,18.2,7.2,Catastrophic,Factory Explosion,45,Explosion at manufacturing facility causing casualties and structural damage.,False
2024-10-20,Fire,10,Indore,22.7305,75.6651,12.3,8.1,Catastrophic,Industrial Fire,91,Major fire at industrial facility requiring evacuation and specialized response.,True
2024-10-20,Disaster,225,Mysore,12.3953,76.6635,34.3,4.9,Natural,Cyclone,153,Tropical cyclone making landfall with strong winds and heavy rainfall causing widespread damage.,True
2024-10-20,Medical,36,Jaipur,26.9345,75.8246,14.2,6.7,Catastrophic,Oil Spill,141,Oil spill in water body affecting marine life and coastal communities.,False
2024-10-20,Medical,42,Nagpur,21.2544,79.2329,13.5,5.4,Healthcare,Gastroenteritis Outbreak,26,"Outbreak of gastroenteritis affecting multiple communities, likely from contaminated water.",False
2024-10-20,Disaster,59,Allahabad,25.3075,81.8257,26.9,9.4,Natural,Cold Wave,110,Severe cold conditions affecting normal life and causing health emergencies.,True
2024-10-21,Medical,45,Surat,21.0495,72.8329,12.0,3.3,Healthcare,Cholera Outbreak,73,Waterborne cholera outbreak in affected areas following contamination of water sources.,False
2024-10-21,Disaster,202,Delhi,28.7141,77.3888,23.3,8.9,Natural,Coastal Erosion,44,Accelerated coastal erosion threatening coastal communities and infrastructure.,True
2024-10-21,Disaster,59,Indore,22.7667,75.9273,19.3,4.9,Natural,Dust Storm,121,Severe dust storm reducing visibility and causing respiratory issues.,False
2024-10-21,Disaster,51,Jaipur,26.8138,75.789,31.2,9.6,Catastrophic,Industrial Accident,64,Accident at industrial facility causing multiple injuries and damage.,True
2024-10-21,Medical,32,Kochi,9.7761,76.3682,11.9,4.9,Healthcare,Gastroenteritis Outbreak,105,"Outbreak of gastroenteritis affecting multiple communities, likely from contaminated water.",False
2024-10-21,Disaster,51,Mysore,12.462,76.5177,29.0,4.3,Natural,Flash Flood,32,Sudden flooding due to heavy rainfall overwhelming drainage systems.,False
2024-10-21,Medical,52,Allahabad,25.6163,81.8975,12.0,2.4,Healthcare,Mumps Cases,94,Multiple mumps cases reported in schools and communities.,False
2024-10-21,Medical,30,Srinagar,34.2644,74.7715,13.1,9.1,Catastrophic,Power Plant Failure,49,Critical failure at power generation facility affecting power supply.,True
2024-10-21,Disaster,50,Agartala,23.832,91.1433,26.8,6.8,Natural,River Overflow,81,River exceeding danger levels and breaching banks causing flooding.,False
2024-10-21,Fire,29,Coimbatore,10.9609,76.7741,15.8,6.1,Catastrophic,Factory Explosion,99,Explosion at manufacturing facility causing casualties and structural damage.,False
2024-10-21,Medical,75,Vijayawada,16.6426,80.4903,14.5,3.1,Healthcare,Measles Outbreak,60,Measles outbreak reported in communities with low vaccination coverage.,False
2024-10-21,Medical,75,Allahabad,25.4605,81.7955,12.0,3.3,Healthcare,Cholera Outbreak,139,Waterborne cholera outbreak in affected areas following contamination of water sources.,False
2024-10-22,Fire,33,Delhi,28.7951,77.0296,11.6,7.2,Catastrophic,Power Plant Failure,134,Critical failure at power generation facility affecting power supply.,False
2024-10-22,Disaster,57,Dehradun,30.2981,77.9494,28.0,8.4,Natural,Avalanche,147,Snow avalanche in mountainous regions blocking roads and causing casualties.,True
2024-10-22,Police,33,Shimla,31.1326,77.1377,10.7,8.1,Catastrophic,Construction Site Accident,50,Accident at major construction site requiring emergency response.,True
2024-10-22,Medical,35,Odisha,20.4969,84.6438,11.7,2.1,Healthcare,Encephalitis Cluster,101,"Cluster of encephalitis cases reported, primarily affecting children in the region.",False
2024-10-22,Medical,119,Delhi,28.5467,77.2277,10.5,3.7,Healthcare,Malaria Surge,42,"Increased malaria cases reported in rural areas, requiring medical intervention.",False
2024-10-22,Disaster,54,Ahmedabad,22.9616,72.4866,17.1,8.3,Natural,Coastal Erosion,108,Accelerated coastal erosion threatening coastal communities and infrastructure.,True
2024-10-22,Disaster,117,Vijayawada,16.3658,80.5248,29.7,4.5,Natural,Cyclone,147,Tropical cyclone making landfall with strong winds and heavy rainfall causing widespread damage.,False
2024-10-22,Disaster,63,Pune,18.3596,74.0485,23.0,7.0,Catastrophic,Power Plant Failure,21,Critical failure at power generation facility affecting power supply.,False
2024-10-23,Disaster,40,Nagpur,20.9847,79.1007,24.7,9.3,Natural,Cold Wave,83,Severe cold conditions affecting normal life and causing health emergencies.,True
2024-10-23,Police,43,Ahmedabad,22.8528,72.4725,7.1,6.6,Catastrophic,Building Collapse,111,Multi-story building collapse trapping residents and causing casualties.,False
2024-10-23,Disaster,81,Indore,22.8846,76.0569,22.3,9.0,Natural,Heavy Rainfall,82,Unusually heavy rainfall causing urban flooding and infrastructure damage.,True
2024-10-23,Disaster,68,Jaipur,27.041,75.874,24.9,8.6,Catastrophic,Power Plant Failure,81,Critical failure at power generation facility affecting power supply.,True
2024-10-23,Disaster,51,Odisha,20.5511,84.4935,25.9,6.0,Natural,Cold Wave,140,Severe cold conditions affecting normal life and causing health emergencies.,False
2024-10-23,Disaster,58,Allahabad,25.3309,81.8741,26.7,4.4,Natural,Cold Wave,118,Severe cold conditions affecting normal life and causing health emergencies.,False
2024-10-23,Disaster,93,Agra,27.1761,78.0152,26.2,6.5,Natural,Drought,111,Prolonged dry period affecting agriculture and water availability.,False
2024-10-23,Police,38,Jodhpur,26.1614,73.1546,13.3,7.3,Catastrophic,Chemical Spill,73,Hazardous chemical spill affecting surrounding areas and water bodies.,False
2024-10-24,Medical,80,Visakhapatnam,17.5717,83.1763,10.9,4.2,Healthcare,Encephalitis Cluster,66,"Cluster of encephalitis cases reported, primarily affecting children in the region.",False
2024-10-24,Fire,37,Shillong,25.6818,91.7601,14.9,7.2,Catastrophic,Factory Explosion,25,Explosion at manufacturing facility causing casualties and structural damage.,False
2024-10-24,Disaster,78,Lucknow,26.975,80.7505,18.8,6.4,Natural,Heatwave,109,Prolonged period of extremely high temperatures affecting vulnerable populations.,False
2024-10-24,Medical,177,Chandigarh,30.7229,76.6953,12.1,5.5,Healthcare,COVID-19 Cluster,108,Local outbreak of COVID-19 cases requiring medical response and containment measures.,False
2024-10-24,Disaster,91,Guwahati,26.3367,91.6965,30.3,4.8,Natural,Cold Wave,127,Severe cold conditions affecting normal life and causing health emergencies.,False
2024-10-24,Medical,76,Agartala,23.8914,91.2582,13.6,4.6,Healthcare,Encephalitis Cluster,128,"Cluster of encephalitis cases reported, primarily affecting children in the region.",False
2024-10-25,Disaster,162,Bengaluru,13.0427,77.6743,24.4,5.9,Natural,Cloudburst,101,Extremely heavy rainfall in a short period causing flash flooding in mountainous areas.,False
2024-10-25,Disaster,99,Bhopal,23.4117,77.5193,35.3,7.5,Natural,Cold Wave,100,Severe cold conditions affecting normal life and causing health emergencies.,False
2024-10-25,Medical,57,Mysore,12.1219,76.5194,15.8,4.5,Healthcare,Cholera Outbreak,129,Waterborne cholera outbreak in affected areas following contamination of water sources.,False
2024-10-25,Disaster,46,Thiruvananthapuram,8.5624,76.7954,32.2,6.9,Catastrophic,Chemical Spill,60,Hazardous chemical spill affecting surrounding areas and water bodies.,False
2024-10-25,Medical,70,Amritsar,31.4625,74.9098,12.8,4.0,Healthcare,Mumps Cases,73,Multiple mumps cases reported in schools and communities.,False
2024-10-25,Disaster,63,Shimla,31.1625,77.1439,27.7,6.9,Natural,Avalanche,53,Snow avalanche in mountainous regions blocking roads and causing casualties.,False
2024-10-25,Fire,22,Kohima,25.5224,94.1203,17.1,8.4,Catastrophic,Refinery Fire,108,Fire at oil refinery requiring specialized firefighting and evacuation.,True
2024-10-26,Medical,55,Ahmedabad,22.8882,72.4658,9.2,8.2,Catastrophic,Gas Leak,7,Toxic gas leak from industrial facility affecting nearby residential areas.,True
2024-10-26,Medical,49,Thiruvananthapuram,8.4933,77.1193,13.3,8.6,Catastrophic,Chemical Spill,97,Hazardous chemical spill affecting surrounding areas and water bodies.,True
2024-10-26,Medical,39,Agra,27.0742,77.8199,11.0,4.4,Healthcare,Dengue Outbreak,115,"Surge in dengue fever cases following monsoon rains, straining local healthcare facilities.",False
2024-10-26,Disaster,44,Nagpur,21.0628,79.22,27.4,8.6,Catastrophic,Building Collapse,125,Multi-story building collapse trapping residents and causing casualties.,True
2024-10-26,Medical,74,Guwahati,26.1625,91.6705,15.0,2.9,Healthcare,Mumps Cases,142,Multiple mumps cases reported in schools and communities.,False
2024-10-26,Medical,69,Shillong,25.7045,92.0272,14.5,2.3,Healthcare,Swine Flu Cluster,75,H1N1 influenza cases detected requiring enhanced surveillance and medical response.,False
2024-10-26,Disaster,85,Vadodara,22.3134,73.0379,29.7,8.1,Natural,Cloudburst,9,Extremely heavy rainfall in a short period causing flash flooding in mountainous areas.,True
2024-10-27,Medical,74,Visakhapatnam,17.8488,83.2241,14.5,2.4,Healthcare,Encephalitis Cluster,5,"Cluster of encephalitis cases reported, primarily affecting children in the region.",False
2024-10-27,Medical,76,Kochi,9.8356,76.1249,16.2,6.0,Catastrophic,Train Derailment,80,Passenger train derailment incident requiring emergency response.,False
2024-10-27,Disaster,90,Srinagar,34.1054,74.793,32.4,8.4,Catastrophic,Bridge Collapse,115,Collapse of bridge structure affecting transportation and causing casualties.,True
2024-10-27,Fire,24,Hyderabad,17.4198,78.4143,11.4,7.4,Catastrophic,Refinery Fire,62,Fire at oil refinery requiring specialized firefighting and evacuation.,False
2024-10-27,Medical,121,Hyderabad,17.3474,78.3894,9.6,4.6,Healthcare,COVID-19 Cluster,10,Local outbreak of COVID-19 cases requiring medical response and containment measures.,False
2024-10-27,Disaster,95,Gwalior,26.1936,78.0942,30.5,7.8,Catastrophic,Road Collapse,137,Major road collapse due to structural failure or subsidence.,False
2024-10-27,Disaster,43,Dehradun,30.4569,78.0499,25.7,7.2,Natural,Thunderstorm,58,Severe thunderstorm with lightning causing damages and injuries.,False
2024-10-28,Disaster,60,Thiruvananthapuram,8.5488,76.9119,32.7,7.2,Natural,Thunderstorm,33,Severe thunderstorm with lightning causing damages and injuries.,False
2024-10-28,Disaster,100,Ahmedabad,23.1522,72.5503,22.2,9.0,Catastrophic,Tunnel Collapse,76,Collapse in tunnel structure trapping vehicles and people.,True
2024-10-28,Fire,19,Bhopal,23.1391,77.2846,16.2,8.8,Natural,Forest Fire,71,Wildfire spreading through forest areas threatening nearby settlements.,True
2024-10-28,Medical,74,Bhubaneswar,20.1561,85.9376,12.3,2.9,Healthcare,Gastroenteritis Outbreak,12,"Outbreak of gastroenteritis affecting multiple communities, likely from contaminated water.",False
2024-10-29,Medical,62,Jaipur,26.9519,75.6663,12.7,6.0,Healthcare,Measles Outbreak,59,Measles outbreak reported in communities with low vaccination coverage.,False
2024-10-29,Medical,32,Hyderabad,17.2125,78.6437,8.6,5.4,Healthcare,Mumps Cases,23,Multiple mumps cases reported in schools and communities.,False
2024-10-29,Disaster,42,Patna,25.6557,85.0047,31.0,6.6,Natural,Cold Wave,105,Severe cold conditions affecting normal life and causing health emergencies.,False
2024-10-29,Medical,35,Guwahati,26.1794,91.6399,11.4,5.9,Healthcare,Food Poisoning Incident,52,Mass food poisoning incident requiring emergency medical response.,False
2024-10-29,Medical,49,Goa,15.472,73.9814,10.1,6.8,Healthcare,Malaria Surge,46,"Increased malaria cases reported in rural areas, requiring medical intervention.",False
2024-10-29,Fire,37,Agartala,23.696,91.3118,15.8,6.8,Catastrophic,Gas Leak,35,Toxic gas leak from industrial facility affecting nearby residential areas.,False
2024-10-29,Medical,102,Kolkata,22.5214,88.2823,8.3,5.9,Healthcare,Food Poisoning Incident,141,Mass food poisoning incident requiring emergency medical response.,False
2024-10-29,Medical,48,Patna,25.6034,85.2789,11.9,2.0,Healthcare,Gastroenteritis Outbreak,37,"Outbreak of gastroenteritis affecting multiple communities, likely from contaminated water.",False
2024-10-30,Medical,198,Aizawl,23.6094,92.7949,12.6,6.1,Healthcare,COVID-19 Cluster,92,Local outbreak of COVID-19 cases requiring medical response and containment measures.,False
2024-10-30,Disaster,85,Nagpur,21.1575,79.1349,36.8,6.4,Natural,Heatwave,87,Prolonged period of extremely high temperatures affecting vulnerable populations.,False
2024-10-30,Disaster,302,Mangalore,12.8581,75.0558,21.4,7.6,Natural,Earthquake,17,Seismic activity causing structural damage and disruption.,True
2024-10-30,Medical,60,Gangtok,27.1497,88.7769,15.4,3.6,Healthcare,Cholera Outbreak,49,Waterborne cholera outbreak in affected areas following contamination of water sources.,False
2024-10-30,Medical,79,Jodhpur,26.214,72.9886,13.7,2.8,Healthcare,Leptospirosis Cases,91,Post-flood leptospirosis cases reported in affected areas.,False
2024-10-31,Fire,28,Bhubaneswar,20.1168,85.881,19.0,9.1,Catastrophic,Structural Failure,66,Critical structural failure in public infrastructure requiring evacuation.,True
2024-10-31,Fire,26,Leh,34.2949,77.7378,18.9,9.6,Catastrophic,Industrial Fire,105,Major fire at industrial facility requiring evacuation and specialized response.,True
2024-10-31,Fire,33,Jodhpur,26.4266,73.0113,17.1,8.9,Catastrophic,Oil Spill,136,Oil spill in water body affecting marine life and coastal communities.,True
2024-10-31,Medical,37,Bhubaneswar,20.3028,85.6904,12.8,4.8,Healthcare,Heatstroke Wave,39,"Multiple cases of heatstroke amid extreme temperatures, affecting vulnerable populations.",False
2024-10-31,Fire,24,Allahabad,25.3982,82.0046,18.0,8.7,Catastrophic,Factory Explosion,94,Explosion at manufacturing facility causing casualties and structural damage.,True
2024-10-31,Medical,74,Imphal,24.8527,94.0659,13.3,5.9,Healthcare,Hepatitis Outbreak,24,Outbreak of hepatitis cases linked to contaminated water sources.,False
2024-10-31,Police,26,Visakhapatnam,17.5686,83.3216,11.4,8.8,Catastrophic,Chemical Spill,45,Hazardous chemical spill affecting surrounding areas and water bodies.,True
2024-10-31,Disaster,65,Raipur,21.2491,81.5728,30.8,8.7,Natural,Monsoon Flooding,144,Widespread flooding due to monsoon rains affecting multiple areas.,True
2024-10-31,Medical,33,Odisha,20.6746,84.6775,13.1,6.7,Healthcare,Dengue Outbreak,110,"Surge in dengue fever cases following monsoon rains, straining local healthcare facilities.",False
2024-10-31,Police,40,Dehradun,30.1537,78.1084,10.8,7.5,Catastrophic,Gas Leak,52,Toxic gas leak from industrial facility affecting nearby residential areas.,False
2024-11-01,Medical,116,Jodhpur,26.2251,73.113,10.7,3.6,Healthcare,COVID-19 Cluster,54,Local outbreak of COVID-19 cases requiring medical response and containment measures.,False
2024-11-01,Medical,42,Mysore,12.1939,76.7216,14.0,5.9,Healthcare,Measles Outbreak,138,Measles outbreak reported in communities with low vaccination coverage.,False
2024-11-01,Disaster,71,Gwalior,26.3246,78.2451,20.5,4.6,Natural,Cold Wave,96,Severe cold conditions affecting normal life and causing health emergencies.,False
2024-11-01,Police,21,Goa,15.2157,74.2122,12.3,9.2,Catastrophic,Building Collapse,102,Multi-story building collapse trapping residents and causing casualties.,True
2024-11-01,Disaster,60,Shillong,25.6041,92.0685,33.0,5.6,Natural,Fog-Related Accidents,138,Fog-Related Accidents requiring emergency response.,False
2024-11-01,Fire,34,Odisha,20.3234,84.456,15.6,4.1,Natural,Forest Fire,51,Wildfire spreading through forest areas threatening nearby settlements.,False
2024-11-01,Disaster,85,Kochi,10.0985,76.2331,30.9,6.8,Catastrophic,Train Derailment,48,Passenger train derailment incident requiring emergency response.,False
2024-11-01,Police,60,Kochi,9.8077,76.3897,11.8,7.0,Catastrophic,Building Collapse,83,Multi-story building collapse trapping residents and causing casualties.,False
2024-11-01,Medical,143,Patna,25.4927,85.3183,13.6,2.9,Healthcare,COVID-19 Cluster,100,Local outbreak of COVID-19 cases requiring medical response and containment measures.,False
2024-11-01,Disaster,77,Visakhapatnam,17.7346,83.0711,23.9,7.6,Catastrophic,Train Derailment,85,Passenger train derailment incident requiring emergency response.,False
2024-11-01,Medical,45,Aizawl,23.7849,92.726,11.2,3.8,Healthcare,Malaria Surge,51,"Increased malaria cases reported in rural areas, requiring medical intervention.",False
2024-11-02,Disaster,77,Nagpur,21.2669,78.9445,29.0,6.8,Natural,Coastal Flooding,146,Coastal areas inundated due to high tides and storm surge.,False
2024-11-02,Medical,204,Kohima,25.5613,94.147,15.1,5.8,Healthcare,COVID-19 Cluster,134,Local outbreak of COVID-19 cases requiring medical response and containment measures.,True
2024-11-02,Disaster,99,Guwahati,25.9534,91.5988,29.3,9.4,Natural,Cold Wave,71,Severe cold conditions affecting normal life and causing health emergencies.,True
2024-11-03,Disaster,90,Odisha,20.4504,84.4854,32.2,9.8,Catastrophic,Tunnel Collapse,116,Collapse in tunnel structure trapping vehicles and people.,True
2024-11-03,Disaster,74,Shillong,25.4983,91.9385,32.9,6.1,Natural,Fog-Related Accidents,138,Fog-Related Accidents requiring emergency response.,False
2024-11-03,Fire,16,Thiruvananthapuram,8.669,76.7714,16.1,7.0,Catastrophic,Industrial Fire,117,Major fire at industrial facility requiring evacuation and specialized response.,False
2024-11-04,Police,55,Ahmedabad,22.9204,72.7061,10.0,8.6,Catastrophic,Stadium Stampede,73,Crowd control incident at stadium leading to injuries.,True
2024-11-04,Medical,119,Chandigarh,30.7618,76.7717,11.5,4.7,Healthcare,COVID-19 Cluster,72,Local outbreak of COVID-19 cases requiring medical response and containment measures.,False
2024-11-04,Disaster,44,Hyderabad,17.2585,78.3124,21.4,7.5,Natural,Flash Flood,39,Sudden flooding due to heavy rainfall overwhelming drainage systems.,False
2024-11-04,Medical,153,Shimla,31.2497,77.0505,15.0,3.4,Healthcare,COVID-19 Cluster,89,Local outbreak of COVID-19 cases requiring medical response and containment measures.,False
2024-11-05,Disaster,69,Ahmedabad,23.0326,72.6202,16.3,9.2,Catastrophic,Power Plant Failure,98,Critical failure at power generation facility affecting power supply.,True
2024-11-05,Police,56,Pune,18.4048,73.8338,8.9,9.3,Catastrophic,Mine Collapse,59,Collapse in mining operation trapping workers underground.,True
2024-11-05,Disaster,47,Jaipur,26.9452,75.6406,23.4,5.3,Natural,Cold Wave,125,Severe cold conditions affecting normal life and causing health emergencies.,False
2024-11-05,Disaster,84,Mysore,12.1702,76.5036,22.2,4.9,Natural,Monsoon Flooding,105,Widespread flooding due to monsoon rains affecting multiple areas.,False
2024-11-05,Medical,73,Guwahati,26.1635,91.5703,11.0,4.0,Healthcare,Influenza Outbreak,81,Seasonal influenza outbreak with higher than normal hospitalization rates.,False
2024-11-05,Disaster,99,Jaipur,27.0021,75.7297,34.8,7.4,Natural,Fog-Related Accidents,72,Fog-Related Accidents requiring emergency response.,False
2024-11-05,Disaster,83,Varanasi,25.5098,82.9248,25.9,6.2,Natural,Cold Wave,146,Severe cold conditions affecting normal life and causing health emergencies.,False
2024-11-05,Disaster,56,Agra,27.282,77.9132,24.0,8.7,Natural,Fog-Related Accidents,136,Fog-Related Accidents requiring emergency response.,True
2024-11-06,Disaster,65,Jodhpur,26.0938,72.9426,28.0,4.6,Natural,Cold Wave,135,Severe cold conditions affecting normal life and causing health emergencies.,False
2024-11-06,Disaster,74,Odisha,20.507,84.3145,29.6,8.9,Catastrophic,Stadium Stampede,107,Crowd control incident at stadium leading to injuries.,True
2024-11-06,Medical,66,Agartala,24.0218,91.125,11.6,6.0,Healthcare,Encephalitis Cluster,62,"Cluster of encephalitis cases reported, primarily affecting children in the region.",False
2024-11-06,Medical,74,Shimla,30.9846,76.9902,14.5,2.2,Healthcare,Influenza Outbreak,123,Seasonal influenza outbreak with higher than normal hospitalization rates.,False
2024-11-06,Disaster,62,Kochi,9.8125,76.4037,28.3,8.5,Catastrophic,Construction Site Accident,27,Accident at major construction site requiring emergency response.,True
2024-11-07,Disaster,72,Guwahati,26.343,91.7964,30.6,8.0,Natural,Fog-Related Accidents,119,Fog-Related Accidents requiring emergency response.,False
2024-11-07,Police,23,Bhubaneswar,20.2144,86.0215,11.0,9.8,Catastrophic,Bridge Collapse,31,Collapse of bridge structure affecting transportation and causing casualties.,True
2024-11-07,Disaster,93,Dehradun,30.3089,77.9044,31.0,7.0,Natural,Fog-Related Accidents,90,Fog-Related Accidents requiring emergency response.,False
2024-11-07,Disaster,72,Chennai,12.9923,80.112,20.2,6.2,Natural,Lightning Strike Incident,12,Multiple lightning strikes causing casualties and property damage.,False
2024-11-07,Disaster,71,Amritsar,31.8184,74.9863,24.4,4.5,Natural,Fog-Related Accidents,106,Fog-Related Accidents requiring emergency response.,False
2024-11-07,Disaster,58,Hyderabad,17.2826,78.6641,17.9,5.8,Natural,Heavy Rainfall,100,Unusually heavy rainfall causing urban flooding and infrastructure damage.,False
2024-11-07,Disaster,266,Chennai,13.1357,80.1525,18.9,8.5,Natural,Earthquake,20,Seismic activity causing structural damage and disruption.,True
2024-11-07,Medical,115,Chennai,13.1694,80.4533,10.8,5.4,Healthcare,Gastroenteritis Outbreak,104,"Outbreak of gastroenteritis affecting multiple communities, likely from contaminated water.",False
2024-11-07,Medical,75,Lucknow,26.7123,80.8393,13.0,3.4,Healthcare,Influenza Outbreak,100,Seasonal influenza outbreak with higher than normal hospitalization rates.,False
2024-11-07,Disaster,98,Vadodara,22.4633,73.2704,22.5,6.4,Natural,Drought,111,Prolonged dry period affecting agriculture and water availability.,False
2024-11-07,Medical,51,Mangalore,12.7591,74.9459,15.0,6.1,Healthcare,Heatstroke Wave,86,"Multiple cases of heatstroke amid extreme temperatures, affecting vulnerable populations.",False
2024-11-07,Disaster,122,Mumbai,18.8771,72.9713,18.1,7.9,Natural,Coastal Erosion,116,Accelerated coastal erosion threatening coastal communities and infrastructure.,False
2024-11-08,Fire,23,Indore,22.5695,75.7811,15.0,8.2,Catastrophic,Factory Explosion,7,Explosion at manufacturing facility causing casualties and structural damage.,True
2024-11-08,Medical,72,Bengaluru,12.9515,77.4609,11.4,5.2,Healthcare,Gastroenteritis Outbreak,9,"Outbreak of gastroenteritis affecting multiple communities, likely from contaminated water.",False
2024-11-08,Disaster,154,Coimbatore,10.8804,76.9186,22.1,4.4,Natural,Earthquake,144,Seismic activity causing structural damage and disruption.,False
2024-11-08,Disaster,56,Guwahati,26.0708,91.8362,34.0,6.4,Natural,Cold Wave,128,Severe cold conditions affecting normal life and causing health emergencies.,False
2024-11-08,Disaster,43,Kohima,25.7156,94.1565,28.3,6.5,Natural,Cold Wave,98,Severe cold conditions affecting normal life and causing health emergencies.,False
2024-11-08,Medical,77,Bhopal,23.1803,77.3114,14.8,4.2,Healthcare,Cholera Outbreak,146,Waterborne cholera outbreak in affected areas following contamination of water sources.,False
2024-11-08,Disaster,64,Vadodara,22.3368,73.3708,24.0,5.5,Natural,Heavy Rainfall,103,Unusually heavy rainfall causing urban flooding and infrastructure damage.,False
2024-11-08,Medical,62,Kohima,25.5806,94.1497,12.1,5.7,Healthcare,Influenza Outbreak,104,Seasonal influenza outbreak with higher than normal hospitalization rates.,False
2024-11-09,Disaster,99,Shillong,25.7164,92.0923,30.3,5.0,Natural,Cold Wave,79,Severe cold conditions affecting normal life and causing health emergencies.,False
2024-11-09,Medical,67,Pune,18.4322,74.0405,8.8,5.8,Healthcare,Swine Flu Cluster,117,H1N1 influenza cases detected requiring enhanced surveillance and medical response.,False
2024-11-09,Disaster,95,Jodhpur,26.2728,72.9826,23.3,8.4,Natural,Fog-Related Accidents,81,Fog-Related Accidents requiring emergency response.,True
2024-11-09,Medical,76,Coimbatore,11.0851,76.8032,10.9,6.7,Healthcare,Influenza Outbreak,87,Seasonal influenza outbreak with higher than normal hospitalization rates.,False
2024-11-09,Medical,72,Varanasi,25.2317,82.8018,12.3,3.2,Healthcare,Influenza Outbreak,79,Seasonal influenza outbreak with higher than normal hospitalization rates.,False
2024-11-09,Fire,36,Odisha,20.4287,84.3044,15.0,8.4,Catastrophic,Refinery Fire,26,Fire at oil refinery requiring specialized firefighting and evacuation.,True
2024-11-09,Medical,124,Mumbai,19.0917,72.7551,8.7,5.7,Healthcare,Heatstroke Wave,115,"Multiple cases of heatstroke amid extreme temperatures, affecting vulnerable populations.",False
2024-11-10,Disaster,54,Aizawl,23.7625,92.8131,23.7,4.1,Natural,Cloudburst,42,Extremely heavy rainfall in a short period causing flash flooding in mountainous areas.,False
2024-11-10,Disaster,88,Dehradun,30.2557,77.8513,29.6,6.1,Natural,Fog-Related Accidents,62,Fog-Related Accidents requiring emergency response.,False
2024-11-10,Disaster,93,Leh,34.1591,77.7343,22.0,7.7,Natural,Heavy Snowfall,14,Heavy Snowfall requiring emergency response.,False
2024-11-10,Medical,68,Nagpur,21.2332,79.1153,14.3,4.0,Healthcare,Cholera Outbreak,61,Waterborne cholera outbreak in affected areas following contamination of water sources.,False
2024-11-10,Disaster,48,Mangalore,12.9242,74.9596,24.7,7.8,Natural,Dust Storm,63,Severe dust storm reducing visibility and causing respiratory issues.,False
2024-11-10,Disaster,68,Udaipur,24.5552,73.9065,22.5,9.2,Natural,Cold Wave,60,Severe cold conditions affecting normal life and causing health emergencies.,True
2024-11-10,Medical,39,Raipur,21.4456,81.6193,12.6,5.7,Healthcare,Mumps Cases,80,Multiple mumps cases reported in schools and communities.,False
2024-11-10,Disaster,95,Indore,22.5631,75.7035,20.1,7.5,Catastrophic,Mine Collapse,110,Collapse in mining operation trapping workers underground.,False
2024-11-10,Fire,37,Mumbai,19.1538,72.971,14.2,6.5,Catastrophic,Market Fire,20,Major fire in crowded market area causing property damage and business disruption.,False
2024-11-10,Medical,64,Srinagar,34.0191,74.6417,13.2,5.7,Healthcare,Influenza Outbreak,139,Seasonal influenza outbreak with higher than normal hospitalization rates.,False
2024-11-10,Medical,233,Patna,25.6528,85.1901,14.6,2.9,Healthcare,COVID-19 Cluster,81,Local outbreak of COVID-19 cases requiring medical response and containment measures.,True
2024-11-10,Disaster,123,Bengaluru,13.0232,77.7895,16.1,8.0,Natural,River Overflow,39,River exceeding danger levels and breaching banks causing flooding.,False
2024-11-11,Medical,163,Bengaluru,13.0558,77.6784,11.7,2.5,Healthcare,Food Poisoning Incident,10,Mass food poisoning incident requiring emergency medical response.,False
2024-11-11,Disaster,180,Bengaluru,13.1334,77.6512,15.7,8.9,Catastrophic,Mine Collapse,8,Collapse in mining operation trapping workers underground.,True
2024-11-11,Disaster,99,Odisha,20.5748,84.4534,19.8,4.2,Natural,River Overflow,111,River exceeding danger levels and breaching banks causing flooding.,False
2024-11-11,Disaster,47,Goa,15.1233,74.2613,19.2,7.2,Natural,Cold Wave,102,Severe cold conditions affecting normal life and causing health emergencies.,False
2024-11-11,Disaster,97,Chandigarh,30.5862,76.6126,21.3,7.6,Natural,Cold Wave,143,Severe cold conditions affecting normal life and causing health emergencies.,False
2024-11-11,Medical,192,Nagpur,21.006,78.9395,13.5,5.6,Healthcare,COVID-19 Cluster,5,Local outbreak of COVID-19 cases requiring medical response and containment measures.,False
2024-11-11,Disaster,68,Mangalore,12.7457,75.0511,20.6,7.3,Catastrophic,Bridge Collapse,106,Collapse of bridge structure affecting transportation and causing casualties.,False
2024-11-12,Medical,80,Shillong,25.5756,91.9931,10.9,2.3,Healthcare,Influenza Outbreak,41,Seasonal influenza outbreak with higher than normal hospitalization rates.,False
2024-11-12,Disaster,77,Gwalior,26.3373,77.9856,35.5,6.9,Natural,Cold Wave,60,Severe cold conditions affecting normal life and causing health emergencies.,False
2024-11-12,Fire,13,Agartala,23.7366,91.4118,15.1,7.3,Catastrophic,Industrial Fire,124,Major fire at industrial facility requiring evacuation and specialized response.,False
2024-11-12,Medical,51,Jaipur,26.9421,75.7471,9.8,3.2,Healthcare,Influenza Outbreak,147,Seasonal influenza outbreak with higher than normal hospitalization rates.,False
2024-11-13,Medical,103,Mumbai,19.2001,73.0642,10.2,5.5,Healthcare,Dengue Outbreak,143,"Surge in dengue fever cases following monsoon rains, straining local healthcare facilities.",False
2024-11-13,Medical,102,Udaipur,24.6517,73.529,13.8,2.9,Healthcare,COVID-19 Cluster,144,Local outbreak of COVID-19 cases requiring medical response and containment measures.,False
2024-11-13,Medical,156,Amritsar,31.7992,75.0379,14.5,4.9,Healthcare,COVID-19 Cluster,22,Local outbreak of COVID-19 cases requiring medical response and containment measures.,False
2024-11-13,Fire,24,Imphal,24.9877,93.7575,17.5,7.5,Catastrophic,Industrial Fire,32,Major fire at industrial facility requiring evacuation and specialized response.,False
2024-11-14,Medical,69,Coimbatore,10.8251,76.9673,14.3,5.8,Healthcare,Leptospirosis Cases,66,Post-flood leptospirosis cases reported in affected areas.,False
2024-11-14,Medical,30,Visakhapatnam,17.682,83.2649,14.1,5.3,Healthcare,Swine Flu Cluster,55,H1N1 influenza cases detected requiring enhanced surveillance and medical response.,False
2024-11-14,Disaster,62,Raipur,21.2644,81.8114,30.0,5.2,Natural,Lightning Strike Incident,137,Multiple lightning strikes causing casualties and property damage.,False
2024-11-14,Disaster,85,Coimbatore,10.9443,77.0677,34.5,5.7,Natural,Landslide,63,Landslide triggered by heavy rainfall blocking roads and damaging structures.,False
2024-11-14,Disaster,128,Chennai,13.062,80.2012,17.9,4.0,Natural,Thunderstorm,69,Severe thunderstorm with lightning causing damages and injuries.,False
2024-11-15,Fire,53,Mumbai,18.9432,72.8242,12.8,6.8,Catastrophic,Stadium Stampede,109,Crowd control incident at stadium leading to injuries.,False
2024-11-15,Medical,85,Chennai,13.26,80.2663,10.9,3.4,Healthcare,Mumps Cases,136,Multiple mumps cases reported in schools and communities.,False
2024-11-15,Medical,61,Bhubaneswar,20.3699,85.6309,13.6,4.4,Healthcare,Cholera Outbreak,133,Waterborne cholera outbreak in affected areas following contamination of water sources.,False
2024-11-15,Disaster,45,Allahabad,25.3976,81.9888,35.3,8.4,Natural,Cold Wave,118,Severe cold conditions affecting normal life and causing health emergencies.,True
2024-11-15,Disaster,48,Raipur,21.1057,81.4845,33.3,9.4,Natural,Dust Storm,44,Severe dust storm reducing visibility and causing respiratory issues.,True
2024-11-15,Disaster,91,Vadodara,22.2335,73.1758,33.2,6.9,Natural,Heavy Rainfall,42,Unusually heavy rainfall causing urban flooding and infrastructure damage.,False
2024-11-16,Disaster,58,Jaipur,26.9694,75.9226,30.4,5.0,Natural,Fog-Related Accidents,58,Fog-Related Accidents requiring emergency response.,False
2024-11-16,Fire,20,Mysore,12.4908,76.7379,18.5,8.6,Catastrophic,Oil Spill,144,Oil spill in water body affecting marine life and coastal communities.,True
2024-11-16,Disaster,69,Vadodara,22.2399,73.0077,31.2,8.5,Catastrophic,Chemical Spill,61,Hazardous chemical spill affecting surrounding areas and water bodies.,True
2024-11-16,Disaster,76,Aizawl,23.7408,92.645,29.5,7.8,Natural,Drought,124,Prolonged dry period affecting agriculture and water availability.,False
2024-11-16,Medical,137,Chennai,12.9411,80.4211,8.3,3.9,Healthcare,Gastroenteritis Outbreak,102,"Outbreak of gastroenteritis affecting multiple communities, likely from contaminated water.",False
2024-11-16,Disaster,65,Srinagar,34.18,74.8856,36.5,8.3,Natural,Heavy Snowfall,70,Heavy Snowfall requiring emergency response.,True
2024-11-16,Medical,134,Jodhpur,26.3107,73.0455,11.1,2.2,Healthcare,COVID-19 Cluster,133,Local outbreak of COVID-19 cases requiring medical response and containment measures.,False
2024-11-16,Medical,67,Raipur,21.3554,81.7217,13.9,3.6,Healthcare,Food Poisoning Incident,128,Mass food poisoning incident requiring emergency medical response.,False
2024-11-17,Disaster,54,Guwahati,25.9604,91.745,26.3,8.1,Natural,Fog-Related Accidents,25,Fog-Related Accidents requiring emergency response.,True
2024-11-17,Fire,12,Pune,18.5627,73.9874,10.1,9.7,Catastrophic,Market Fire,26,Major fire in crowded market area causing property damage and business disruption.,True
2024-11-17,Police,71,Mumbai,19.1293,72.69,8.7,6.5,Catastrophic,Mine Collapse,51,Collapse in mining operation trapping workers underground.,False
2024-11-17,Police,54,Mangalore,13.0335,75.0366,14.5,9.2,Catastrophic,Mine Collapse,115,Collapse in mining operation trapping workers underground.,True
2024-11-17,Medical,77,Surat,21.0101,72.7179,11.7,7.6,Catastrophic,Gas Leak,114,Toxic gas leak from industrial facility affecting nearby residential areas.,False
2024-11-17,Disaster,44,Nagpur,21.0454,79.2775,27.4,4.9,Natural,Cold Wave,66,Severe cold conditions affecting normal life and causing health emergencies.,False
2024-11-17,Medical,61,Raipur,21.1024,81.6802,10.7,5.5,Healthcare,Encephalitis Cluster,77,"Cluster of encephalitis cases reported, primarily affecting children in the region.",False
2024-11-17,Medical,109,Gangtok,27.4868,88.7447,15.8,5.7,Healthcare,COVID-19 Cluster,69,Local outbreak of COVID-19 cases requiring medical response and containment measures.,False
2024-11-17,Disaster,67,Coimbatore,11.016,76.8008,24.8,8.9,Natural,Heatwave,96,Prolonged period of extremely high temperatures affecting vulnerable populations.,True
2024-11-17,Disaster,77,Gangtok,27.3338,88.6221,29.3,6.7,Natural,Cold Wave,97,Severe cold conditions affecting normal life and causing health emergencies.,False
2024-11-17,Medical,34,Pune,18.473,73.9391,9.1,6.5,Healthcare,Influenza Outbreak,56,Seasonal influenza outbreak with higher than normal hospitalization rates.,False
2024-11-17,Medical,59,Bhopal,23.219,77.4691,10.8,5.0,Healthcare,Leptospirosis Cases,132,Post-flood leptospirosis cases reported in affected areas.,False
2024-11-17,Disaster,78,Leh,34.0573,77.4877,25.1,5.0,Natural,Avalanche,145,Snow avalanche in mountainous regions blocking roads and causing casualties.,False
2024-11-17,Medical,30,Thiruvananthapuram,8.3674,76.8301,14.2,6.7,Healthcare,Mumps Cases,106,Multiple mumps cases reported in schools and communities.,False
2024-11-18,Disaster,48,Dehradun,30.1387,78.0435,25.5,8.4,Natural,Avalanche,37,Snow avalanche in mountainous regions blocking roads and causing casualties.,True
2024-11-18,Medical,36,Bhopal,23.1374,77.5312,15.4,3.4,Healthcare,Dengue Outbreak,140,"Surge in dengue fever cases following monsoon rains, straining local healthcare facilities.",False
2024-11-18,Disaster,210,Delhi,28.7548,77.3961,17.6,4.2,Natural,Fog-Related Accidents,93,Fog-Related Accidents requiring emergency response.,True
2024-11-18,Disaster,45,Odisha,20.5722,84.6914,34.9,6.9,Natural,Cloudburst,55,Extremely heavy rainfall in a short period causing flash flooding in mountainous areas.,False
2024-11-18,Police,31,Goa,15.114,74.1088,10.6,6.5,Catastrophic,Tunnel Collapse,39,Collapse in tunnel structure trapping vehicles and people.,False
2024-11-19,Medical,44,Kochi,9.7734,76.1194,11.9,6.5,Healthcare,Gastroenteritis Outbreak,121,"Outbreak of gastroenteritis affecting multiple communities, likely from contaminated water.",False
2024-11-19,Disaster,55,Vadodara,22.1404,73.2263,20.3,4.9,Natural,Monsoon Flooding,170,Widespread flooding due to monsoon rains affecting multiple areas.,False
2024-11-19,Disaster,133,Mangalore,13.0771,74.8327,25.0,6.2,Natural,Earthquake,5,Seismic activity causing structural damage and disruption.,False
2024-11-19,Disaster,88,Goa,15.1606,74.2413,20.9,6.9,Natural,Dust Storm,105,Severe dust storm reducing visibility and causing respiratory issues.,False
2024-11-19,Medical,147,Chennai,13.0874,80.2044,11.7,4.6,Healthcare,Measles Outbreak,49,Measles outbreak reported in communities with low vaccination coverage.,False
2024-11-19,Disaster,62,Guwahati,26.157,91.716,30.6,4.9,Natural,Fog-Related Accidents,53,Fog-Related Accidents requiring emergency response.,False
2024-11-19,Police,29,Vijayawada,16.6072,80.5223,9.6,7.9,Catastrophic,Bridge Collapse,63,Collapse of bridge structure affecting transportation and causing casualties.,False
2024-11-19,Disaster,474,Mumbai,19.0331,72.8389,17.9,8.2,Natural,Earthquake,40,Seismic activity causing structural damage and disruption.,True
2024-11-20,Medical,220,Amritsar,31.6215,74.7601,14.2,4.9,Healthcare,COVID-19 Cluster,125,Local outbreak of COVID-19 cases requiring medical response and containment measures.,True
2024-11-20,Disaster,61,Srinagar,34.2203,74.6943,19.3,7.7,Natural,Fog-Related Accidents,105,Fog-Related Accidents requiring emergency response.,False
2024-11-20,Medical,72,Leh,34.1296,77.4822,15.4,3.0,Healthcare,Influenza Outbreak,131,Seasonal influenza outbreak with higher than normal hospitalization rates.,False
2024-11-20,Medical,69,Mysore,12.3671,76.6956,16.2,4.1,Healthcare,Hepatitis Outbreak,23,Outbreak of hepatitis cases linked to contaminated water sources.,False
2024-11-20,Police,46,Surat,21.0695,72.6948,13.1,8.8,Catastrophic,Bridge Collapse,46,Collapse of bridge structure affecting transportation and causing casualties.,True
2024-11-20,Disaster,68,Kochi,9.9323,76.0725,26.9,9.0,Natural,Lightning Strike Incident,50,Multiple lightning strikes causing casualties and property damage.,True
2024-11-20,Medical,268,Srinagar,34.2673,74.7067,15.0,7.0,Healthcare,COVID-19 Cluster,89,Local outbreak of COVID-19 cases requiring medical response and containment measures.,True
2024-11-21,Medical,291,Lucknow,26.8063,81.1079,12.9,3.9,Healthcare,COVID-19 Cluster,41,Local outbreak of COVID-19 cases requiring medical response and containment measures.,True
2024-11-21,Disaster,335,Chennai,13.1618,80.1096,22.3,4.1,Natural,Cyclone,86,Tropical cyclone making landfall with strong winds and heavy rainfall causing widespread damage.,True
2024-11-21,Police,22,Kochi,10.0206,76.1758,13.5,9.6,Catastrophic,Road Collapse,49,Major road collapse due to structural failure or subsidence.,True
2024-11-22,Disaster,53,Nagpur,21.2704,79.0773,22.6,9.3,Catastrophic,Oil Spill,45,Oil spill in water body affecting marine life and coastal communities.,True
2024-11-22,Police,49,Raipur,21.4191,81.6012,13.4,9.4,Catastrophic,Bridge Collapse,87,Collapse of bridge structure affecting transportation and causing casualties.,True
2024-11-22,Disaster,84,Nagpur,21.1666,78.8934,36.7,7.2,Catastrophic,Power Plant Failure,65,Critical failure at power generation facility affecting power supply.,False
2024-11-22,Disaster,72,Shillong,25.6043,91.8688,21.1,5.2,Natural,Fog-Related Accidents,98,Fog-Related Accidents requiring emergency response.,False
2024-11-22,Fire,28,Imphal,24.6914,93.7691,20.5,6.3,Catastrophic,Industrial Fire,28,Major fire at industrial facility requiring evacuation and specialized response.,False
2024-11-22,Disaster,74,Varanasi,25.4186,83.0437,20.9,5.1,Natural,Fog-Related Accidents,30,Fog-Related Accidents requiring emergency response.,False
2024-11-22,Police,57,Bhopal,23.1274,77.2797,10.2,7.8,Catastrophic,Mine Collapse,121,Collapse in mining operation trapping workers underground.,False
2024-11-22,Medical,34,Mysore,12.2217,76.5044,15.3,4.0,Healthcare,Malaria Surge,88,"Increased malaria cases reported in rural areas, requiring medical intervention.",False
2024-11-23,Disaster,87,Chandigarh,30.8859,76.9468,36.3,4.4,Natural,Avalanche,80,Snow avalanche in mountainous regions blocking roads and causing casualties.,False
2024-11-23,Medical,59,Agartala,23.9833,91.1289,12.4,3.6,Healthcare,Leptospirosis Cases,83,Post-flood leptospirosis cases reported in affected areas.,False
2024-11-23,Medical,40,Raipur,21.1678,81.5021,12.9,5.4,Healthcare,Malaria Surge,76,"Increased malaria cases reported in rural areas, requiring medical intervention.",False
2024-11-23,Medical,75,Vadodara,22.1894,73.1769,14.7,3.8,Healthcare,Malaria Surge,115,"Increased malaria cases reported in rural areas, requiring medical intervention.",False
2024-11-23,Disaster,54,Coimbatore,10.9567,77.0472,31.1,4.9,Natural,Dust Storm,66,Severe dust storm reducing visibility and causing respiratory issues.,False
2024-11-23,Disaster,82,Shillong,25.5492,91.924,23.6,5.5,Natural,Fog-Related Accidents,43,Fog-Related Accidents requiring emergency response.,False
2024-11-23,Medical,33,Bhopal,23.3469,77.2421,13.5,2.9,Healthcare,Mumps Cases,22,Multiple mumps cases reported in schools and communities.,False
2024-11-24,Disaster,83,Patna,25.5154,84.9509,22.0,7.5,Natural,Fog-Related Accidents,132,Fog-Related Accidents requiring emergency response.,False
2024-11-24,Medical,64,Bengaluru,13.0168,77.5685,9.3,2.2,Healthcare,Food Poisoning Incident,35,Mass food poisoning incident requiring emergency medical response.,False
2024-11-24,Medical,30,Vadodara,22.2216,73.3803,13.0,2.8,Healthcare,Mumps Cases,47,Multiple mumps cases reported in schools and communities.,False
2024-11-24,Disaster,60,Srinagar,34.2746,74.7148,28.5,4.7,Natural,Fog-Related Accidents,88,Fog-Related Accidents requiring emergency response.,False
2024-11-24,Disaster,100,Aizawl,23.663,92.7659,30.6,8.9,Catastrophic,Structural Failure,130,Critical structural failure in public infrastructure requiring evacuation.,True
2024-11-25,Medical,53,Bhubaneswar,20.1908,85.9003,12.1,6.8,Healthcare,Encephalitis Cluster,143,"Cluster of encephalitis cases reported, primarily affecting children in the region.",False
2024-11-25,Medical,31,Gangtok,27.5206,88.5322,12.9,6.7,Healthcare,Influenza Outbreak,72,Seasonal influenza outbreak with higher than normal hospitalization rates.,False
2024-11-25,Disaster,57,Dehradun,30.2642,78.1932,22.1,6.5,Natural,Heavy Snowfall,69,Heavy Snowfall requiring emergency response.,False
2024-11-25,Disaster,137,Delhi,28.4309,77.1447,15.2,8.9,Natural,Cold Wave,112,Severe cold conditions affecting normal life and causing health emergencies.,True
2024-11-25,Medical,72,Hyderabad,17.3411,78.3828,9.0,4.7,Healthcare,Influenza Outbreak,118,Seasonal influenza outbreak with higher than normal hospitalization rates.,False
2024-11-25,Disaster,134,Odisha,20.4772,84.6735,31.5,6.3,Natural,Earthquake,147,Seismic activity causing structural damage and disruption.,False
2024-11-25,Disaster,49,Lucknow,26.708,81.0196,20.4,7.7,Natural,Cold Wave,115,Severe cold conditions affecting normal life and causing health emergencies.,False
2024-11-25,Police,21,Mangalore,12.9636,74.9064,12.5,8.7,Catastrophic,Chemical Spill,78,Hazardous chemical spill affecting surrounding areas and water bodies.,True
2024-11-26,Medical,69,Kohima,25.5137,94.1256,11.3,2.8,Healthcare,Influenza Outbreak,36,Seasonal influenza outbreak with higher than normal hospitalization rates.,False
2024-11-26,Medical,76,Lucknow,26.6664,80.902,10.7,3.9,Healthcare,Influenza Outbreak,50,Seasonal influenza outbreak with higher than normal hospitalization rates.,False
2024-11-26,Fire,34,Aizawl,23.7994,92.5723,15.8,8.9,Catastrophic,Industrial Fire,132,Major fire at industrial facility requiring evacuation and specialized response.,True
2024-11-26,Medical,44,Vadodara,22.1633,73.1003,13.6,4.2,Healthcare,Malaria Surge,52,"Increased malaria cases reported in rural areas, requiring medical intervention.",False
2024-11-26,Disaster,60,Ranchi,23.4879,85.3707,34.3,6.1,Natural,Drought,103,Prolonged dry period affecting agriculture and water availability.,False
2024-11-26,Medical,99,Jodhpur,26.1078,72.8261,13.3,2.4,Healthcare,COVID-19 Cluster,45,Local outbreak of COVID-19 cases requiring medical response and containment measures.,False
2024-11-26,Disaster,49,Raipur,21.2936,81.6023,28.7,7.7,Catastrophic,Bridge Collapse,149,Collapse of bridge structure affecting transportation and causing casualties.,False
2024-11-26,Police,37,Imphal,24.6741,93.9332,11.0,7.8,Catastrophic,Chemical Spill,6,Hazardous chemical spill affecting surrounding areas and water bodies.,False
2024-11-26,Medical,46,Odisha,20.3987,84.4911,14.3,4.1,Healthcare,Mumps Cases,116,Multiple mumps cases reported in schools and communities.,False
2024-11-26,Disaster,88,Leh,34.0533,77.4278,22.7,6.6,Natural,Heavy Snowfall,71,Heavy Snowfall requiring emergency response.,False
2024-11-27,Medical,45,Raipur,21.4034,81.5965,16.9,2.3,Healthcare,Leptospirosis Cases,143,Post-flood leptospirosis cases reported in affected areas.,False
2024-11-27,Disaster,91,Odisha,20.5156,84.4697,28.8,7.1,Catastrophic,Structural Failure,11,Critical structural failure in public infrastructure requiring evacuation.,False
2024-11-27,Disaster,91,Amritsar,31.62,74.7405,22.6,4.6,Natural,Avalanche,62,Snow avalanche in mountainous regions blocking roads and causing casualties.,False
2024-11-27,Disaster,83,Kochi,9.9685,76.2305,31.7,9.2,Catastrophic,Dam Breach,53,Partial breach of dam structure causing downstream flooding concerns.,True
2024-11-27,Medical,195,Kohima,25.7453,93.9998,17.0,2.9,Healthcare,COVID-19 Cluster,9,Local outbreak of COVID-19 cases requiring medical response and containment measures.,False
2024-11-28,Police,21,Udaipur,24.4272,73.677,10.7,7.2,Catastrophic,Industrial Accident,58,Accident at industrial facility causing multiple injuries and damage.,False
2024-11-28,Disaster,56,Surat,21.0704,72.829,26.2,7.8,Catastrophic,Building Collapse,72,Multi-story building collapse trapping residents and causing casualties.,False
2024-11-28,Disaster,177,Surat,21.292,72.9408,20.7,8.0,Natural,Earthquake,73,Seismic activity causing structural damage and disruption.,False
2024-11-29,Fire,35,Vadodara,22.1495,73.2341,17.3,8.0,Catastrophic,Stadium Stampede,86,Crowd control incident at stadium leading to injuries.,False
2024-11-29,Disaster,79,Vadodara,22.3962,73.0302,29.5,5.9,Natural,Dust Storm,35,Severe dust storm reducing visibility and causing respiratory issues.,False
2024-11-29,Disaster,51,Indore,22.6133,75.8353,20.3,6.1,Catastrophic,Industrial Accident,93,Accident at industrial facility causing multiple injuries and damage.,False
2024-11-29,Disaster,86,Varanasi,25.4173,82.9429,30.3,9.1,Natural,Fog-Related Accidents,100,Fog-Related Accidents requiring emergency response.,True
2024-11-29,Disaster,97,Chandigarh,30.8075,76.8703,23.8,4.8,Natural,Fog-Related Accidents,24,Fog-Related Accidents requiring emergency response.,False
2024-11-29,Disaster,51,Allahabad,25.445,81.9592,24.1,5.3,Natural,Cold Wave,136,Severe cold conditions affecting normal life and causing health emergencies.,False
2024-11-29,Medical,75,Pune,18.3408,73.841,11.5,6.8,Catastrophic,Structural Failure,22,Critical structural failure in public infrastructure requiring evacuation.,False
2024-11-29,Police,53,Odisha,20.4647,84.5996,12.0,6.4,Catastrophic,Mine Collapse,133,Collapse in mining operation trapping workers underground.,False
2024-11-29,Disaster,41,Surat,21.0848,72.9162,36.0,6.2,Natural,Avalanche,49,Snow avalanche in mountainous regions blocking roads and causing casualties.,False
2024-11-29,Disaster,75,Jaipur,26.7481,75.9282,25.0,8.8,Natural,Cold Wave,91,Severe cold conditions affecting normal life and causing health emergencies.,True
2024-11-29,Disaster,55,Agra,27.2841,77.8889,33.3,9.5,Natural,Cold Wave,135,Severe cold conditions affecting normal life and causing health emergencies.,True
2024-11-30,Disaster,92,Kolkata,22.5558,88.4979,21.1,7.2,Natural,Avalanche,118,Snow avalanche in mountainous regions blocking roads and causing casualties.,False
2024-11-30,Disaster,63,Nagpur,21.3333,79.1906,21.7,8.2,Catastrophic,Road Collapse,97,Major road collapse due to structural failure or subsidence.,True
2024-11-30,Medical,59,Ranchi,23.5111,85.4786,12.1,5.7,Healthcare,Heatstroke Wave,104,"Multiple cases of heatstroke amid extreme temperatures, affecting vulnerable populations.",False
2024-11-30,Medical,117,Lucknow,26.6748,80.7658,10.8,4.4,Healthcare,COVID-19 Cluster,113,Local outbreak of COVID-19 cases requiring medical response and containment measures.,False
2024-12-01,Disaster,51,Shimla,31.0809,77.0382,25.0,7.1,Natural,Avalanche,132,Snow avalanche in mountainous regions blocking roads and causing casualties.,False
2024-12-01,Medical,270,Nagpur,21.0499,78.9238,15.7,4.1,Healthcare,COVID-19 Cluster,147,Local outbreak of COVID-19 cases requiring medical response and containment measures.,True
2024-12-01,Medical,76,Odisha,20.4682,84.4156,11.0,4.2,Healthcare,Cholera Outbreak,147,Waterborne cholera outbreak in affected areas following contamination of water sources.,False
2024-12-01,Disaster,96,Patna,25.4365,85.067,21.3,9.1,Natural,Cold Wave,148,Severe cold conditions affecting normal life and causing health emergencies.,True
2024-12-01,Medical,124,Allahabad,25.323,81.689,13.2,6.7,Healthcare,COVID-19 Cluster,132,Local outbreak of COVID-19 cases requiring medical response and containment measures.,False
2024-12-01,Disaster,69,Goa,15.2609,74.3118,28.5,9.2,Catastrophic,Construction Site Accident,106,Accident at major construction site requiring emergency response.,True
2024-12-01,Disaster,51,Patna,25.5732,85.3278,24.3,7.1,Natural,Fog-Related Accidents,11,Fog-Related Accidents requiring emergency response.,False
2024-12-01,Medical,98,Chandigarh,30.637,76.7464,11.4,6.2,Healthcare,COVID-19 Cluster,130,Local outbreak of COVID-19 cases requiring medical response and containment measures.,False
2024-12-01,Medical,275,Vijayawada,16.615,80.7814,13.7,3.0,Healthcare,COVID-19 Cluster,82,Local outbreak of COVID-19 cases requiring medical response and containment measures.,True
2024-12-01,Medical,79,Mangalore,13.0715,74.7892,16.3,2.4,Healthcare,Encephalitis Cluster,123,"Cluster of encephalitis cases reported, primarily affecting children in the region.",False
2024-12-02,Medical,73,Indore,22.7785,75.8982,11.6,6.6,Healthcare,Leptospirosis Cases,62,Post-flood leptospirosis cases reported in affected areas.,False
2024-12-02,Medical,127,Chennai,12.9975,80.3113,10.3,2.2,Healthcare,Food Poisoning Incident,141,Mass food poisoning incident requiring emergency medical response.,False
2024-12-02,Disaster,52,Mangalore,13.1056,74.8028,21.2,4.3,Natural,Monsoon Flooding,145,Widespread flooding due to monsoon rains affecting multiple areas.,False
2024-12-02,Medical,53,Thiruvananthapuram,8.5194,76.8906,14.6,5.7,Healthcare,Dengue Outbreak,123,"Surge in dengue fever cases following monsoon rains, straining local healthcare facilities.",False
2024-12-02,Disaster,40,Kohima,25.6813,94.2846,32.4,7.2,Natural,Fog-Related Accidents,9,Fog-Related Accidents requiring emergency response.,False
2024-12-02,Disaster,68,Raipur,21.289,81.5157,22.5,5.3,Natural,Drought,190,Prolonged dry period affecting agriculture and water availability.,False
2024-12-02,Fire,64,Mumbai,19.113,72.9282,13.1,9.1,Catastrophic,Factory Explosion,113,Explosion at manufacturing facility causing casualties and structural damage.,True
2024-12-02,Disaster,59,Chandigarh,30.7602,76.9502,30.9,9.0,Natural,Fog-Related Accidents,19,Fog-Related Accidents requiring emergency response.,True
2024-12-03,Medical,49,Gangtok,27.1575,88.5042,11.8,6.2,Healthcare,Influenza Outbreak,61,Seasonal influenza outbreak with higher than normal hospitalization rates.,False
2024-12-03,Police,45,Bhopal,23.1926,77.5668,10.4,7.7,Catastrophic,Structural Failure,96,Critical structural failure in public infrastructure requiring evacuation.,False
2024-12-03,Medical,38,Bhubaneswar,20.3078,85.9687,14.6,8.6,Catastrophic,Stadium Stampede,131,Crowd control incident at stadium leading to injuries.,True
2024-12-03,Disaster,87,Agra,27.2184,78.0557,24.7,4.5,Natural,Fog-Related Accidents,119,Fog-Related Accidents requiring emergency response.,False
2024-12-03,Fire,18,Nagpur,20.9895,79.2718,15.4,6.8,Catastrophic,Industrial Fire,146,Major fire at industrial facility requiring evacuation and specialized response.,False
2024-12-04,Disaster,97,Shillong,25.5218,91.8238,21.1,5.2,Natural,Fog-Related Accidents,91,Fog-Related Accidents requiring emergency response.,False
2024-12-04,Disaster,84,Srinagar,33.9309,74.6318,30.5,8.5,Natural,Avalanche,49,Snow avalanche in mountainous regions blocking roads and causing casualties.,True
2024-12-04,Disaster,51,Vadodara,22.354,73.2401,24.2,8.3,Catastrophic,Road Collapse,12,Major road collapse due to structural failure or subsidence.,True
2024-12-04,Disaster,77,Thiruvananthapuram,8.5412,77.0796,27.9,8.3,Natural,Landslide,81,Landslide triggered by heavy rainfall blocking roads and damaging structures.,True
2024-12-04,Medical,39,Patna,25.7681,84.9807,13.0,6.7,Healthcare,Influenza Outbreak,134,Seasonal influenza outbreak with higher than normal hospitalization rates.,False
2024-12-04,Disaster,54,Nagpur,21.247,79.0663,23.6,9.4,Natural,Avalanche,107,Snow avalanche in mountainous regions blocking roads and causing casualties.,True
2024-12-04,Medical,66,Bengaluru,13.1352,77.7471,8.9,6.9,Healthcare,Heatstroke Wave,50,"Multiple cases of heatstroke amid extreme temperatures, affecting vulnerable populations.",False
2024-12-04,Disaster,50,Agartala,23.8683,91.2659,35.3,5.8,Natural,Flash Flood,14,Sudden flooding due to heavy rainfall overwhelming drainage systems.,False
2024-12-05,Disaster,48,Coimbatore,11.0913,76.8257,27.6,6.2,Natural,Heatwave,85,Prolonged period of extremely high temperatures affecting vulnerable populations.,False
2024-12-05,Disaster,57,Indore,22.5806,75.9353,29.6,5.8,Natural,Coastal Erosion,29,Accelerated coastal erosion threatening coastal communities and infrastructure.,False
2024-12-05,Disaster,67,Varanasi,25.1391,83.0417,28.9,9.1,Natural,Cold Wave,60,Severe cold conditions affecting normal life and causing health emergencies.,True
2024-12-05,Medical,53,Agartala,24.0118,91.3638,11.5,5.2,Healthcare,Heatstroke Wave,147,"Multiple cases of heatstroke amid extreme temperatures, affecting vulnerable populations.",False
2024-12-05,Medical,53,Surat,21.0558,72.7988,13.5,5.2,Healthcare,Malaria Surge,50,"Increased malaria cases reported in rural areas, requiring medical intervention.",False
2024-12-05,Medical,47,Mysore,12.1029,76.7612,11.4,3.8,Healthcare,Leptospirosis Cases,115,Post-flood leptospirosis cases reported in affected areas.,False
2024-12-05,Medical,40,Raipur,21.2749,81.751,13.8,5.0,Healthcare,Mumps Cases,111,Multiple mumps cases reported in schools and communities.,False
2024-12-06,Disaster,568,Bengaluru,12.8369,77.7229,24.9,7.5,Natural,Cyclone,91,Tropical cyclone making landfall with strong winds and heavy rainfall causing widespread damage.,True
2024-12-06,Disaster,97,Kochi,9.9384,76.0874,24.1,9.6,Catastrophic,Road Collapse,107,Major road collapse due to structural failure or subsidence.,True
2024-12-06,Disaster,74,Odisha,20.3574,84.3344,34.6,8.8,Catastrophic,Building Collapse,115,Multi-story building collapse trapping residents and causing casualties.,True
2024-12-06,Disaster,94,Imphal,24.8009,93.8695,26.6,8.7,Natural,Landslide,95,Landslide triggered by heavy rainfall blocking roads and damaging structures.,True
2024-12-06,Medical,66,Mangalore,13.1017,74.844,13.4,6.1,Healthcare,Mumps Cases,73,Multiple mumps cases reported in schools and communities.,False
2024-12-07,Medical,40,Raipur,21.3074,81.5309,12.6,6.3,Healthcare,Mumps Cases,135,Multiple mumps cases reported in schools and communities.,False
2024-12-07,Fire,19,Indore,22.6385,75.8786,19.6,8.6,Catastrophic,Chemical Spill,17,Hazardous chemical spill affecting surrounding areas and water bodies.,True
2024-12-07,Medical,57,Surat,20.9889,72.7458,14.8,4.5,Healthcare,Cholera Outbreak,138,Waterborne cholera outbreak in affected areas following contamination of water sources.,False
2024-12-07,Disaster,88,Indore,22.8163,75.6623,32.3,8.7,Natural,Coastal Flooding,91,Coastal areas inundated due to high tides and storm surge.,True
2024-12-08,Disaster,95,Odisha,20.3553,84.3129,29.7,8.5,Natural,Heatwave,82,Prolonged period of extremely high temperatures affecting vulnerable populations.,True
2024-12-08,Disaster,46,Aizawl,23.8124,92.5423,33.3,6.7,Catastrophic,Chemical Spill,11,Hazardous chemical spill affecting surrounding areas and water bodies.,False
2024-12-08,Disaster,63,Allahabad,25.4845,81.9163,26.4,8.2,Natural,Fog-Related Accidents,62,Fog-Related Accidents requiring emergency response.,True
2024-12-08,Medical,49,Guwahati,26.316,91.8797,12.3,3.9,Healthcare,Influenza Outbreak,10,Seasonal influenza outbreak with higher than normal hospitalization rates.,False
2024-12-08,Disaster,100,Goa,15.2494,74.0922,30.7,9.4,Natural,Cold Wave,104,Severe cold conditions affecting normal life and causing health emergencies.,True
2024-12-08,Medical,77,Aizawl,23.7541,92.5262,13.7,2.4,Healthcare,Gastroenteritis Outbreak,49,"Outbreak of gastroenteritis affecting multiple communities, likely from contaminated water.",False
2024-12-08,Police,24,Bhopal,23.245,77.4397,9.8,6.9,Catastrophic,Mine Collapse,89,Collapse in mining operation trapping workers underground.,False
2024-12-08,Disaster,57,Mysore,12.453,76.6211,24.2,9.3,Catastrophic,Structural Failure,24,Critical structural failure in public infrastructure requiring evacuation.,True
2024-12-08,Disaster,91,Jaipur,27.1078,75.6463,30.6,7.7,Natural,Fog-Related Accidents,79,Fog-Related Accidents requiring emergency response.,False
2024-12-09,Disaster,64,Raipur,21.3891,81.6689,28.1,7.6,Natural,Cold Wave,146,Severe cold conditions affecting normal life and causing health emergencies.,False
2024-12-09,Disaster,98,Leh,34.2048,77.4973,30.9,8.4,Natural,Avalanche,93,Snow avalanche in mountainous regions blocking roads and causing casualties.,True
2024-12-09,Disaster,88,Jaipur,26.9717,75.793,31.1,4.2,Natural,Cold Wave,125,Severe cold conditions affecting normal life and causing health emergencies.,False
2024-12-09,Disaster,57,Kochi,9.8462,76.157,32.3,5.0,Natural,Drought,183,Prolonged dry period affecting agriculture and water availability.,False
2024-12-09,Disaster,63,Lucknow,26.7885,81.0864,29.7,6.3,Natural,Cold Wave,142,Severe cold conditions affecting normal life and causing health emergencies.,False
2024-12-09,Fire,10,Imphal,24.9697,94.0781,18.0,8.1,Catastrophic,Refinery Fire,26,Fire at oil refinery requiring specialized firefighting and evacuation.,True
2024-12-10,Disaster,74,Amritsar,31.5577,75.0689,26.6,6.7,Natural,Avalanche,123,Snow avalanche in mountainous regions blocking roads and causing casualties.,False
2024-12-10,Disaster,64,Patna,25.6879,85.0011,33.1,5.8,Natural,Fog-Related Accidents,47,Fog-Related Accidents requiring emergency response.,False
2024-12-10,Medical,123,Gwalior,26.0873,78.1988,13.9,4.6,Healthcare,COVID-19 Cluster,118,Local outbreak of COVID-19 cases requiring medical response and containment measures.,False
2024-12-10,Disaster,95,Agra,27.0131,78.2,20.7,6.1,Natural,Fog-Related Accidents,107,Fog-Related Accidents requiring emergency response.,False
2024-12-10,Medical,121,Mumbai,19.0969,72.7138,10.3,3.4,Healthcare,Heatstroke Wave,127,"Multiple cases of heatstroke amid extreme temperatures, affecting vulnerable populations.",False
2024-12-10,Medical,314,Nagpur,21.1425,79.01,16.2,5.5,Healthcare,COVID-19 Cluster,132,Local outbreak of COVID-19 cases requiring medical response and containment measures.,True
2024-12-11,Disaster,63,Gwalior,26.3688,78.2453,22.0,7.6,Natural,Fog-Related Accidents,132,Fog-Related Accidents requiring emergency response.,False
2024-12-11,Medical,78,Hyderabad,17.3134,78.3502,8.8,4.4,Healthcare,Gastroenteritis Outbreak,111,"Outbreak of gastroenteritis affecting multiple communities, likely from contaminated water.",False
2024-12-11,Disaster,96,Aizawl,23.6168,92.9011,27.9,7.3,Natural,Drought,86,Prolonged dry period affecting agriculture and water availability.,False
2024-12-11,Disaster,79,Shimla,31.22,77.1527,22.5,5.7,Natural,Heavy Snowfall,10,Heavy Snowfall requiring emergency response.,False
2024-12-11,Disaster,67,Ahmedabad,22.9797,72.7042,23.5,9.5,Catastrophic,Bridge Collapse,24,Collapse of bridge structure affecting transportation and causing casualties.,True
2024-12-11,Medical,53,Jaipur,26.7632,75.7599,13.2,5.5,Healthcare,Influenza Outbreak,78,Seasonal influenza outbreak with higher than normal hospitalization rates.,False
2024-12-11,Medical,48,Ahmedabad,22.9083,72.5609,10.7,3.4,Healthcare,Gastroenteritis Outbreak,10,"Outbreak of gastroenteritis affecting multiple communities, likely from contaminated water.",False
2024-12-11,Medical,54,Goa,15.4868,74.0122,16.6,3.4,Healthcare,Swine Flu Cluster,85,H1N1 influenza cases detected requiring enhanced surveillance and medical response.,False
2024-12-11,Medical,202,Gangtok,27.4688,88.6406,14.0,3.9,Healthcare,COVID-19 Cluster,21,Local outbreak of COVID-19 cases requiring medical response and containment measures.,True
2024-12-11,Disaster,57,Gangtok,27.3517,88.7367,29.0,6.6,Natural,Cold Wave,95,Severe cold conditions affecting normal life and causing health emergencies.,False
2024-12-12,Disaster,64,Mysore,12.1124,76.7795,31.7,8.0,Catastrophic,Dam Breach,142,Partial breach of dam structure causing downstream flooding concerns.,False
2024-12-12,Medical,171,Mumbai,19.0217,72.9613,11.0,3.7,Healthcare,Heatstroke Wave,74,"Multiple cases of heatstroke amid extreme temperatures, affecting vulnerable populations.",False
2024-12-12,Police,49,Indore,22.8651,76.0132,12.6,6.6,Catastrophic,Mine Collapse,30,Collapse in mining operation trapping workers underground.,False
2024-12-12,Fire,32,Aizawl,23.9042,92.8642,19.0,9.6,Catastrophic,Refinery Fire,122,Fire at oil refinery requiring specialized firefighting and evacuation.,True
2024-12-12,Medical,55,Vadodara,22.1221,73.0686,12.8,4.2,Healthcare,Heatstroke Wave,79,"Multiple cases of heatstroke amid extreme temperatures, affecting vulnerable populations.",False
2024-12-12,Medical,62,Mumbai,19.1402,72.8963,9.5,6.2,Healthcare,Encephalitis Cluster,46,"Cluster of encephalitis cases reported, primarily affecting children in the region.",False
2024-12-13,Medical,76,Agra,27.2624,77.9877,11.7,2.8,Healthcare,Influenza Outbreak,17,Seasonal influenza outbreak with higher than normal hospitalization rates.,False
2024-12-13,Disaster,95,Allahabad,25.4964,81.7809,30.8,7.0,Natural,Fog-Related Accidents,97,Fog-Related Accidents requiring emergency response.,False
2024-12-13,Medical,35,Bhopal,23.3357,77.4431,14.6,6.1,Healthcare,Food Poisoning Incident,81,Mass food poisoning incident requiring emergency medical response.,False
2024-12-13,Disaster,97,Gangtok,27.2475,88.5649,21.8,4.2,Natural,Cold Wave,92,Severe cold conditions affecting normal life and causing health emergencies.,False
2024-12-14,Disaster,68,Jaipur,27.0201,75.8689,22.8,7.3,Natural,Cold Wave,57,Severe cold conditions affecting normal life and causing health emergencies.,False
2024-12-14,Disaster,88,Ranchi,23.2967,85.508,30.4,4.3,Natural,Coastal Erosion,40,Accelerated coastal erosion threatening coastal communities and infrastructure.,False
2024-12-14,Disaster,68,Indore,22.7871,75.7319,20.1,4.7,Natural,Monsoon Flooding,142,Widespread flooding due to monsoon rains affecting multiple areas.,False
2024-12-14,Disaster,95,Allahabad,25.4523,81.7821,26.1,7.7,Natural,Fog-Related Accidents,142,Fog-Related Accidents requiring emergency response.,False
2024-12-14,Medical,112,Chennai,13.2597,80.4261,11.5,6.0,Healthcare,Influenza Outbreak,131,Seasonal influenza outbreak with higher than normal hospitalization rates.,False
2024-12-14,Disaster,82,Goa,15.3199,73.995,26.4,7.5,Catastrophic,Structural Failure,150,Critical structural failure in public infrastructure requiring evacuation.,False
2024-12-14,Disaster,97,Jodhpur,26.2263,73.1257,36.7,6.5,Natural,Fog-Related Accidents,137,Fog-Related Accidents requiring emergency response.,False
2024-12-14,Disaster,83,Surat,21.1999,72.8866,20.5,9.4,Natural,River Overflow,32,River exceeding danger levels and breaching banks causing flooding.,True
2024-12-15,Medical,42,Nagpur,21.2679,79.0258,11.6,6.5,Healthcare,Malaria Surge,94,"Increased malaria cases reported in rural areas, requiring medical intervention.",False
2024-12-15,Medical,31,Chandigarh,30.6831,76.6955,16.2,2.7,Healthcare,Influenza Outbreak,65,Seasonal influenza outbreak with higher than normal hospitalization rates.,False
2024-12-15,Disaster,64,Mangalore,12.9095,74.9454,31.8,8.9,Catastrophic,Tunnel Collapse,44,Collapse in tunnel structure trapping vehicles and people.,True
2024-12-15,Disaster,92,Bhopal,23.3685,77.2639,18.5,8.0,Natural,Cold Wave,106,Severe cold conditions affecting normal life and causing health emergencies.,False
2024-12-15,Medical,228,Amritsar,31.6162,74.6853,13.5,5.5,Healthcare,COVID-19 Cluster,130,Local outbreak of COVID-19 cases requiring medical response and containment measures.,True
2024-12-16,Medical,55,Bhopal,23.3523,77.6122,11.3,4.9,Healthcare,Food Poisoning Incident,150,Mass food poisoning incident requiring emergency medical response.,False
2024-12-16,Medical,116,Chandigarh,30.7811,76.8024,16.3,5.7,Healthcare,COVID-19 Cluster,24,Local outbreak of COVID-19 cases requiring medical response and containment measures.,False
2024-12-16,Disaster,95,Chennai,13.2092,80.2083,17.1,9.3,Natural,Monsoon Flooding,125,Widespread flooding due to monsoon rains affecting multiple areas.,True
2024-12-16,Disaster,49,Bhubaneswar,20.4801,85.9481,24.4,9.0,Natural,Landslide,32,Landslide triggered by heavy rainfall blocking roads and damaging structures.,True
2024-12-16,Fire,42,Mumbai,19.1357,72.7107,10.2,8.0,Catastrophic,Power Plant Failure,17,Critical failure at power generation facility affecting power supply.,False
2024-12-16,Medical,33,Vijayawada,16.56,80.521,15.7,3.8,Healthcare,Heatstroke Wave,77,"Multiple cases of heatstroke amid extreme temperatures, affecting vulnerable populations.",False
2024-12-16,Disaster,129,Kochi,9.7389,76.1773,25.8,8.3,Natural,Cyclone,132,Tropical cyclone making landfall with strong winds and heavy rainfall causing widespread damage.,True
2024-12-16,Disaster,57,Visakhapatnam,17.7104,83.212,28.1,5.0,Natural,Avalanche,113,Snow avalanche in mountainous regions blocking roads and causing casualties.,False
2024-12-16,Police,23,Imphal,24.8271,93.8389,10.2,7.0,Catastrophic,Construction Site Accident,14,Accident at major construction site requiring emergency response.,False
2024-12-16,Fire,23,Udaipur,24.6315,73.8047,18.3,9.5,Catastrophic,Industrial Fire,81,Major fire at industrial facility requiring evacuation and specialized response.,True
2024-12-16,Disaster,46,Goa,15.4096,74.0719,28.8,8.0,Catastrophic,Road Collapse,64,Major road collapse due to structural failure or subsidence.,False
2024-12-17,Medical,145,Mumbai,18.9312,72.7529,11.3,5.2,Healthcare,Measles Outbreak,50,Measles outbreak reported in communities with low vaccination coverage.,False
2024-12-17,Medical,52,Aizawl,23.864,92.6273,11.0,6.3,Healthcare,Leptospirosis Cases,118,Post-flood leptospirosis cases reported in affected areas.,False
2024-12-17,Disaster,57,Amritsar,31.7083,75.0568,23.2,9.0,Natural,Cold Wave,104,Severe cold conditions affecting normal life and causing health emergencies.,True
2024-12-17,Medical,54,Surat,21.2565,72.9035,15.4,5.0,Healthcare,Influenza Outbreak,54,Seasonal influenza outbreak with higher than normal hospitalization rates.,False
2024-12-18,Medical,153,Lucknow,26.9224,80.7776,16.2,6.0,Healthcare,COVID-19 Cluster,24,Local outbreak of COVID-19 cases requiring medical response and containment measures.,False
2024-12-18,Medical,48,Bhopal,23.2337,77.5967,12.1,3.5,Healthcare,Food Poisoning Incident,114,Mass food poisoning incident requiring emergency medical response.,False
2024-12-18,Disaster,86,Srinagar,33.9015,74.6122,25.4,5.3,Natural,Heavy Snowfall,133,Heavy Snowfall requiring emergency response.,False
2024-12-18,Disaster,66,Shillong,25.4972,92.0203,33.9,6.5,Natural,Fog-Related Accidents,120,Fog-Related Accidents requiring emergency response.,False
2024-12-18,Disaster,95,Allahabad,25.3595,81.736,22.5,5.9,Natural,Fog-Related Accidents,101,Fog-Related Accidents requiring emergency response.,False
2024-12-18,Disaster,200,Bhubaneswar,20.2865,85.6381,33.1,6.1,Natural,Earthquake,15,Seismic activity causing structural damage and disruption.,False
2024-12-18,Fire,31,Udaipur,24.5114,73.5759,15.1,8.4,Natural,Forest Fire,146,Wildfire spreading through forest areas threatening nearby settlements.,True
2024-12-18,Police,37,Visakhapatnam,17.6257,83.0848,11.2,8.6,Catastrophic,Oil Spill,25,Oil spill in water body affecting marine life and coastal communities.,True
2024-12-18,Disaster,110,Delhi,28.4736,77.1073,19.6,8.3,Natural,Fog-Related Accidents,122,Fog-Related Accidents requiring emergency response.,True
2024-12-18,Medical,50,Goa,15.357,74.2475,10.6,4.7,Healthcare,Heatstroke Wave,139,"Multiple cases of heatstroke amid extreme temperatures, affecting vulnerable populations.",False
2024-12-18,Medical,30,Udaipur,24.6746,73.9033,12.9,5.8,Healthcare,Dengue Outbreak,99,"Surge in dengue fever cases following monsoon rains, straining local healthcare facilities.",False
2024-12-19,Disaster,128,Delhi,28.4728,77.1246,19.3,9.3,Natural,Fog-Related Accidents,90,Fog-Related Accidents requiring emergency response.,True
2024-12-19,Disaster,128,Kolkata,22.4471,88.1726,18.1,6.6,Natural,Landslide,96,Landslide triggered by heavy rainfall blocking roads and damaging structures.,False
2024-12-19,Disaster,85,Indore,22.8908,76.0057,26.2,7.5,Natural,Thunderstorm,132,Severe thunderstorm with lightning causing damages and injuries.,False
2024-12-19,Fire,35,Agartala,23.9246,91.2333,18.2,5.5,Natural,Forest Fire,100,Wildfire spreading through forest areas threatening nearby settlements.,False
2024-12-19,Disaster,59,Vadodara,22.1617,73.3216,30.7,5.8,Natural,Cloudburst,78,Extremely heavy rainfall in a short period causing flash flooding in mountainous areas.,False
2024-12-20,Disaster,52,Mysore,12.4805,76.7658,29.7,4.4,Natural,Monsoon Flooding,172,Widespread flooding due to monsoon rains affecting multiple areas.,False
2024-12-20,Medical,37,Mysore,12.4728,76.5685,12.2,6.4,Healthcare,Dengue Outbreak,123,"Surge in dengue fever cases following monsoon rains, straining local healthcare facilities.",False
2024-12-20,Medical,43,Jodhpur,26.3006,72.9005,15.9,6.6,Healthcare,Influenza Outbreak,75,Seasonal influenza outbreak with higher than normal hospitalization rates.,False
2024-12-20,Medical,41,Vadodara,22.3394,72.9976,11.1,8.6,Catastrophic,Structural Failure,102,Critical structural failure in public infrastructure requiring evacuation.,True
2024-12-20,Medical,127,Allahabad,25.2373,81.9396,13.0,2.5,Healthcare,COVID-19 Cluster,75,Local outbreak of COVID-19 cases requiring medical response and containment measures.,False
2024-12-20,Medical,43,Surat,21.3303,72.9436,11.6,4.8,Healthcare,Food Poisoning Incident,77,Mass food poisoning incident requiring emergency medical response.,False
2024-12-21,Medical,67,Udaipur,24.6802,73.6299,14.7,5.2,Healthcare,Hepatitis Outbreak,13,Outbreak of hepatitis cases linked to contaminated water sources.,False
2024-12-21,Disaster,70,Varanasi,25.3363,83.0737,32.0,9.0,Natural,Cold Wave,55,Severe cold conditions affecting normal life and causing health emergencies.,True
2024-12-21,Medical,34,Imphal,24.8114,93.7459,13.4,3.4,Healthcare,Dengue Outbreak,12,"Surge in dengue fever cases following monsoon rains, straining local healthcare facilities.",False
2024-12-21,Fire,24,Ranchi,23.2205,85.4634,15.8,6.4,Catastrophic,Gas Leak,141,Toxic gas leak from industrial facility affecting nearby residential areas.,False
2024-12-21,Disaster,46,Shimla,31.0254,77.2992,33.0,5.4,Natural,Heavy Snowfall,36,Heavy Snowfall requiring emergency response.,False
2024-12-21,Medical,164,Raipur,21.2476,81.7587,14.3,3.4,Healthcare,COVID-19 Cluster,109,Local outbreak of COVID-19 cases requiring medical response and containment measures.,False
2024-12-22,Medical,106,Bengaluru,12.8199,77.6682,8.8,4.0,Healthcare,Dengue Outbreak,132,"Surge in dengue fever cases following monsoon rains, straining local healthcare facilities.",False
2024-12-22,Fire,23,Chennai,12.9938,80.2967,13.7,7.1,Catastrophic,Market Fire,77,Major fire in crowded market area causing property damage and business disruption.,False
2024-12-22,Disaster,71,Agartala,23.8065,91.3127,20.7,6.4,Catastrophic,Building Collapse,145,Multi-story building collapse trapping residents and causing casualties.,False
2024-12-22,Disaster,98,Agra,27.1239,78.1089,22.0,4.8,Natural,Cold Wave,136,Severe cold conditions affecting normal life and causing health emergencies.,False
2024-12-23,Medical,57,Guwahati,26.1543,91.5976,15.2,5.7,Healthcare,Influenza Outbreak,88,Seasonal influenza outbreak with higher than normal hospitalization rates.,False
2024-12-23,Medical,66,Mangalore,12.9697,74.8552,11.7,4.1,Healthcare,Malaria Surge,91,"Increased malaria cases reported in rural areas, requiring medical intervention.",False
2024-12-23,Medical,66,Dehradun,30.3933,77.8336,14.6,5.1,Healthcare,Influenza Outbreak,110,Seasonal influenza outbreak with higher than normal hospitalization rates.,False
2024-12-23,Medical,129,Chennai,13.0024,80.2869,10.4,6.1,Healthcare,Malaria Surge,23,"Increased malaria cases reported in rural areas, requiring medical intervention.",False
2024-12-24,Police,29,Thiruvananthapuram,8.4079,77.1185,11.3,8.4,Catastrophic,Building Collapse,107,Multi-story building collapse trapping residents and causing casualties.,True
2024-12-24,Medical,57,Bhubaneswar,20.373,85.7425,17.3,3.6,Healthcare,Hepatitis Outbreak,144,Outbreak of hepatitis cases linked to contaminated water sources.,False
2024-12-24,Disaster,54,Hyderabad,17.485,78.5912,15.8,6.3,Catastrophic,Train Derailment,60,Passenger train derailment incident requiring emergency response.,False
2024-12-24,Disaster,70,Allahabad,25.3011,81.7894,26.0,8.2,Natural,Cold Wave,102,Severe cold conditions affecting normal life and causing health emergencies.,True
2024-12-24,Medical,76,Varanasi,25.306,82.9208,13.6,2.8,Healthcare,Influenza Outbreak,131,Seasonal influenza outbreak with higher than normal hospitalization rates.,False
2024-12-25,Medical,57,Hyderabad,17.2058,78.2939,10.0,5.1,Healthcare,Hepatitis Outbreak,139,Outbreak of hepatitis cases linked to contaminated water sources.,False
2024-12-25,Medical,33,Indore,22.7608,75.9383,15.2,4.7,Healthcare,Food Poisoning Incident,74,Mass food poisoning incident requiring emergency medical response.,False
2024-12-25,Disaster,97,Chennai,12.9847,80.133,21.0,5.2,Natural,Dust Storm,83,Severe dust storm reducing visibility and causing respiratory issues.,False
2024-12-25,Disaster,67,Hyderabad,17.5531,78.654,15.3,7.3,Natural,Dust Storm,74,Severe dust storm reducing visibility and causing respiratory issues.,False
2024-12-25,Medical,62,Pune,18.3385,73.9698,11.6,5.3,Healthcare,Hepatitis Outbreak,66,Outbreak of hepatitis cases linked to contaminated water sources.,False
2024-12-26,Disaster,92,Vadodara,22.4106,73.2,32.1,9.2,Natural,Cold Wave,121,Severe cold conditions affecting normal life and causing health emergencies.,True
2024-12-26,Disaster,74,Amritsar,31.7607,74.6756,30.4,5.4,Natural,Avalanche,111,Snow avalanche in mountainous regions blocking roads and causing casualties.,False
2024-12-26,Disaster,94,Varanasi,25.4564,82.8189,28.9,8.4,Natural,Fog-Related Accidents,70,Fog-Related Accidents requiring emergency response.,True
2024-12-26,Disaster,83,Nagpur,21.2572,79.0699,21.7,5.1,Natural,Thunderstorm,77,Severe thunderstorm with lightning causing damages and injuries.,False
2024-12-26,Medical,58,Dehradun,30.1353,77.9788,11.4,5.7,Healthcare,Influenza Outbreak,82,Seasonal influenza outbreak with higher than normal hospitalization rates.,False
2024-12-26,Medical,150,Chandigarh,30.9244,76.8373,14.4,5.1,Healthcare,COVID-19 Cluster,120,Local outbreak of COVID-19 cases requiring medical response and containment measures.,False
2024-12-26,Disaster,51,Patna,25.573,84.962,22.2,4.0,Natural,Fog-Related Accidents,54,Fog-Related Accidents requiring emergency response.,False
2024-12-26,Disaster,91,Allahabad,25.5954,81.973,24.6,4.9,Natural,Fog-Related Accidents,39,Fog-Related Accidents requiring emergency response.,False
2024-12-27,Disaster,60,Amritsar,31.4466,74.8055,26.1,7.9,Natural,Heavy Snowfall,75,Heavy Snowfall requiring emergency response.,False
2024-12-27,Disaster,74,Mangalore,13.074,74.6588,25.8,9.3,Catastrophic,Road Collapse,128,Major road collapse due to structural failure or subsidence.,True
2024-12-27,Disaster,44,Varanasi,25.1422,82.8609,30.1,7.5,Natural,Cold Wave,72,Severe cold conditions affecting normal life and causing health emergencies.,False
2024-12-27,Disaster,50,Jodhpur,26.3325,73.0602,24.5,4.7,Natural,Cold Wave,112,Severe cold conditions affecting normal life and causing health emergencies.,False
2024-12-27,Disaster,66,Allahabad,25.2893,81.9687,19.7,9.0,Natural,Cold Wave,142,Severe cold conditions affecting normal life and causing health emergencies.,True
2024-12-27,Disaster,40,Varanasi,25.2126,82.7958,27.6,8.9,Natural,Fog-Related Accidents,60,Fog-Related Accidents requiring emergency response.,True
2024-12-27,Medical,62,Guwahati,26.0774,91.7183,15.4,2.8,Healthcare,Influenza Outbreak,52,Seasonal influenza outbreak with higher than normal hospitalization rates.,False
2024-12-27,Medical,46,Pune,18.6386,73.8222,8.3,2.5,Healthcare,Malaria Surge,77,"Increased malaria cases reported in rural areas, requiring medical intervention.",False
2024-12-27,Disaster,69,Srinagar,34.0065,74.9669,24.1,6.0,Natural,Heavy Snowfall,9,Heavy Snowfall requiring emergency response.,False
2024-12-28,Disaster,84,Ranchi,23.1547,85.3078,29.6,4.0,Natural,Coastal Erosion,40,Accelerated coastal erosion threatening coastal communities and infrastructure.,False
2024-12-28,Medical,63,Bhubaneswar,20.3974,86.0143,11.8,5.1,Healthcare,Leptospirosis Cases,74,Post-flood leptospirosis cases reported in affected areas.,False
2024-12-28,Disaster,65,Agartala,23.7804,91.3819,28.6,7.2,Natural,Flash Flood,143,Sudden flooding due to heavy rainfall overwhelming drainage systems.,False
2024-12-28,Disaster,125,Chennai,12.9195,80.1592,19.2,8.0,Catastrophic,Stadium Stampede,145,Crowd control incident at stadium leading to injuries.,False
2024-12-28,Police,23,Imphal,24.8607,93.8228,12.2,9.7,Catastrophic,Gas Leak,75,Toxic gas leak from industrial facility affecting nearby residential areas.,True
2024-12-28,Disaster,78,Hyderabad,17.1881,78.5754,22.1,8.7,Catastrophic,Power Plant Failure,143,Critical failure at power generation facility affecting power supply.,True
2024-12-28,Disaster,53,Agra,27.2696,77.9727,22.3,5.7,Natural,Fog-Related Accidents,123,Fog-Related Accidents requiring emergency response.,False
2024-12-29,Medical,35,Agartala,23.8399,91.3776,13.8,4.8,Healthcare,Mumps Cases,8,Multiple mumps cases reported in schools and communities.,False
2024-12-29,Disaster,90,Lucknow,26.8738,80.807,24.7,5.4,Natural,Cold Wave,79,Severe cold conditions affecting normal life and causing health emergencies.,False
2024-12-29,Fire,22,Kolkata,22.7354,88.5555,12.2,8.9,Catastrophic,Refinery Fire,82,Fire at oil refinery requiring specialized firefighting and evacuation.,True
2024-12-30,Medical,72,Goa,15.2752,73.9787,11.9,4.0,Healthcare,Gastroenteritis Outbreak,112,"Outbreak of gastroenteritis affecting multiple communities, likely from contaminated water.",False
2024-12-30,Medical,54,Imphal,24.9831,93.8745,12.4,3.8,Healthcare,Leptospirosis Cases,44,Post-flood leptospirosis cases reported in affected areas.,False
2024-12-30,Disaster,63,Jaipur,26.9877,75.9514,23.8,9.2,Natural,Fog-Related Accidents,100,Fog-Related Accidents requiring emergency response.,True
2024-12-30,Disaster,43,Hyderabad,17.4721,78.6079,16.8,5.2,Natural,Thunderstorm,111,Severe thunderstorm with lightning causing damages and injuries.,False
2024-12-30,Disaster,54,Leh,34.0841,77.5327,32.0,7.5,Natural,Fog-Related Accidents,62,Fog-Related Accidents requiring emergency response.,False
2024-12-30,Fire,23,Ranchi,23.4252,85.3644,18.2,6.3,Catastrophic,Market Fire,39,Major fire in crowded market area causing property damage and business disruption.,False
2024-12-30,Disaster,94,Bhubaneswar,20.4572,85.9997,33.1,7.4,Natural,Heavy Rainfall,127,Unusually heavy rainfall causing urban flooding and infrastructure damage.,False
2024-12-31,Medical,74,Agartala,23.8937,91.104,11.3,3.8,Healthcare,Malaria Surge,72,"Increased malaria cases reported in rural areas, requiring medical intervention.",False
2024-12-31,Medical,75,Coimbatore,11.1965,76.884,13.4,5.1,Healthcare,Dengue Outbreak,9,"Surge in dengue fever cases following monsoon rains, straining local healthcare facilities.",False
2024-12-31,Disaster,70,Vijayawada,16.3577,80.5332,23.1,8.5,Catastrophic,Power Plant Failure,146,Critical failure at power generation facility affecting power supply.,True
2024-12-31,Fire,29,Surat,21.2398,72.9152,15.1,8.0,Catastrophic,Factory Explosion,5,Explosion at manufacturing facility causing casualties and structural damage.,False
2024-12-31,Disaster,90,Chandigarh,30.7937,76.7669,20.8,9.3,Natural,Heavy Snowfall,41,Heavy Snowfall requiring emergency response.,True
2024-12-31,Fire,32,Agartala,23.8301,91.2076,12.6,7.0,Natural,Forest Fire,39,Wildfire spreading through forest areas threatening nearby settlements.,False
2025-01-01,Medical,80,Raipur,21.0848,81.4573,10.5,5.2,Healthcare,Mumps Cases,97,Multiple mumps cases reported in schools and communities.,False
2025-01-01,Disaster,98,Jodhpur,26.4113,73.1534,33.0,6.8,Natural,Fog-Related Accidents,146,Fog-Related Accidents requiring emergency response.,False
2025-01-01,Disaster,99,Leh,34.0505,77.6823,25.3,6.2,Natural,Avalanche,105,Snow avalanche in mountainous regions blocking roads and causing casualties.,False
2025-01-01,Medical,48,Indore,22.5313,75.7969,12.0,3.0,Healthcare,Swine Flu Cluster,111,H1N1 influenza cases detected requiring enhanced surveillance and medical response.,False
2025-01-02,Disaster,56,Pune,18.7146,73.924,23.2,4.7,Natural,Heavy Rainfall,90,Unusually heavy rainfall causing urban flooding and infrastructure damage.,False
2025-01-02,Medical,229,Delhi,28.5921,77.2471,10.0,4.0,Healthcare,COVID-19 Cluster,18,Local outbreak of COVID-19 cases requiring medical response and containment measures.,True
2025-01-02,Medical,242,Kohima,25.508,93.9717,14.6,3.6,Healthcare,COVID-19 Cluster,121,Local outbreak of COVID-19 cases requiring medical response and containment measures.,True
2025-01-02,Police,56,Nagpur,21.2353,79.1795,9.3,9.3,Catastrophic,Dam Breach,110,Partial breach of dam structure causing downstream flooding concerns.,True
2025-01-02,Medical,60,Mysore,12.1868,76.8224,11.4,7.3,Catastrophic,Oil Spill,102,Oil spill in water body affecting marine life and coastal communities.,False
2025-01-02,Medical,51,Vadodara,22.2187,73.3722,12.5,2.8,Healthcare,Swine Flu Cluster,121,H1N1 influenza cases detected requiring enhanced surveillance and medical response.,False
2025-01-02,Disaster,45,Mangalore,13.0282,74.8677,25.9,9.1,Natural,Heavy Rainfall,23,Unusually heavy rainfall causing urban flooding and infrastructure damage.,True
2025-01-02,Disaster,215,Mumbai,19.1814,72.7186,17.8,6.8,Catastrophic,Train Derailment,61,Passenger train derailment incident requiring emergency response.,True
2025-01-03,Disaster,41,Amritsar,31.4777,75.0512,31.4,8.3,Natural,Cold Wave,74,Severe cold conditions affecting normal life and causing health emergencies.,True
2025-01-03,Medical,77,Hyderabad,17.4002,78.4023,9.1,5.9,Healthcare,Hepatitis Outbreak,60,Outbreak of hepatitis cases linked to contaminated water sources.,False
2025-01-03,Medical,62,Bhopal,23.4311,77.2981,15.5,5.0,Healthcare,Gastroenteritis Outbreak,98,"Outbreak of gastroenteritis affecting multiple communities, likely from contaminated water.",False
2025-01-03,Disaster,54,Amritsar,31.7979,74.8287,22.5,5.8,Natural,Fog-Related Accidents,22,Fog-Related Accidents requiring emergency response.,False
2025-01-03,Fire,25,Agartala,24.0009,91.3255,14.0,8.0,Catastrophic,Factory Explosion,127,Explosion at manufacturing facility causing casualties and structural damage.,False
2025-01-03,Disaster,82,Leh,34.1811,77.4274,21.5,8.6,Natural,Heavy Snowfall,125,Heavy Snowfall requiring emergency response.,True
2025-01-03,Disaster,43,Dehradun,30.4693,78.2315,31.3,6.6,Natural,Cold Wave,65,Severe cold conditions affecting normal life and causing health emergencies.,False
2025-01-03,Medical,235,Srinagar,33.9843,74.7259,13.3,3.5,Healthcare,COVID-19 Cluster,90,Local outbreak of COVID-19 cases requiring medical response and containment measures.,True
2025-01-04,Medical,46,Leh,34.3144,77.4114,16.4,4.2,Healthcare,Influenza Outbreak,51,Seasonal influenza outbreak with higher than normal hospitalization rates.,False
2025-01-04,Medical,65,Bhubaneswar,20.2986,85.6521,14.7,2.1,Healthcare,Cholera Outbreak,84,Waterborne cholera outbreak in affected areas following contamination of water sources.,False
2025-01-04,Disaster,170,Delhi,28.5985,77.2626,16.6,8.5,Natural,Cold Wave,112,Severe cold conditions affecting normal life and causing health emergencies.,True
2025-01-04,Medical,41,Ahmedabad,23.1756,72.7347,11.7,2.0,Healthcare,Measles Outbreak,139,Measles outbreak reported in communities with low vaccination coverage.,False
2025-01-04,Medical,87,Patna,25.5839,85.3289,13.2,3.0,Healthcare,COVID-19 Cluster,18,Local outbreak of COVID-19 cases requiring medical response and containment measures.,False
2025-01-04,Medical,32,Coimbatore,10.8207,76.9676,14.1,6.5,Healthcare,Gastroenteritis Outbreak,54,"Outbreak of gastroenteritis affecting multiple communities, likely from contaminated water.",False
2025-01-05,Disaster,53,Imphal,24.795,94.0571,33.8,6.7,Natural,Landslide,105,Landslide triggered by heavy rainfall blocking roads and damaging structures.,False
2025-01-05,Disaster,155,Thiruvananthapuram,8.6297,77.1099,25.6,7.8,Natural,Earthquake,21,Seismic activity causing structural damage and disruption.,False
2025-01-05,Disaster,42,Allahabad,25.3937,81.6684,30.6,7.4,Natural,Cold Wave,92,Severe cold conditions affecting normal life and causing health emergencies.,False
2025-01-05,Disaster,81,Surat,21.1385,72.8413,24.2,8.9,Natural,Landslide,150,Landslide triggered by heavy rainfall blocking roads and damaging structures.,True
2025-01-05,Medical,108,Allahabad,25.5909,81.9429,11.0,3.1,Healthcare,COVID-19 Cluster,106,Local outbreak of COVID-19 cases requiring medical response and containment measures.,False
2025-01-06,Disaster,75,Jaipur,26.7681,75.7825,30.3,4.1,Natural,Fog-Related Accidents,21,Fog-Related Accidents requiring emergency response.,False
2025-01-06,Disaster,57,Dehradun,30.4711,78.0371,28.6,7.3,Natural,Heavy Snowfall,112,Heavy Snowfall requiring emergency response.,False
2025-01-06,Medical,57,Varanasi,25.4556,82.8208,12.1,4.1,Healthcare,Influenza Outbreak,66,Seasonal influenza outbreak with higher than normal hospitalization rates.,False
2025-01-07,Medical,184,Gwalior,26.1218,78.1873,12.0,3.6,Healthcare,COVID-19 Cluster,127,Local outbreak of COVID-19 cases requiring medical response and containment measures.,False
2025-01-07,Medical,69,Lucknow,26.8678,80.8842,14.8,3.0,Healthcare,Influenza Outbreak,83,Seasonal influenza outbreak with higher than normal hospitalization rates.,False
2025-01-07,Disaster,47,Ahmedabad,23.119,72.516,23.6,5.8,Natural,Heatwave,112,Prolonged period of extremely high temperatures affecting vulnerable populations.,False
2025-01-07,Medical,49,Varanasi,25.1461,83.0315,12.1,5.4,Healthcare,Influenza Outbreak,144,Seasonal influenza outbreak with higher than normal hospitalization rates.,False
2025-01-07,Fire,36,Vadodara,22.4454,73.3393,16.4,6.5,Catastrophic,Factory Explosion,96,Explosion at manufacturing facility causing casualties and structural damage.,False
2025-01-07,Medical,49,Agartala,23.8683,91.419,17.4,3.0,Healthcare,Mumps Cases,46,Multiple mumps cases reported in schools and communities.,False
2025-01-07,Disaster,86,Amritsar,31.7311,74.7757,28.6,9.1,Natural,Heavy Snowfall,139,Heavy Snowfall requiring emergency response.,True
2025-01-07,Police,60,Nagpur,21.3401,79.0698,11.6,8.9,Catastrophic,Road Collapse,25,Major road collapse due to structural failure or subsidence.,True
2025-01-08,Disaster,153,Bengaluru,12.925,77.7832,18.5,5.5,Natural,Flash Flood,147,Sudden flooding due to heavy rainfall overwhelming drainage systems.,False
2025-01-08,Medical,44,Imphal,24.6948,93.8639,9.9,4.6,Healthcare,Measles Outbreak,139,Measles outbreak reported in communities with low vaccination coverage.,False
2025-01-08,Medical,62,Odisha,20.6695,84.5623,14.2,6.8,Catastrophic,Stadium Stampede,40,Crowd control incident at stadium leading to injuries.,False
2025-01-08,Disaster,77,Jodhpur,26.3731,72.9623,31.6,8.8,Natural,Fog-Related Accidents,70,Fog-Related Accidents requiring emergency response.,True
2025-01-08,Police,130,Bengaluru,13.0116,77.4567,9.0,7.3,Catastrophic,Mine Collapse,100,Collapse in mining operation trapping workers underground.,False
2025-01-08,Police,45,Indore,22.8244,75.8909,10.2,8.2,Catastrophic,Road Collapse,32,Major road collapse due to structural failure or subsidence.,True
2025-01-08,Disaster,97,Mysore,12.396,76.7369,34.2,9.3,Natural,Landslide,46,Landslide triggered by heavy rainfall blocking roads and damaging structures.,True
2025-01-08,Disaster,72,Jaipur,27.0426,75.9603,19.0,7.0,Natural,Fog-Related Accidents,20,Fog-Related Accidents requiring emergency response.,False
2025-01-08,Disaster,58,Indore,22.7745,75.7784,30.6,4.2,Natural,River Overflow,135,River exceeding danger levels and breaching banks causing flooding.,False
2025-01-08,Disaster,81,Visakhapatnam,17.5607,83.0352,29.1,6.2,Natural,Heavy Rainfall,88,Unusually heavy rainfall causing urban flooding and infrastructure damage.,False
2025-01-08,Disaster,129,Mumbai,19.0474,72.8101,19.6,9.3,Catastrophic,Mine Collapse,141,Collapse in mining operation trapping workers underground.,True
2025-01-09,Disaster,98,Ahmedabad,22.8752,72.3731,23.6,7.5,Catastrophic,Mine Collapse,37,Collapse in mining operation trapping workers underground.,False
2025-01-09,Fire,27,Bhopal,23.2669,77.61,18.3,8.3,Catastrophic,Power Plant Failure,101,Critical failure at power generation facility affecting power supply.,True
2025-01-09,Medical,54,Surat,21.118,72.7997,13.1,2.6,Healthcare,Dengue Outbreak,10,"Surge in dengue fever cases following monsoon rains, straining local healthcare facilities.",False
2025-01-09,Medical,36,Gwalior,26.0537,78.0807,16.5,5.5,Healthcare,Influenza Outbreak,111,Seasonal influenza outbreak with higher than normal hospitalization rates.,False
2025-01-10,Fire,38,Vijayawada,16.6227,80.6912,16.4,7.1,Catastrophic,Structural Failure,124,Critical structural failure in public infrastructure requiring evacuation.,False
2025-01-10,Medical,34,Gangtok,27.1805,88.6051,13.6,5.6,Healthcare,Influenza Outbreak,93,Seasonal influenza outbreak with higher than normal hospitalization rates.,False
2025-01-10,Medical,121,Gangtok,27.2251,88.6886,12.0,3.0,Healthcare,COVID-19 Cluster,147,Local outbreak of COVID-19 cases requiring medical response and containment measures.,False
2025-01-10,Medical,78,Nagpur,20.992,78.9466,13.7,4.9,Healthcare,Influenza Outbreak,61,Seasonal influenza outbreak with higher than normal hospitalization rates.,False
2025-01-10,Medical,74,Visakhapatnam,17.553,83.307,12.5,6.6,Healthcare,Malaria Surge,127,"Increased malaria cases reported in rural areas, requiring medical intervention.",False
2025-01-10,Disaster,232,Pune,18.6541,73.7714,20.6,4.4,Natural,Earthquake,118,Seismic activity causing structural damage and disruption.,True
2025-01-10,Medical,42,Gwalior,26.32,78.1315,13.4,2.9,Healthcare,Influenza Outbreak,47,Seasonal influenza outbreak with higher than normal hospitalization rates.,False
2025-01-11,Medical,74,Indore,22.8559,76.0077,15.6,9.3,Catastrophic,Dam Breach,112,Partial breach of dam structure causing downstream flooding concerns.,True
2025-01-11,Disaster,94,Gwalior,26.0311,78.1908,27.8,4.6,Natural,Cold Wave,102,Severe cold conditions affecting normal life and causing health emergencies.,False
2025-01-11,Disaster,78,Coimbatore,11.0429,76.828,27.9,6.4,Natural,Cold Wave,130,Severe cold conditions affecting normal life and causing health emergencies.,False
2025-01-11,Medical,66,Goa,15.3391,73.9618,14.5,4.3,Healthcare,Dengue Outbreak,49,"Surge in dengue fever cases following monsoon rains, straining local healthcare facilities.",False
2025-01-11,Disaster,74,Chandigarh,30.7474,76.6411,27.8,8.8,Natural,Fog-Related Accidents,110,Fog-Related Accidents requiring emergency response.,True
2025-01-11,Fire,37,Goa,15.353,73.9643,15.8,7.9,Catastrophic,Gas Leak,44,Toxic gas leak from industrial facility affecting nearby residential areas.,False
2025-01-12,Disaster,77,Allahabad,25.4858,81.7387,28.8,5.4,Natural,Fog-Related Accidents,24,Fog-Related Accidents requiring emergency response.,False
2025-01-12,Disaster,99,Delhi,28.5394,77.2939,23.5,9.1,Natural,Cold Wave,127,Severe cold conditions affecting normal life and causing health emergencies.,True
2025-01-12,Disaster,105,Mumbai,19.1067,72.9037,21.8,8.9,Catastrophic,Bridge Collapse,129,Collapse of bridge structure affecting transportation and causing casualties.,True
2025-01-12,Medical,48,Chandigarh,30.7545,76.6159,12.3,2.5,Healthcare,Influenza Outbreak,91,Seasonal influenza outbreak with higher than normal hospitalization rates.,False
2025-01-12,Fire,14,Nagpur,21.0863,79.0882,14.8,6.3,Catastrophic,Dam Breach,108,Partial breach of dam structure causing downstream flooding concerns.,False
2025-01-12,Disaster,51,Guwahati,26.2335,91.8114,35.1,7.2,Natural,Cold Wave,95,Severe cold conditions affecting normal life and causing health emergencies.,False
2025-01-12,Medical,113,Dehradun,30.1447,78.1795,17.3,3.0,Healthcare,COVID-19 Cluster,82,Local outbreak of COVID-19 cases requiring medical response and containment measures.,False
2025-01-13,Medical,88,Udaipur,24.622,73.6119,14.8,4.1,Healthcare,COVID-19 Cluster,110,Local outbreak of COVID-19 cases requiring medical response and containment measures.,False
2025-01-13,Disaster,77,Varanasi,25.4091,83.0004,27.4,8.3,Natural,Fog-Related Accidents,77,Fog-Related Accidents requiring emergency response.,True
2025-01-13,Disaster,99,Agra,27.1888,78.127,32.5,5.2,Natural,Fog-Related Accidents,71,Fog-Related Accidents requiring emergency response.,False
2025-01-13,Disaster,64,Leh,34.3401,77.7448,25.5,9.1,Natural,Fog-Related Accidents,51,Fog-Related Accidents requiring emergency response.,True
2025-01-14,Medical,70,Imphal,24.8233,93.8295,10.7,8.3,Catastrophic,Stadium Stampede,49,Crowd control incident at stadium leading to injuries.,True
2025-01-14,Fire,16,Bhubaneswar,20.4677,85.7029,16.4,8.7,Catastrophic,Structural Failure,31,Critical structural failure in public infrastructure requiring evacuation.,True
2025-01-14,Disaster,136,Delhi,28.6841,77.3149,15.6,8.8,Natural,Cold Wave,89,Severe cold conditions affecting normal life and causing health emergencies.,True
2025-01-15,Medical,87,Mumbai,19.0062,72.897,8.0,5.3,Healthcare,Encephalitis Cluster,93,"Cluster of encephalitis cases reported, primarily affecting children in the region.",False
2025-01-15,Medical,59,Varanasi,25.5045,82.8701,15.3,2.9,Healthcare,Influenza Outbreak,17,Seasonal influenza outbreak with higher than normal hospitalization rates.,False
2025-01-15,Disaster,91,Surat,21.359,72.6776,29.7,4.6,Natural,Drought,167,Prolonged dry period affecting agriculture and water availability.,False
2025-01-15,Medical,75,Mumbai,18.9629,73.0232,10.8,3.2,Healthcare,Heatstroke Wave,22,"Multiple cases of heatstroke amid extreme temperatures, affecting vulnerable populations.",False
2025-01-15,Police,40,Indore,22.6496,75.8032,9.8,9.4,Catastrophic,Tunnel Collapse,30,Collapse in tunnel structure trapping vehicles and people.,True
2025-01-15,Medical,59,Nagpur,21.0645,78.938,12.3,5.5,Healthcare,Hepatitis Outbreak,69,Outbreak of hepatitis cases linked to contaminated water sources.,False
2025-01-15,Disaster,96,Shimla,31.2282,77.2883,28.3,6.8,Natural,Cold Wave,50,Severe cold conditions affecting normal life and causing health emergencies.,False
2025-01-15,Disaster,80,Ahmedabad,23.1159,72.6521,24.3,4.5,Natural,Coastal Erosion,126,Accelerated coastal erosion threatening coastal communities and infrastructure.,False
2025-01-16,Disaster,52,Chandigarh,30.5691,76.904,30.1,8.0,Natural,Heavy Snowfall,75,Heavy Snowfall requiring emergency response.,False
2025-01-16,Disaster,88,Guwahati,26.065,91.6069,29.4,5.8,Natural,Cold Wave,67,Severe cold conditions affecting normal life and causing health emergencies.,False
2025-01-16,Disaster,59,Varanasi,25.4431,83.0607,26.4,7.9,Natural,Cold Wave,145,Severe cold conditions affecting normal life and causing health emergencies.,False
2025-01-16,Disaster,100,Dehradun,30.3227,77.9206,26.9,4.8,Natural,Cold Wave,128,Severe cold conditions affecting normal life and causing health emergencies.,False
2025-01-16,Disaster,65,Varanasi,25.1671,82.9689,21.5,4.8,Natural,Fog-Related Accidents,32,Fog-Related Accidents requiring emergency response.,False
2025-01-16,Fire,24,Odisha,20.6375,84.6972,13.8,6.9,Catastrophic,Refinery Fire,20,Fire at oil refinery requiring specialized firefighting and evacuation.,False
2025-01-16,Medical,77,Thiruvananthapuram,8.5915,77.0023,13.4,5.5,Healthcare,Measles Outbreak,125,Measles outbreak reported in communities with low vaccination coverage.,False
2025-01-16,Medical,60,Aizawl,23.8952,92.8516,12.1,6.4,Catastrophic,Train Derailment,112,Passenger train derailment incident requiring emergency response.,False
2025-01-17,Medical,91,Shimla,31.0029,76.9951,17.0,5.3,Healthcare,COVID-19 Cluster,53,Local outbreak of COVID-19 cases requiring medical response and containment measures.,False
2025-01-17,Disaster,71,Visakhapatnam,17.6239,83.3065,31.8,7.9,Natural,Landslide,145,Landslide triggered by heavy rainfall blocking roads and damaging structures.,False
2025-01-17,Disaster,56,Varanasi,25.2113,83.1478,23.0,9.1,Natural,Fog-Related Accidents,107,Fog-Related Accidents requiring emergency response.,True
2025-01-17,Disaster,78,Kochi,10.0954,76.1254,25.7,6.4,Catastrophic,Dam Breach,56,Partial breach of dam structure causing downstream flooding concerns.,False
2025-01-17,Disaster,49,Vadodara,22.3724,73.2896,20.8,7.6,Catastrophic,Gas Leak,102,Toxic gas leak from industrial facility affecting nearby residential areas.,False
2025-01-18,Fire,29,Bhopal,23.2952,77.6042,18.3,7.2,Catastrophic,Refinery Fire,106,Fire at oil refinery requiring specialized firefighting and evacuation.,False
2025-01-18,Medical,41,Aizawl,23.8244,92.5698,15.1,6.9,Healthcare,Heatstroke Wave,88,"Multiple cases of heatstroke amid extreme temperatures, affecting vulnerable populations.",False
2025-01-18,Medical,253,Agartala,23.9445,91.2623,11.7,4.0,Healthcare,COVID-19 Cluster,149,Local outbreak of COVID-19 cases requiring medical response and containment measures.,True
2025-01-18,Medical,163,Varanasi,25.1482,83.0272,12.2,5.9,Healthcare,COVID-19 Cluster,27,Local outbreak of COVID-19 cases requiring medical response and containment measures.,False
2025-01-18,Disaster,40,Jodhpur,26.1281,72.9677,21.3,7.4,Natural,Fog-Related Accidents,121,Fog-Related Accidents requiring emergency response.,False
2025-01-18,Medical,80,Vijayawada,16.4141,80.7421,11.4,3.7,Healthcare,Hepatitis Outbreak,11,Outbreak of hepatitis cases linked to contaminated water sources.,False
2025-01-18,Medical,151,Bengaluru,12.8458,77.6819,10.5,6.6,Healthcare,Measles Outbreak,122,Measles outbreak reported in communities with low vaccination coverage.,False
2025-01-18,Medical,36,Kohima,25.7658,94.1632,14.0,6.2,Healthcare,Influenza Outbreak,112,Seasonal influenza outbreak with higher than normal hospitalization rates.,False
2025-01-18,Medical,307,Allahabad,25.5136,81.6698,11.5,6.1,Healthcare,COVID-19 Cluster,11,Local outbreak of COVID-19 cases requiring medical response and containment measures.,True
2025-01-19,Fire,12,Surat,21.3673,72.639,12.8,6.2,Catastrophic,Market Fire,46,Major fire in crowded market area causing property damage and business disruption.,False
2025-01-19,Medical,137,Amritsar,31.6439,74.9856,14.1,5.2,Healthcare,COVID-19 Cluster,47,Local outbreak of COVID-19 cases requiring medical response and containment measures.,False
2025-01-19,Fire,19,Raipur,21.0778,81.7397,18.5,7.0,Catastrophic,Power Plant Failure,22,Critical failure at power generation facility affecting power supply.,False
2025-01-19,Disaster,40,Kohima,25.6993,94.1306,30.5,6.9,Natural,Cold Wave,82,Severe cold conditions affecting normal life and causing health emergencies.,False
2025-01-20,Police,44,Indore,22.9161,75.961,10.6,9.7,Catastrophic,Tunnel Collapse,124,Collapse in tunnel structure trapping vehicles and people.,True
2025-01-20,Medical,64,Gwalior,26.0481,77.989,11.0,6.0,Healthcare,Influenza Outbreak,78,Seasonal influenza outbreak with higher than normal hospitalization rates.,False
2025-01-20,Disaster,68,Indore,22.7769,75.7013,25.7,7.8,Natural,River Overflow,139,River exceeding danger levels and breaching banks causing flooding.,False
2025-01-20,Disaster,95,Ahmedabad,22.8783,72.7092,20.7,7.7,Natural,Avalanche,68,Snow avalanche in mountainous regions blocking roads and causing casualties.,False
2025-01-21,Medical,142,Amritsar,31.6263,74.7642,15.7,6.6,Healthcare,COVID-19 Cluster,138,Local outbreak of COVID-19 cases requiring medical response and containment measures.,False
2025-01-21,Medical,36,Mysore,12.425,76.706,12.4,5.7,Healthcare,Mumps Cases,41,Multiple mumps cases reported in schools and communities.,False
2025-01-21,Disaster,100,Agra,27.2195,77.8937,24.3,5.3,Natural,Fog-Related Accidents,98,Fog-Related Accidents requiring emergency response.,False
2025-01-21,Disaster,69,Jaipur,26.9931,75.7512,22.2,9.2,Natural,Fog-Related Accidents,88,Fog-Related Accidents requiring emergency response.,True
2025-01-21,Disaster,67,Agra,27.1645,78.0494,28.4,4.8,Natural,Cold Wave,57,Severe cold conditions affecting normal life and causing health emergencies.,False
2025-01-21,Disaster,59,Srinagar,34.136,74.6863,29.4,6.9,Natural,Heavy Snowfall,67,Heavy Snowfall requiring emergency response.,False
2025-01-22,Medical,45,Aizawl,23.8998,92.8479,12.2,9.6,Catastrophic,Power Plant Failure,100,Critical failure at power generation facility affecting power supply.,True
2025-01-22,Disaster,100,Agartala,23.6953,91.441,31.7,8.3,Natural,Avalanche,107,Snow avalanche in mountainous regions blocking roads and causing casualties.,True
2025-01-22,Disaster,69,Patna,25.4973,85.1184,25.4,5.8,Natural,Fog-Related Accidents,133,Fog-Related Accidents requiring emergency response.,False
2025-01-22,Medical,54,Bhopal,23.2634,77.4073,12.9,4.6,Healthcare,Leptospirosis Cases,87,Post-flood leptospirosis cases reported in affected areas.,False
2025-01-22,Disaster,86,Guwahati,26.0002,91.7712,27.1,7.1,Natural,Cold Wave,85,Severe cold conditions affecting normal life and causing health emergencies.,False
2025-01-22,Medical,68,Ahmedabad,23.0272,72.6123,9.5,6.8,Healthcare,Food Poisoning Incident,139,Mass food poisoning incident requiring emergency medical response.,False
2025-01-22,Medical,123,Amritsar,31.5582,74.8747,11.7,2.9,Healthcare,COVID-19 Cluster,56,Local outbreak of COVID-19 cases requiring medical response and containment measures.,False
2025-01-22,Disaster,57,Agartala,23.7305,91.0979,27.9,4.6,Natural,Dust Storm,27,Severe dust storm reducing visibility and causing respiratory issues.,False
2025-01-22,Disaster,83,Chennai,13.0803,80.0944,24.5,6.4,Natural,Coastal Erosion,26,Accelerated coastal erosion threatening coastal communities and infrastructure.,False
2025-01-22,Medical,189,Hyderabad,17.1877,78.4561,9.6,6.7,Healthcare,COVID-19 Cluster,124,Local outbreak of COVID-19 cases requiring medical response and containment measures.,False
2025-01-22,Fire,20,Agartala,23.9412,91.4295,14.6,5.7,Natural,Forest Fire,48,Wildfire spreading through forest areas threatening nearby settlements.,False
2025-01-22,Disaster,84,Jaipur,26.832,75.8516,32.8,7.0,Natural,Fog-Related Accidents,109,Fog-Related Accidents requiring emergency response.,False
2025-01-23,Medical,204,Kochi,10.0973,76.2752,13.6,6.9,Healthcare,COVID-19 Cluster,100,Local outbreak of COVID-19 cases requiring medical response and containment measures.,True
2025-01-23,Police,55,Thiruvananthapuram,8.4746,76.8251,9.8,8.7,Catastrophic,Road Collapse,86,Major road collapse due to structural failure or subsidence.,True
2025-01-23,Disaster,79,Aizawl,23.5369,92.8577,31.7,8.6,Natural,River Overflow,40,River exceeding danger levels and breaching banks causing flooding.,True
2025-01-23,Disaster,92,Ranchi,23.5355,85.1213,32.2,9.3,Natural,Heavy Rainfall,61,Unusually heavy rainfall causing urban flooding and infrastructure damage.,True
2025-01-23,Police,34,Ahmedabad,22.9321,72.4988,8.2,9.2,Catastrophic,Bridge Collapse,106,Collapse of bridge structure affecting transportation and causing casualties.,True
2025-01-23,Disaster,63,Aizawl,23.8962,92.9127,30.4,4.3,Natural,Heatwave,97,Prolonged period of extremely high temperatures affecting vulnerable populations.,False
2025-01-23,Disaster,49,Visakhapatnam,17.8617,83.3328,27.1,4.9,Natural,Heavy Rainfall,11,Unusually heavy rainfall causing urban flooding and infrastructure damage.,False
2025-01-24,Medical,72,Bhopal,23.3796,77.5599,15.5,7.0,Healthcare,Heatstroke Wave,104,"Multiple cases of heatstroke amid extreme temperatures, affecting vulnerable populations.",False
2025-01-24,Disaster,67,Leh,33.9613,77.3949,35.6,8.7,Natural,Cold Wave,142,Severe cold conditions affecting normal life and causing health emergencies.,True
2025-01-25,Medical,92,Allahabad,25.4599,81.7742,14.0,3.4,Healthcare,COVID-19 Cluster,96,Local outbreak of COVID-19 cases requiring medical response and containment measures.,False
2025-01-25,Medical,34,Leh,34.1643,77.3791,10.1,4.8,Healthcare,Influenza Outbreak,37,Seasonal influenza outbreak with higher than normal hospitalization rates.,False
2025-01-25,Medical,53,Gwalior,26.0721,78.3293,10.5,4.0,Healthcare,Influenza Outbreak,71,Seasonal influenza outbreak with higher than normal hospitalization rates.,False
2025-01-25,Disaster,87,Mysore,12.3099,76.5859,28.7,5.6,Natural,Thunderstorm,146,Severe thunderstorm with lightning causing damages and injuries.,False
2025-01-25,Fire,12,Kochi,9.8997,76.3722,17.4,8.6,Catastrophic,Dam Breach,27,Partial breach of dam structure causing downstream flooding concerns.,True
2025-01-25,Disaster,214,Mumbai,19.1175,73.0418,17.6,8.1,Natural,River Overflow,26,River exceeding danger levels and breaching banks causing flooding.,True
2025-01-25,Disaster,94,Agra,27.3005,77.8202,21.4,4.1,Natural,Cold Wave,108,Severe cold conditions affecting normal life and causing health emergencies.,False
2025-01-26,Fire,27,Agartala,23.6459,91.3171,17.9,8.6,Catastrophic,Structural Failure,62,Critical structural failure in public infrastructure requiring evacuation.,True
2025-01-26,Disaster,73,Kohima,25.7443,93.9652,28.3,5.3,Natural,Cold Wave,110,Severe cold conditions affecting normal life and causing health emergencies.,False
2025-01-26,Medical,101,Chandigarh,30.6617,76.6008,13.3,3.4,Healthcare,COVID-19 Cluster,101,Local outbreak of COVID-19 cases requiring medical response and containment measures.,False
2025-01-26,Medical,146,Bengaluru,13.1244,77.5333,10.2,3.6,Healthcare,Gastroenteritis Outbreak,8,"Outbreak of gastroenteritis affecting multiple communities, likely from contaminated water.",False
2025-01-26,Disaster,94,Bhopal,23.2567,77.3409,26.1,8.7,Catastrophic,Mine Collapse,141,Collapse in mining operation trapping workers underground.,True
2025-01-26,Disaster,43,Shimla,31.0268,77.1084,30.8,4.4,Natural,Heavy Snowfall,93,Heavy Snowfall requiring emergency response.,False
2025-01-26,Disaster,98,Mangalore,13.0826,74.8317,31.6,9.1,Catastrophic,Train Derailment,34,Passenger train derailment incident requiring emergency response.,True
2025-01-27,Police,23,Kochi,9.8013,76.1089,14.6,6.1,Catastrophic,Stadium Stampede,67,Crowd control incident at stadium leading to injuries.,False
2025-01-27,Fire,21,Aizawl,23.8608,92.5668,20.2,8.7,Catastrophic,Structural Failure,72,Critical structural failure in public infrastructure requiring evacuation.,True
2025-01-27,Disaster,50,Leh,34.2806,77.5132,21.0,9.1,Natural,Fog-Related Accidents,112,Fog-Related Accidents requiring emergency response.,True
2025-01-27,Disaster,99,Shillong,25.3947,91.721,29.9,4.4,Natural,Fog-Related Accidents,46,Fog-Related Accidents requiring emergency response.,False
2025-01-27,Disaster,51,Gwalior,26.204,78.3679,27.6,9.2,Natural,Cold Wave,57,Severe cold conditions affecting normal life and causing health emergencies.,True
2025-01-27,Disaster,67,Jodhpur,26.2644,72.8907,23.0,8.9,Natural,Fog-Related Accidents,107,Fog-Related Accidents requiring emergency response.,True
2025-01-27,Police,50,Bengaluru,13.0144,77.4815,7.3,6.6,Catastrophic,Construction Site Accident,126,Accident at major construction site requiring emergency response.,False
2025-01-28,Medical,32,Mysore,12.2242,76.7571,13.9,4.2,Healthcare,Heatstroke Wave,32,"Multiple cases of heatstroke amid extreme temperatures, affecting vulnerable populations.",False
2025-01-28,Disaster,82,Imphal,24.9579,94.1138,28.3,4.6,Natural,Monsoon Flooding,165,Widespread flooding due to monsoon rains affecting multiple areas.,False
2025-01-28,Disaster,59,Gwalior,26.0758,78.3274,25.7,5.9,Natural,Fog-Related Accidents,128,Fog-Related Accidents requiring emergency response.,False
2025-01-28,Medical,60,Surat,21.1641,72.8059,13.1,4.5,Healthcare,Hepatitis Outbreak,43,Outbreak of hepatitis cases linked to contaminated water sources.,False
2025-01-28,Medical,38,Vadodara,22.4332,73.3377,14.4,3.1,Healthcare,Cholera Outbreak,27,Waterborne cholera outbreak in affected areas following contamination of water sources.,False
2025-01-28,Disaster,127,Delhi,28.4552,77.1582,24.3,7.8,Natural,Cold Wave,85,Severe cold conditions affecting normal life and causing health emergencies.,False
2025-01-29,Medical,75,Visakhapatnam,17.8291,83.2843,14.3,5.4,Healthcare,Dengue Outbreak,138,"Surge in dengue fever cases following monsoon rains, straining local healthcare facilities.",False
2025-01-29,Medical,31,Aizawl,23.529,92.9146,11.6,5.5,Healthcare,Heatstroke Wave,148,"Multiple cases of heatstroke amid extreme temperatures, affecting vulnerable populations.",False
2025-01-29,Medical,95,Dehradun,30.336,78.1794,13.5,3.2,Healthcare,COVID-19 Cluster,58,Local outbreak of COVID-19 cases requiring medical response and containment measures.,False
2025-01-29,Medical,339,Delhi,28.7062,77.121,9.0,2.8,Healthcare,COVID-19 Cluster,77,Local outbreak of COVID-19 cases requiring medical response and containment measures.,True
2025-01-29,Medical,89,Vijayawada,16.7037,80.5125,10.0,2.5,Healthcare,COVID-19 Cluster,52,Local outbreak of COVID-19 cases requiring medical response and containment measures.,False
2025-01-29,Disaster,74,Udaipur,24.4942,73.9077,36.5,5.9,Natural,Coastal Erosion,117,Accelerated coastal erosion threatening coastal communities and infrastructure.,False
2025-01-29,Disaster,60,Amritsar,31.6217,74.8796,28.0,7.1,Natural,Heavy Snowfall,141,Heavy Snowfall requiring emergency response.,False
2025-01-29,Disaster,68,Varanasi,25.5022,82.9584,24.3,6.6,Natural,Fog-Related Accidents,116,Fog-Related Accidents requiring emergency response.,False
2025-01-30,Disaster,90,Gwalior,26.0344,78.1003,24.3,4.3,Natural,Fog-Related Accidents,9,Fog-Related Accidents requiring emergency response.,False
2025-01-30,Disaster,151,Visakhapatnam,17.7897,83.2138,20.3,8.2,Natural,Cyclone,110,Tropical cyclone making landfall with strong winds and heavy rainfall causing widespread damage.,True
2025-01-30,Medical,35,Aizawl,23.8323,92.8506,11.5,7.6,Catastrophic,Dam Breach,110,Partial breach of dam structure causing downstream flooding concerns.,False
2025-01-30,Disaster,57,Coimbatore,11.1226,77.0343,32.3,7.7,Natural,Lightning Strike Incident,59,Multiple lightning strikes causing casualties and property damage.,False
2025-01-30,Disaster,52,Kochi,9.8929,76.215,28.5,5.4,Natural,Cold Wave,68,Severe cold conditions affecting normal life and causing health emergencies.,False
2025-01-30,Disaster,44,Coimbatore,10.9045,76.9858,25.3,7.0,Catastrophic,Dam Breach,61,Partial breach of dam structure causing downstream flooding concerns.,False
2025-01-30,Disaster,91,Thiruvananthapuram,8.6926,77.0439,31.0,8.1,Natural,Lightning Strike Incident,120,Multiple lightning strikes causing casualties and property damage.,True
2025-01-30,Medical,78,Mysore,12.3556,76.6987,12.6,6.9,Healthcare,Swine Flu Cluster,74,H1N1 influenza cases detected requiring enhanced surveillance and medical response.,False
2025-01-30,Disaster,67,Leh,34.1601,77.6054,25.2,7.5,Natural,Avalanche,131,Snow avalanche in mountainous regions blocking roads and causing casualties.,False
2025-01-30,Disaster,78,Kohima,25.5741,94.0167,30.1,9.3,Natural,Cold Wave,122,Severe cold conditions affecting normal life and causing health emergencies.,True
2025-01-31,Disaster,62,Pune,18.3513,73.705,15.3,6.3,Catastrophic,Road Collapse,61,Major road collapse due to structural failure or subsidence.,False
2025-01-31,Disaster,52,Gangtok,27.3388,88.7925,27.2,7.5,Natural,Cold Wave,144,Severe cold conditions affecting normal life and causing health emergencies.,False
2025-01-31,Disaster,62,Indore,22.7888,75.7419,29.3,9.2,Natural,Drought,199,Prolonged dry period affecting agriculture and water availability.,True
2025-01-31,Medical,181,Agra,27.0861,77.9643,11.1,5.9,Healthcare,COVID-19 Cluster,71,Local outbreak of COVID-19 cases requiring medical response and containment measures.,False
2025-02-01,Medical,104,Chennai,12.9639,80.1088,11.7,4.8,Healthcare,Swine Flu Cluster,12,H1N1 influenza cases detected requiring enhanced surveillance and medical response.,False
2025-02-01,Medical,121,Jodhpur,26.185,73.1446,16.8,6.9,Healthcare,COVID-19 Cluster,47,Local outbreak of COVID-19 cases requiring medical response and containment measures.,False
2025-02-01,Medical,137,Mumbai,18.9605,72.8749,8.6,5.3,Healthcare,Food Poisoning Incident,84,Mass food poisoning incident requiring emergency medical response.,False
2025-02-01,Medical,150,Shillong,25.5831,91.7468,14.3,5.8,Healthcare,COVID-19 Cluster,27,Local outbreak of COVID-19 cases requiring medical response and containment measures.,False
2025-02-01,Police,27,Visakhapatnam,17.6156,83.0312,10.6,7.7,Catastrophic,Industrial Accident,86,Accident at industrial facility causing multiple injuries and damage.,False
2025-02-01,Medical,32,Imphal,24.7976,93.9061,11.0,5.8,Healthcare,Heatstroke Wave,78,"Multiple cases of heatstroke amid extreme temperatures, affecting vulnerable populations.",False
2025-02-01,Disaster,56,Patna,25.785,85.3159,26.6,6.4,Natural,Fog-Related Accidents,136,Fog-Related Accidents requiring emergency response.,False
2025-02-01,Fire,17,Vijayawada,16.5026,80.6922,15.3,7.0,Catastrophic,Stadium Stampede,81,Crowd control incident at stadium leading to injuries.,False
2025-02-01,Disaster,63,Amritsar,31.6837,74.8983,24.5,7.2,Natural,Avalanche,26,Snow avalanche in mountainous regions blocking roads and causing casualties.,False
2025-02-02,Disaster,93,Nagpur,21.3147,79.1463,25.2,9.2,Natural,Coastal Flooding,80,Coastal areas inundated due to high tides and storm surge.,True
2025-02-02,Disaster,53,Aizawl,23.6916,92.6683,22.1,8.2,Catastrophic,Dam Breach,18,Partial breach of dam structure causing downstream flooding concerns.,True
2025-02-02,Disaster,69,Bhopal,23.3203,77.2374,31.8,7.0,Catastrophic,Mine Collapse,70,Collapse in mining operation trapping workers underground.,False
2025-02-02,Disaster,55,Allahabad,25.4534,81.9609,26.5,9.2,Natural,Cold Wave,104,Severe cold conditions affecting normal life and causing health emergencies.,True
2025-02-02,Medical,45,Hyderabad,17.502,78.5648,9.7,2.7,Healthcare,Gastroenteritis Outbreak,63,"Outbreak of gastroenteritis affecting multiple communities, likely from contaminated water.",False
2025-02-02,Medical,41,Raipur,21.137,81.7023,14.7,3.8,Healthcare,Mumps Cases,60,Multiple mumps cases reported in schools and communities.,False
2025-02-02,Disaster,80,Ahmedabad,22.9728,72.416,22.5,7.7,Catastrophic,Building Collapse,144,Multi-story building collapse trapping residents and causing casualties.,False
2025-02-02,Medical,51,Imphal,24.8954,94.0954,14.6,3.0,Healthcare,Cholera Outbreak,141,Waterborne cholera outbreak in affected areas following contamination of water sources.,False
2025-02-02,Disaster,51,Goa,15.2897,73.9748,25.1,8.4,Natural,Heatwave,112,Prolonged period of extremely high temperatures affecting vulnerable populations.,True
2025-02-02,Disaster,188,Kolkata,22.6864,88.317,19.1,7.4,Natural,Lightning Strike Incident,22,Multiple lightning strikes causing casualties and property damage.,False
2025-02-03,Medical,208,Allahabad,25.5883,81.806,11.4,3.9,Healthcare,COVID-19 Cluster,7,Local outbreak of COVID-19 cases requiring medical response and containment measures.,True
2025-02-03,Disaster,57,Dehradun,30.428,78.0066,33.0,7.8,Natural,Heavy Snowfall,105,Heavy Snowfall requiring emergency response.,False
2025-02-03,Medical,43,Srinagar,34.1348,74.8619,10.9,4.9,Healthcare,Influenza Outbreak,131,Seasonal influenza outbreak with higher than normal hospitalization rates.,False
2025-02-03,Medical,120,Jodhpur,26.2793,73.1601,13.2,3.0,Healthcare,COVID-19 Cluster,74,Local outbreak of COVID-19 cases requiring medical response and containment measures.,False
2025-02-03,Disaster,106,Delhi,28.6046,77.1881,17.4,8.4,Natural,Fog-Related Accidents,40,Fog-Related Accidents requiring emergency response.,True
2025-02-03,Medical,39,Chandigarh,30.7611,76.6868,13.3,5.3,Healthcare,Influenza Outbreak,124,Seasonal influenza outbreak with higher than normal hospitalization rates.,False
2025-02-03,Disaster,59,Shillong,25.4393,91.821,26.2,8.9,Natural,Cold Wave,114,Severe cold conditions affecting normal life and causing health emergencies.,True
2025-02-03,Medical,54,Amritsar,31.8152,74.8569,11.9,4.8,Healthcare,Influenza Outbreak,88,Seasonal influenza outbreak with higher than normal hospitalization rates.,False
2025-02-03,Medical,67,Vadodara,22.3988,73.0672,11.4,4.2,Healthcare,Cholera Outbreak,27,Waterborne cholera outbreak in affected areas following contamination of water sources.,False
2025-02-03,Disaster,46,Goa,15.3826,74.16,26.8,9.1,Natural,Flash Flood,117,Sudden flooding due to heavy rainfall overwhelming drainage systems.,True
2025-02-03,Disaster,43,Leh,34.0595,77.5129,34.4,9.0,Natural,Fog-Related Accidents,38,Fog-Related Accidents requiring emergency response.,True
2025-02-03,Disaster,43,Hyderabad,17.3966,78.2886,16.7,9.3,Natural,Monsoon Flooding,147,Widespread flooding due to monsoon rains affecting multiple areas.,True
2025-02-04,Medical,99,Kolkata,22.4585,88.4124,9.4,4.3,Healthcare,Malaria Surge,106,"Increased malaria cases reported in rural areas, requiring medical intervention.",False
2025-02-04,Medical,265,Shimla,30.9519,77.0628,13.2,2.2,Healthcare,COVID-19 Cluster,65,Local outbreak of COVID-19 cases requiring medical response and containment measures.,True
2025-02-04,Disaster,91,Delhi,28.6324,77.242,18.2,7.0,Natural,Fog-Related Accidents,111,Fog-Related Accidents requiring emergency response.,False
2025-02-04,Disaster,77,Bhopal,23.1152,77.6048,30.3,6.7,Natural,Cold Wave,129,Severe cold conditions affecting normal life and causing health emergencies.,False
2025-02-05,Disaster,43,Jodhpur,26.146,73.2041,32.7,7.9,Natural,Cold Wave,70,Severe cold conditions affecting normal life and causing health emergencies.,False
2025-02-05,Disaster,57,Kohima,25.5667,94.1322,28.0,7.7,Natural,Cold Wave,132,Severe cold conditions affecting normal life and causing health emergencies.,False
2025-02-05,Fire,34,Vijayawada,16.5098,80.5835,18.2,7.0,Catastrophic,Stadium Stampede,38,Crowd control incident at stadium leading to injuries.,False
2025-02-05,Fire,39,Bhubaneswar,20.3217,85.7696,15.6,7.6,Catastrophic,Industrial Fire,46,Major fire at industrial facility requiring evacuation and specialized response.,False
2025-02-05,Fire,63,Mumbai,19.2217,73.0555,13.3,7.2,Catastrophic,Factory Explosion,130,Explosion at manufacturing facility causing casualties and structural damage.,False
2025-02-05,Disaster,58,Srinagar,34.0733,74.8544,33.3,7.8,Natural,Heavy Snowfall,34,Heavy Snowfall requiring emergency response.,False
2025-02-05,Disaster,66,Patna,25.7265,85.1431,23.7,8.9,Natural,Fog-Related Accidents,93,Fog-Related Accidents requiring emergency response.,True
2025-02-05,Disaster,55,Ranchi,23.2187,85.1836,30.1,4.9,Natural,Landslide,49,Landslide triggered by heavy rainfall blocking roads and damaging structures.,False
2025-02-05,Medical,40,Mangalore,12.8263,74.9312,13.7,6.6,Healthcare,Dengue Outbreak,97,"Surge in dengue fever cases following monsoon rains, straining local healthcare facilities.",False
2025-02-05,Disaster,78,Srinagar,34.0639,74.8306,29.3,6.2,Natural,Avalanche,137,Snow avalanche in mountainous regions blocking roads and causing casualties.,False
2025-02-06,Police,20,Vijayawada,16.6194,80.5837,12.0,6.9,Catastrophic,Industrial Accident,7,Accident at industrial facility causing multiple injuries and damage.,False
2025-02-06,Police,35,Visakhapatnam,17.7196,83.3001,11.0,7.0,Catastrophic,Building Collapse,97,Multi-story building collapse trapping residents and causing casualties.,False
2025-02-06,Fire,16,Mysore,12.3058,76.7012,18.2,7.8,Natural,Forest Fire,73,Wildfire spreading through forest areas threatening nearby settlements.,False
2025-02-06,Medical,32,Agartala,23.7879,91.4214,12.8,3.4,Healthcare,Swine Flu Cluster,14,H1N1 influenza cases detected requiring enhanced surveillance and medical response.,False
2025-02-06,Disaster,126,Kolkata,22.3806,88.4528,18.3,7.3,Natural,Monsoon Flooding,108,Widespread flooding due to monsoon rains affecting multiple areas.,False
2025-02-06,Disaster,58,Varanasi,25.126,83.0961,36.6,6.0,Natural,Cold Wave,118,Severe cold conditions affecting normal life and causing health emergencies.,False
2025-02-07,Medical,121,Chennai,13.2033,80.454,9.4,6.6,Healthcare,Cholera Outbreak,77,Waterborne cholera outbreak in affected areas following contamination of water sources.,False
2025-02-07,Disaster,72,Leh,34.2641,77.7461,23.3,7.7,Natural,Heavy Snowfall,25,Heavy Snowfall requiring emergency response.,False
2025-02-07,Disaster,99,Shimla,30.9562,77.0789,26.3,8.3,Natural,Avalanche,93,Snow avalanche in mountainous regions blocking roads and causing casualties.,True
2025-02-07,Medical,114,Mumbai,19.1253,72.882,8.9,8.9,Catastrophic,Stadium Stampede,60,Crowd control incident at stadium leading to injuries.,True
2025-02-07,Disaster,49,Gwalior,26.0209,78.3414,28.0,7.4,Natural,Fog-Related Accidents,135,Fog-Related Accidents requiring emergency response.,False
2025-02-07,Medical,74,Indore,22.678,75.8853,10.2,3.7,Healthcare,Leptospirosis Cases,56,Post-flood leptospirosis cases reported in affected areas.,False
2025-02-07,Medical,36,Coimbatore,11.0918,76.8995,14.0,3.2,Healthcare,Mumps Cases,53,Multiple mumps cases reported in schools and communities.,False
2025-02-07,Disaster,104,Chennai,13.2322,80.3634,22.7,5.6,Natural,Thunderstorm,28,Severe thunderstorm with lightning causing damages and injuries.,False
2025-02-07,Disaster,141,Kolkata,22.7363,88.3016,23.5,8.0,Natural,River Overflow,36,River exceeding danger levels and breaching banks causing flooding.,False
2025-02-07,Medical,200,Dehradun,30.3256,77.8423,14.1,6.0,Healthcare,COVID-19 Cluster,148,Local outbreak of COVID-19 cases requiring medical response and containment measures.,False
2025-02-08,Medical,44,Goa,15.2705,74.273,13.5,2.1,Healthcare,Measles Outbreak,146,Measles outbreak reported in communities with low vaccination coverage.,False
2025-02-08,Police,128,Kolkata,22.4324,88.27,8.6,9.3,Catastrophic,Tunnel Collapse,120,Collapse in tunnel structure trapping vehicles and people.,True
2025-02-08,Medical,84,Agra,27.1353,78.1158,12.6,2.4,Healthcare,COVID-19 Cluster,30,Local outbreak of COVID-19 cases requiring medical response and containment measures.,False
2025-02-09,Disaster,79,Dehradun,30.2418,77.9276,33.3,7.7,Natural,Heavy Snowfall,34,Heavy Snowfall requiring emergency response.,False
2025-02-09,Medical,74,Amritsar,31.5051,74.673,13.4,3.5,Healthcare,Influenza Outbreak,148,Seasonal influenza outbreak with higher than normal hospitalization rates.,False
2025-02-09,Disaster,87,Guwahati,26.2747,91.8409,34.4,8.4,Natural,Cold Wave,67,Severe cold conditions affecting normal life and causing health emergencies.,True
2025-02-09,Medical,45,Pune,18.3579,73.7498,8.4,2.2,Healthcare,Swine Flu Cluster,75,H1N1 influenza cases detected requiring enhanced surveillance and medical response.,False
2025-02-09,Disaster,278,Udaipur,24.4678,73.711,33.2,8.4,Natural,Earthquake,123,Seismic activity causing structural damage and disruption.,True
2025-02-09,Disaster,97,Chandigarh,30.7086,76.6685,30.8,6.8,Natural,Fog-Related Accidents,62,Fog-Related Accidents requiring emergency response.,False
2025-02-10,Medical,147,Agra,27.1975,78.0111,15.4,5.7,Healthcare,COVID-19 Cluster,80,Local outbreak of COVID-19 cases requiring medical response and containment measures.,False
2025-02-10,Police,37,Nagpur,21.1507,79.2806,10.3,9.8,Catastrophic,Chemical Spill,135,Hazardous chemical spill affecting surrounding areas and water bodies.,True
2025-02-10,Disaster,43,Raipur,21.2075,81.5238,23.4,7.0,Catastrophic,Dam Breach,140,Partial breach of dam structure causing downstream flooding concerns.,False
2025-02-10,Medical,67,Chandigarh,30.6042,76.8418,13.4,5.6,Healthcare,Influenza Outbreak,132,Seasonal influenza outbreak with higher than normal hospitalization rates.,False
2025-02-10,Disaster,73,Odisha,20.6675,84.3436,28.4,5.9,Natural,Coastal Flooding,28,Coastal areas inundated due to high tides and storm surge.,False
2025-02-10,Disaster,85,Kochi,10.0921,76.0738,27.0,6.4,Catastrophic,Tunnel Collapse,145,Collapse in tunnel structure trapping vehicles and people.,False
2025-02-10,Disaster,59,Kohima,25.7464,94.0926,26.9,5.3,Natural,Fog-Related Accidents,112,Fog-Related Accidents requiring emergency response.,False
2025-02-10,Fire,12,Visakhapatnam,17.7561,83.3203,18.6,6.7,Catastrophic,Refinery Fire,146,Fire at oil refinery requiring specialized firefighting and evacuation.,False
2025-02-11,Medical,185,Allahabad,25.2579,81.9033,14.4,6.4,Healthcare,COVID-19 Cluster,103,Local outbreak of COVID-19 cases requiring medical response and containment measures.,False
2025-02-11,Disaster,98,Bhopal,23.1607,77.5376,24.8,8.8,Natural,Monsoon Flooding,84,Widespread flooding due to monsoon rains affecting multiple areas.,True
2025-02-11,Disaster,50,Bhopal,23.2862,77.2561,30.8,5.1,Natural,Coastal Flooding,132,Coastal areas inundated due to high tides and storm surge.,False
2025-02-11,Medical,41,Aizawl,23.7817,92.8833,14.6,4.4,Healthcare,Influenza Outbreak,13,Seasonal influenza outbreak with higher than normal hospitalization rates.,False
2025-02-11,Medical,42,Vijayawada,16.5652,80.4606,11.7,3.8,Healthcare,Gastroenteritis Outbreak,84,"Outbreak of gastroenteritis affecting multiple communities, likely from contaminated water.",False
2025-02-11,Police,38,Surat,21.1392,72.6804,12.4,7.7,Catastrophic,Industrial Accident,150,Accident at industrial facility causing multiple injuries and damage.,False
2025-02-12,Disaster,94,Goa,15.2901,73.9636,29.2,7.9,Natural,Coastal Flooding,145,Coastal areas inundated due to high tides and storm surge.,False
2025-02-12,Disaster,76,Jodhpur,26.3188,73.0258,33.3,5.1,Natural,Cold Wave,124,Severe cold conditions affecting normal life and causing health emergencies.,False
2025-02-12,Disaster,70,Ranchi,23.461,85.4303,20.4,7.4,Natural,Monsoon Flooding,172,Widespread flooding due to monsoon rains affecting multiple areas.,False
2025-02-12,Disaster,40,Visakhapatnam,17.6364,83.1816,27.8,7.6,Natural,Coastal Flooding,129,Coastal areas inundated due to high tides and storm surge.,False
2025-02-12,Disaster,48,Bhubaneswar,20.3923,85.8498,21.3,7.6,Catastrophic,Building Collapse,90,Multi-story building collapse trapping residents and causing casualties.,False
2025-02-12,Medical,74,Shimla,31.0013,77.2538,13.0,5.2,Healthcare,Influenza Outbreak,133,Seasonal influenza outbreak with higher than normal hospitalization rates.,False
2025-02-12,Medical,73,Bhopal,23.3818,77.4806,11.9,6.0,Healthcare,Encephalitis Cluster,77,"Cluster of encephalitis cases reported, primarily affecting children in the region.",False
2025-02-12,Medical,36,Goa,15.406,74.3178,17.0,6.5,Healthcare,Dengue Outbreak,13,"Surge in dengue fever cases following monsoon rains, straining local healthcare facilities.",False
2025-02-12,Disaster,114,Mumbai,18.9962,72.8685,19.2,7.4,Catastrophic,Bridge Collapse,9,Collapse of bridge structure affecting transportation and causing casualties.,False
2025-02-12,Disaster,65,Surat,21.2662,72.6724,21.6,8.8,Natural,Avalanche,101,Snow avalanche in mountainous regions blocking roads and causing casualties.,True
2025-02-12,Disaster,84,Vijayawada,16.3645,80.5841,33.8,8.7,Natural,Avalanche,142,Snow avalanche in mountainous regions blocking roads and causing casualties.,True
2025-02-13,Medical,61,Thiruvananthapuram,8.3721,76.8943,12.7,4.8,Healthcare,Encephalitis Cluster,89,"Cluster of encephalitis cases reported, primarily affecting children in the region.",False
2025-02-13,Disaster,74,Agartala,23.752,91.2182,32.7,8.0,Natural,Drought,115,Prolonged dry period affecting agriculture and water availability.,False
2025-02-13,Medical,77,Udaipur,24.7699,73.7591,13.9,6.0,Healthcare,Cholera Outbreak,26,Waterborne cholera outbreak in affected areas following contamination of water sources.,False
2025-02-13,Disaster,78,Chandigarh,30.5989,76.7697,25.9,6.2,Natural,Avalanche,100,Snow avalanche in mountainous regions blocking roads and causing casualties.,False
2025-02-13,Medical,126,Mumbai,19.1257,72.9118,9.8,2.6,Healthcare,Encephalitis Cluster,107,"Cluster of encephalitis cases reported, primarily affecting children in the region.",False
2025-02-13,Medical,40,Aizawl,23.7324,92.6623,14.9,3.1,Healthcare,Leptospirosis Cases,77,Post-flood leptospirosis cases reported in affected areas.,False
2025-02-14,Disaster,44,Imphal,24.9754,93.9999,27.0,6.6,Natural,Coastal Erosion,98,Accelerated coastal erosion threatening coastal communities and infrastructure.,False
2025-02-14,Disaster,59,Chandigarh,30.8893,76.8433,24.1,5.9,Natural,Fog-Related Accidents,125,Fog-Related Accidents requiring emergency response.,False
2025-02-14,Medical,64,Gwalior,26.3436,78.3526,13.6,4.5,Healthcare,Influenza Outbreak,29,Seasonal influenza outbreak with higher than normal hospitalization rates.,False
2025-02-14,Disaster,163,Chennai,12.9675,80.2595,15.5,8.1,Natural,Landslide,73,Landslide triggered by heavy rainfall blocking roads and damaging structures.,True
2025-02-14,Disaster,226,Ranchi,23.4057,85.2769,35.4,4.3,Natural,Cyclone,192,Tropical cyclone making landfall with strong winds and heavy rainfall causing widespread damage.,True
2025-02-14,Disaster,106,Kolkata,22.6604,88.4071,17.5,8.6,Catastrophic,Tunnel Collapse,11,Collapse in tunnel structure trapping vehicles and people.,True
2025-02-15,Medical,74,Mysore,12.2794,76.4846,11.5,5.2,Healthcare,Measles Outbreak,63,Measles outbreak reported in communities with low vaccination coverage.,False
2025-02-15,Medical,54,Aizawl,23.5302,92.8242,11.6,6.9,Catastrophic,Oil Spill,58,Oil spill in water body affecting marine life and coastal communities.,False
2025-02-15,Disaster,51,Gangtok,27.1645,88.7414,33.3,6.9,Natural,Cold Wave,91,Severe cold conditions affecting normal life and causing health emergencies.,False
2025-02-15,Disaster,93,Shimla,30.9955,77.1222,31.0,8.3,Natural,Avalanche,88,Snow avalanche in mountainous regions blocking roads and causing casualties.,True
2025-02-15,Disaster,62,Jodhpur,26.3142,73.111,21.3,4.1,Natural,Cold Wave,73,Severe cold conditions affecting normal life and causing health emergencies.,False
2025-02-15,Police,52,Udaipur,24.4918,73.5941,13.6,8.1,Catastrophic,Tunnel Collapse,46,Collapse in tunnel structure trapping vehicles and people.,True
2025-02-15,Disaster,73,Allahabad,25.4694,81.6609,23.3,9.1,Natural,Fog-Related Accidents,50,Fog-Related Accidents requiring emergency response.,True
2025-02-15,Medical,38,Imphal,24.827,93.942,10.2,9.4,Catastrophic,Structural Failure,95,Critical structural failure in public infrastructure requiring evacuation.,True
2025-02-15,Disaster,73,Nagpur,21.1994,78.9291,33.7,5.3,Natural,Monsoon Flooding,116,Widespread flooding due to monsoon rains affecting multiple areas.,False
2025-02-15,Disaster,90,Varanasi,25.1311,82.8868,30.2,4.7,Natural,Fog-Related Accidents,117,Fog-Related Accidents requiring emergency response.,False
2025-02-16,Medical,74,Raipur,21.2588,81.633,14.4,4.5,Healthcare,Heatstroke Wave,5,"Multiple cases of heatstroke amid extreme temperatures, affecting vulnerable populations.",False
2025-02-16,Disaster,50,Patna,25.509,85.3267,32.9,8.5,Natural,Fog-Related Accidents,135,Fog-Related Accidents requiring emergency response.,True
2025-02-16,Medical,95,Mumbai,19.172,72.8193,9.4,2.3,Healthcare,Swine Flu Cluster,92,H1N1 influenza cases detected requiring enhanced surveillance and medical response.,False
2025-02-16,Medical,32,Mangalore,13.0329,74.9119,16.0,4.9,Healthcare,Food Poisoning Incident,107,Mass food poisoning incident requiring emergency medical response.,False
2025-02-16,Disaster,57,Chandigarh,30.8829,76.6589,29.5,5.9,Natural,Avalanche,61,Snow avalanche in mountainous regions blocking roads and causing casualties.,False
2025-02-16,Police,34,Odisha,20.6607,84.3377,12.4,7.2,Catastrophic,Mine Collapse,139,Collapse in mining operation trapping workers underground.,False
2025-02-16,Medical,65,Bhubaneswar,20.3743,85.8734,13.9,6.9,Healthcare,Heatstroke Wave,38,"Multiple cases of heatstroke amid extreme temperatures, affecting vulnerable populations.",False
2025-02-16,Disaster,70,Srinagar,34.2207,74.8601,31.4,7.3,Natural,Heavy Snowfall,10,Heavy Snowfall requiring emergency response.,False
2025-02-16,Disaster,98,Guwahati,26.211,91.6034,26.3,7.4,Natural,Fog-Related Accidents,106,Fog-Related Accidents requiring emergency response.,False
2025-02-16,Disaster,91,Surat,21.2067,72.7257,21.6,8.3,Catastrophic,Tunnel Collapse,86,Collapse in tunnel structure trapping vehicles and people.,True
2025-02-16,Disaster,68,Mangalore,12.7699,74.7814,25.5,4.4,Natural,Heatwave,121,Prolonged period of extremely high temperatures affecting vulnerable populations.,False
2025-02-16,Disaster,59,Lucknow,27.0282,81.1451,30.0,4.3,Natural,Cold Wave,121,Severe cold conditions affecting normal life and causing health emergencies.,False
2025-02-16,Fire,18,Mysore,12.216,76.7898,18.0,9.5,Catastrophic,Dam Breach,53,Partial breach of dam structure causing downstream flooding concerns.,True
2025-02-16,Disaster,75,Visakhapatnam,17.4963,83.3396,31.1,8.9,Natural,Drought,145,Prolonged dry period affecting agriculture and water availability.,True
2025-02-16,Medical,197,Guwahati,26.0285,91.6968,12.0,2.5,Healthcare,COVID-19 Cluster,130,Local outbreak of COVID-19 cases requiring medical response and containment measures.,False
2025-02-16,Disaster,48,Surat,21.0593,72.6325,27.7,8.0,Natural,Cold Wave,98,Severe cold conditions affecting normal life and causing health emergencies.,False
2025-02-16,Fire,26,Ahmedabad,22.9041,72.5529,14.0,7.0,Catastrophic,Refinery Fire,127,Fire at oil refinery requiring specialized firefighting and evacuation.,False
2025-02-17,Medical,40,Jodhpur,26.2507,72.8664,13.4,3.1,Healthcare,Influenza Outbreak,117,Seasonal influenza outbreak with higher than normal hospitalization rates.,False
2025-02-17,Medical,78,Goa,15.1182,74.2697,16.0,6.0,Healthcare,Measles Outbreak,25,Measles outbreak reported in communities with low vaccination coverage.,False
2025-02-17,Disaster,91,Allahabad,25.3035,81.8523,26.1,7.7,Natural,Cold Wave,147,Severe cold conditions affecting normal life and causing health emergencies.,False
2025-02-17,Medical,135,Shillong,25.7577,91.7586,13.2,6.2,Healthcare,COVID-19 Cluster,78,Local outbreak of COVID-19 cases requiring medical response and containment measures.,False
2025-02-17,Disaster,64,Vadodara,22.2517,72.9857,22.9,9.0,Catastrophic,Industrial Accident,114,Accident at industrial facility causing multiple injuries and damage.,True
2025-02-17,Police,53,Bengaluru,13.0903,77.6991,8.5,7.3,Catastrophic,Power Plant Failure,108,Critical failure at power generation facility affecting power supply.,False
2025-02-18,Medical,71,Nagpur,21.1402,79.2464,16.2,2.1,Healthcare,Leptospirosis Cases,137,Post-flood leptospirosis cases reported in affected areas.,False
2025-02-18,Medical,55,Kohima,25.6918,94.1457,16.0,3.6,Healthcare,Influenza Outbreak,39,Seasonal influenza outbreak with higher than normal hospitalization rates.,False
2025-02-18,Medical,260,Patna,25.5436,85.2395,14.5,6.2,Healthcare,COVID-19 Cluster,69,Local outbreak of COVID-19 cases requiring medical response and containment measures.,True
2025-02-18,Fire,47,Bengaluru,12.7844,77.5208,13.4,6.9,Catastrophic,Dam Breach,46,Partial breach of dam structure causing downstream flooding concerns.,False
2025-02-18,Disaster,73,Lucknow,26.9739,80.8978,27.9,5.6,Natural,Fog-Related Accidents,123,Fog-Related Accidents requiring emergency response.,False
2025-02-18,Medical,64,Dehradun,30.372,78.1835,12.8,2.2,Healthcare,Influenza Outbreak,107,Seasonal influenza outbreak with higher than normal hospitalization rates.,False
2025-02-18,Disaster,115,Vijayawada,16.5767,80.7999,23.8,9.1,Natural,Earthquake,144,Seismic activity causing structural damage and disruption.,True
2025-02-18,Disaster,90,Gwalior,26.2557,78.0808,21.2,5.9,Natural,Cold Wave,149,Severe cold conditions affecting normal life and causing health emergencies.,False
2025-02-18,Disaster,67,Chandigarh,30.6254,76.6733,26.9,8.2,Natural,Fog-Related Accidents,81,Fog-Related Accidents requiring emergency response.,True
2025-02-18,Disaster,58,Jaipur,26.8547,75.8539,28.0,6.0,Natural,Fog-Related Accidents,13,Fog-Related Accidents requiring emergency response.,False
2025-02-18,Medical,47,Ranchi,23.4157,85.1604,15.9,6.2,Healthcare,Dengue Outbreak,98,"Surge in dengue fever cases following monsoon rains, straining local healthcare facilities.",False
2025-02-19,Disaster,97,Mumbai,18.9303,72.7547,17.2,8.8,Catastrophic,Industrial Accident,132,Accident at industrial facility causing multiple injuries and damage.,True
2025-02-19,Disaster,57,Varanasi,25.3495,83.1115,25.2,8.9,Natural,Fog-Related Accidents,50,Fog-Related Accidents requiring emergency response.,True
2025-02-19,Disaster,92,Vijayawada,16.4629,80.633,25.1,5.1,Natural,Lightning Strike Incident,86,Multiple lightning strikes causing casualties and property damage.,False
2025-02-19,Disaster,75,Ahmedabad,22.9761,72.4241,24.4,4.5,Natural,Coastal Flooding,92,Coastal areas inundated due to high tides and storm surge.,False
2025-02-19,Medical,31,Jodhpur,26.417,72.8723,14.8,5.3,Healthcare,Influenza Outbreak,14,Seasonal influenza outbreak with higher than normal hospitalization rates.,False
2025-02-19,Disaster,46,Gwalior,26.0979,78.3269,21.8,5.8,Natural,Cold Wave,116,Severe cold conditions affecting normal life and causing health emergencies.,False
2025-02-19,Disaster,65,Odisha,20.5297,84.6768,35.8,8.6,Natural,Monsoon Flooding,138,Widespread flooding due to monsoon rains affecting multiple areas.,True
2025-02-20,Medical,54,Leh,33.9739,77.5318,12.3,5.9,Healthcare,Influenza Outbreak,73,Seasonal influenza outbreak with higher than normal hospitalization rates.,False
2025-02-20,Disaster,131,Bengaluru,12.9835,77.503,22.7,4.0,Natural,Landslide,98,Landslide triggered by heavy rainfall blocking roads and damaging structures.,False
2025-02-20,Medical,34,Nagpur,20.9785,78.9368,15.5,2.3,Healthcare,Influenza Outbreak,99,Seasonal influenza outbreak with higher than normal hospitalization rates.,False
2025-02-20,Police,35,Aizawl,23.7903,92.5879,8.9,8.5,Catastrophic,Chemical Spill,116,Hazardous chemical spill affecting surrounding areas and water bodies.,True
2025-02-20,Disaster,94,Bhopal,23.3735,77.4031,34.7,9.3,Natural,Coastal Flooding,90,Coastal areas inundated due to high tides and storm surge.,True
2025-02-20,Medical,178,Jaipur,26.8973,75.8855,10.8,2.6,Healthcare,COVID-19 Cluster,132,Local outbreak of COVID-19 cases requiring medical response and containment measures.,False
2025-02-20,Disaster,299,Kolkata,22.6598,88.1985,20.3,6.9,Natural,Earthquake,103,Seismic activity causing structural damage and disruption.,True
2025-02-20,Disaster,282,Goa,15.4746,74.2329,32.9,7.2,Natural,Cyclone,152,Tropical cyclone making landfall with strong winds and heavy rainfall causing widespread damage.,True
2025-02-20,Fire,26,Bengaluru,13.0784,77.4617,13.3,8.7,Catastrophic,Industrial Fire,12,Major fire at industrial facility requiring evacuation and specialized response.,True
2025-02-21,Medical,67,Nagpur,21.0456,79.171,10.2,3.0,Healthcare,Gastroenteritis Outbreak,99,"Outbreak of gastroenteritis affecting multiple communities, likely from contaminated water.",False
2025-02-21,Medical,107,Kolkata,22.7533,88.2464,10.7,6.7,Healthcare,Influenza Outbreak,99,Seasonal influenza outbreak with higher than normal hospitalization rates.,False
2025-02-21,Disaster,91,Vadodara,22.232,73.2141,29.5,5.3,Natural,Landslide,136,Landslide triggered by heavy rainfall blocking roads and damaging structures.,False
2025-02-21,Disaster,87,Raipur,21.3136,81.5141,36.1,5.2,Natural,Thunderstorm,66,Severe thunderstorm with lightning causing damages and injuries.,False
2025-02-21,Disaster,100,Ahmedabad,23.2188,72.5247,16.3,6.2,Natural,Dust Storm,44,Severe dust storm reducing visibility and causing respiratory issues.,False
2025-02-21,Fire,24,Mumbai,18.9007,72.853,12.0,8.1,Catastrophic,Oil Spill,24,Oil spill in water body affecting marine life and coastal communities.,True
2025-02-21,Disaster,120,Bengaluru,13.1268,77.6133,19.9,8.8,Catastrophic,Power Plant Failure,43,Critical failure at power generation facility affecting power supply.,True
2025-02-22,Disaster,52,Chandigarh,30.7844,76.7859,29.6,8.8,Natural,Avalanche,115,Snow avalanche in mountainous regions blocking roads and causing casualties.,True
2025-02-22,Disaster,90,Patna,25.537,85.1674,27.8,8.7,Natural,Fog-Related Accidents,56,Fog-Related Accidents requiring emergency response.,True
2025-02-22,Disaster,74,Raipur,21.3038,81.6583,24.2,6.8,Catastrophic,Building Collapse,91,Multi-story building collapse trapping residents and causing casualties.,False
2025-02-22,Medical,33,Vadodara,22.2532,73.1713,11.8,7.2,Catastrophic,Oil Spill,100,Oil spill in water body affecting marine life and coastal communities.,False
2025-02-22,Medical,72,Raipur,21.3173,81.7671,11.5,4.2,Healthcare,Leptospirosis Cases,72,Post-flood leptospirosis cases reported in affected areas.,False
2025-02-22,Disaster,66,Jodhpur,26.0653,73.1388,34.8,4.0,Natural,Fog-Related Accidents,120,Fog-Related Accidents requiring emergency response.,False
2025-02-23,Disaster,69,Chandigarh,30.6,76.9046,32.4,7.5,Natural,Avalanche,42,Snow avalanche in mountainous regions blocking roads and causing casualties.,False
2025-02-23,Disaster,151,Vijayawada,16.5997,80.6462,24.6,7.1,Natural,Cyclone,200,Tropical cyclone making landfall with strong winds and heavy rainfall causing widespread damage.,False
2025-02-23,Fire,32,Agartala,23.9655,91.2955,18.6,7.1,Catastrophic,Refinery Fire,150,Fire at oil refinery requiring specialized firefighting and evacuation.,False
2025-02-23,Disaster,65,Varanasi,25.5066,83.0426,30.4,4.5,Natural,Cold Wave,146,Severe cold conditions affecting normal life and causing health emergencies.,False
2025-02-23,Disaster,89,Nagpur,21.2926,78.9326,19.8,9.4,Natural,Heavy Rainfall,142,Unusually heavy rainfall causing urban flooding and infrastructure damage.,True
2025-02-23,Disaster,57,Gwalior,26.1793,78.1664,30.0,6.2,Natural,Cold Wave,111,Severe cold conditions affecting normal life and causing health emergencies.,False
2025-02-23,Disaster,98,Jaipur,26.7768,75.6214,24.3,7.0,Natural,Fog-Related Accidents,109,Fog-Related Accidents requiring emergency response.,False
2025-02-24,Medical,50,Kochi,10.1173,76.3618,14.8,4.2,Healthcare,Measles Outbreak,136,Measles outbreak reported in communities with low vaccination coverage.,False
2025-02-24,Medical,73,Bhopal,23.1815,77.2998,15.5,3.5,Healthcare,Malaria Surge,73,"Increased malaria cases reported in rural areas, requiring medical intervention.",False
2025-02-24,Fire,20,Mysore,12.1864,76.8007,21.1,6.9,Catastrophic,Train Derailment,74,Passenger train derailment incident requiring emergency response.,False
2025-02-24,Fire,20,Visakhapatnam,17.6343,83.3794,17.8,8.8,Catastrophic,Power Plant Failure,118,Critical failure at power generation facility affecting power supply.,True
2025-02-24,Disaster,50,Mangalore,13.0307,75.0121,25.8,4.1,Natural,Lightning Strike Incident,25,Multiple lightning strikes causing casualties and property damage.,False
2025-02-24,Fire,32,Hyderabad,17.4222,78.5159,14.1,7.8,Catastrophic,Refinery Fire,84,Fire at oil refinery requiring specialized firefighting and evacuation.,False
2025-02-24,Medical,76,Visakhapatnam,17.6274,83.0801,17.9,6.0,Healthcare,Cholera Outbreak,138,Waterborne cholera outbreak in affected areas following contamination of water sources.,False
2025-02-25,Police,50,Imphal,24.6476,94.0603,13.8,9.2,Catastrophic,Industrial Accident,115,Accident at industrial facility causing multiple injuries and damage.,True
2025-02-25,Disaster,45,Udaipur,24.7401,73.8271,23.3,6.0,Natural,Drought,200,Prolonged dry period affecting agriculture and water availability.,False
2025-02-25,Disaster,79,Thiruvananthapuram,8.6916,76.8339,31.6,6.1,Natural,Landslide,67,Landslide triggered by heavy rainfall blocking roads and damaging structures.,False
2025-02-25,Disaster,164,Chennai,13.0363,80.4334,18.2,9.3,Natural,River Overflow,15,River exceeding danger levels and breaching banks causing flooding.,True
2025-02-25,Medical,62,Indore,22.825,76.0521,10.3,6.6,Catastrophic,Power Plant Failure,34,Critical failure at power generation facility affecting power supply.,False
2025-02-26,Medical,56,Surat,21.1765,72.6495,13.7,3.1,Healthcare,Cholera Outbreak,68,Waterborne cholera outbreak in affected areas following contamination of water sources.,False
2025-02-26,Disaster,94,Leh,34.2356,77.5641,33.2,5.1,Natural,Fog-Related Accidents,7,Fog-Related Accidents requiring emergency response.,False
2025-02-26,Disaster,75,Mysore,12.3868,76.82,26.4,9.5,Natural,Cold Wave,104,Severe cold conditions affecting normal life and causing health emergencies.,True
2025-02-26,Medical,47,Guwahati,26.079,91.8566,10.7,3.9,Healthcare,Influenza Outbreak,38,Seasonal influenza outbreak with higher than normal hospitalization rates.,False
2025-02-26,Disaster,83,Delhi,28.7691,77.1713,22.0,4.3,Natural,Fog-Related Accidents,97,Fog-Related Accidents requiring emergency response.,False
2025-02-26,Disaster,95,Goa,15.4039,74.1669,31.2,8.3,Catastrophic,Construction Site Accident,114,Accident at major construction site requiring emergency response.,True
2025-02-27,Medical,47,Gangtok,27.5316,88.7301,12.9,4.3,Healthcare,Influenza Outbreak,38,Seasonal influenza outbreak with higher than normal hospitalization rates.,False
2025-02-27,Disaster,79,Patna,25.4541,85.1871,27.1,6.1,Natural,Fog-Related Accidents,75,Fog-Related Accidents requiring emergency response.,False
2025-02-27,Medical,68,Indore,22.6374,75.9219,13.6,6.7,Catastrophic,Gas Leak,27,Toxic gas leak from industrial facility affecting nearby residential areas.,False
2025-02-27,Fire,24,Pune,18.5147,73.928,10.5,7.8,Catastrophic,Chemical Spill,102,Hazardous chemical spill affecting surrounding areas and water bodies.,False
2025-02-28,Medical,152,Kolkata,22.5133,88.5171,10.9,3.7,Healthcare,Hepatitis Outbreak,108,Outbreak of hepatitis cases linked to contaminated water sources.,False
2025-02-28,Fire,28,Aizawl,23.5667,92.7365,15.1,6.7,Catastrophic,Factory Explosion,10,Explosion at manufacturing facility causing casualties and structural damage.,False
2025-02-28,Police,40,Ranchi,23.4985,85.3711,13.2,6.2,Catastrophic,Building Collapse,146,Multi-story building collapse trapping residents and causing casualties.,False
2025-02-28,Medical,74,Goa,15.1046,73.9656,14.0,5.0,Healthcare,Cholera Outbreak,93,Waterborne cholera outbreak in affected areas following contamination of water sources.,False
2025-02-28,Disaster,71,Varanasi,25.3372,82.8109,20.3,6.0,Natural,Cold Wave,118,Severe cold conditions affecting normal life and causing health emergencies.,False
2025-02-28,Disaster,91,Udaipur,24.4601,73.6588,36.9,9.7,Catastrophic,Road Collapse,61,Major road collapse due to structural failure or subsidence.,True
2025-03-01,Medical,30,Visakhapatnam,17.6208,83.4022,11.7,5.0,Healthcare,Gastroenteritis Outbreak,66,"Outbreak of gastroenteritis affecting multiple communities, likely from contaminated water.",False
2025-03-01,Medical,65,Nagpur,21.0475,78.9666,12.0,4.0,Healthcare,Gastroenteritis Outbreak,79,"Outbreak of gastroenteritis affecting multiple communities, likely from contaminated water.",False
2025-03-01,Medical,43,Surat,21.1103,72.7163,12.6,7.0,Healthcare,Gastroenteritis Outbreak,136,"Outbreak of gastroenteritis affecting multiple communities, likely from contaminated water.",False
2025-03-02,Disaster,71,Lucknow,26.8822,81.0535,20.9,7.4,Natural,Heatwave,78,Prolonged period of extremely high temperatures affecting vulnerable populations.,False
2025-03-02,Disaster,68,Gangtok,27.4096,88.6809,21.5,6.4,Natural,Dust Storm,77,Severe dust storm reducing visibility and causing respiratory issues.,False
2025-03-02,Medical,57,Chennai,13.0517,80.362,11.7,4.4,Healthcare,Heatstroke Wave,51,"Multiple cases of heatstroke amid extreme temperatures, affecting vulnerable populations.",False
2025-03-02,Disaster,63,Hyderabad,17.2721,78.6555,20.2,6.2,Natural,Heatwave,54,Prolonged period of extremely high temperatures affecting vulnerable populations.,False
2025-03-02,Disaster,88,Vadodara,22.2928,73.2309,33.3,4.6,Natural,Heatwave,134,Prolonged period of extremely high temperatures affecting vulnerable populations.,False
2025-03-02,Fire,34,Bhubaneswar,20.3364,85.8384,15.3,7.6,Natural,Forest Fire,130,Wildfire spreading through forest areas threatening nearby settlements.,False
2025-03-02,Medical,33,Odisha,20.6617,84.43,16.9,5.3,Healthcare,Gastroenteritis Outbreak,150,"Outbreak of gastroenteritis affecting multiple communities, likely from contaminated water.",False
2025-03-02,Medical,69,Hyderabad,17.2931,78.4368,9.2,5.5,Healthcare,Heatstroke Wave,38,"Multiple cases of heatstroke amid extreme temperatures, affecting vulnerable populations.",False
2025-03-02,Disaster,54,Aizawl,23.7166,92.795,25.3,6.0,Natural,Heatwave,71,Prolonged period of extremely high temperatures affecting vulnerable populations.,False
2025-03-03,Medical,66,Vadodara,22.3187,73.3295,15.5,6.5,Healthcare,Gastroenteritis Outbreak,96,"Outbreak of gastroenteritis affecting multiple communities, likely from contaminated water.",False
2025-03-03,Disaster,51,Shillong,25.3914,91.8486,32.7,5.5,Natural,Dust Storm,28,Severe dust storm reducing visibility and causing respiratory issues.,False
2025-03-03,Disaster,156,Chennai,13.2356,80.1218,23.0,6.3,Natural,Heatwave,104,Prolonged period of extremely high temperatures affecting vulnerable populations.,False
2025-03-03,Disaster,74,Agra,27.2957,77.9799,24.2,6.1,Natural,Dust Storm,9,Severe dust storm reducing visibility and causing respiratory issues.,False
2025-03-03,Disaster,94,Kohima,25.8471,94.0167,28.1,7.6,Natural,Dust Storm,8,Severe dust storm reducing visibility and causing respiratory issues.,False
2025-03-03,Disaster,55,Odisha,20.6979,84.3186,30.1,6.1,Natural,Heatwave,72,Prolonged period of extremely high temperatures affecting vulnerable populations.,False
2025-03-03,Disaster,59,Mangalore,12.73,74.9161,31.8,4.7,Natural,Drought,170,Prolonged dry period affecting agriculture and water availability.,False
2025-03-03,Medical,148,Delhi,28.7094,77.0802,11.2,3.8,Healthcare,Heatstroke Wave,99,"Multiple cases of heatstroke amid extreme temperatures, affecting vulnerable populations.",False
2025-03-03,Fire,31,Udaipur,24.6866,73.8503,22.0,4.5,Natural,Forest Fire,81,Wildfire spreading through forest areas threatening nearby settlements.,False
2025-03-04,Fire,19,Chandigarh,30.7665,76.8982,19.5,7.0,Natural,Forest Fire,63,Wildfire spreading through forest areas threatening nearby settlements.,False
2025-03-04,Fire,19,Jodhpur,26.3634,73.135,15.6,8.8,Natural,Forest Fire,59,Wildfire spreading through forest areas threatening nearby settlements.,True
2025-03-04,Medical,44,Coimbatore,11.1343,76.8059,13.3,6.2,Healthcare,Heatstroke Wave,53,"Multiple cases of heatstroke amid extreme temperatures, affecting vulnerable populations.",False
2025-03-04,Fire,31,Bengaluru,12.8552,77.5511,10.4,8.5,Natural,Forest Fire,21,Wildfire spreading through forest areas threatening nearby settlements.,True
2025-03-05,Medical,47,Varanasi,25.1206,83.0535,13.2,4.7,Healthcare,Gastroenteritis Outbreak,84,"Outbreak of gastroenteritis affecting multiple communities, likely from contaminated water.",False
2025-03-05,Fire,40,Patna,25.4779,85.0993,21.1,6.8,Natural,Forest Fire,126,Wildfire spreading through forest areas threatening nearby settlements.,False
2025-03-05,Disaster,95,Kochi,9.8624,76.1545,27.3,4.9,Natural,Drought,154,Prolonged dry period affecting agriculture and water availability.,False
2025-03-05,Disaster,71,Pune,18.4511,73.8792,22.6,4.6,Natural,Heatwave,105,Prolonged period of extremely high temperatures affecting vulnerable populations.,False
2025-03-05,Disaster,55,Jaipur,26.7316,75.9201,27.6,7.7,Natural,Dust Storm,38,Severe dust storm reducing visibility and causing respiratory issues.,False
2025-03-05,Disaster,87,Gangtok,27.4544,88.5596,29.6,7.1,Natural,Heatwave,93,Prolonged period of extremely high temperatures affecting vulnerable populations.,False
2025-03-05,Disaster,44,Thiruvananthapuram,8.5847,76.8119,24.8,9.2,Natural,Heatwave,88,Prolonged period of extremely high temperatures affecting vulnerable populations.,True
2025-03-06,Medical,77,Ahmedabad,23.0247,72.4718,9.1,6.3,Healthcare,Heatstroke Wave,32,"Multiple cases of heatstroke amid extreme temperatures, affecting vulnerable populations.",False
2025-03-06,Fire,24,Jodhpur,26.2277,73.0945,17.8,5.8,Natural,Forest Fire,24,Wildfire spreading through forest areas threatening nearby settlements.,False
2025-03-06,Disaster,43,Shimla,31.0877,77.1004,19.3,4.7,Natural,Dust Storm,64,Severe dust storm reducing visibility and causing respiratory issues.,False
2025-03-07,Disaster,47,Gangtok,27.2116,88.5935,29.4,9.4,Natural,Heatwave,142,Prolonged period of extremely high temperatures affecting vulnerable populations.,True
2025-03-07,Fire,19,Shimla,31.2659,77.2196,17.0,7.7,Natural,Forest Fire,81,Wildfire spreading through forest areas threatening nearby settlements.,False
2025-03-07,Fire,16,Ranchi,23.2133,85.4083,13.1,6.8,Natural,Forest Fire,20,Wildfire spreading through forest areas threatening nearby settlements.,False
2025-03-07,Disaster,88,Indore,22.5515,75.788,25.7,5.7,Natural,Heatwave,140,Prolonged period of extremely high temperatures affecting vulnerable populations.,False
2025-03-07,Medical,67,Bhubaneswar,20.1401,85.7725,11.0,2.3,Healthcare,Gastroenteritis Outbreak,110,"Outbreak of gastroenteritis affecting multiple communities, likely from contaminated water.",False
2025-03-07,Disaster,82,Patna,25.4777,85.168,20.4,6.9,Natural,Dust Storm,40,Severe dust storm reducing visibility and causing respiratory issues.,False
2025-03-07,Disaster,91,Kohima,25.7253,94.0349,21.4,6.3,Natural,Dust Storm,83,Severe dust storm reducing visibility and causing respiratory issues.,False
2025-03-08,Fire,62,Chennai,12.9187,80.4314,10.7,8.9,Natural,Forest Fire,99,Wildfire spreading through forest areas threatening nearby settlements.,True
2025-03-08,Fire,35,Guwahati,26.2389,91.9068,19.6,6.1,Natural,Forest Fire,111,Wildfire spreading through forest areas threatening nearby settlements.,False
2025-03-08,Disaster,85,Bengaluru,13.0888,77.512,20.9,9.2,Natural,Drought,106,Prolonged dry period affecting agriculture and water availability.,True
2025-03-09,Fire,20,Amritsar,31.4392,74.9501,13.5,9.1,Natural,Forest Fire,7,Wildfire spreading through forest areas threatening nearby settlements.,True
2025-03-09,Medical,54,Bhubaneswar,20.2196,85.9197,12.4,6.5,Healthcare,Heatstroke Wave,119,"Multiple cases of heatstroke amid extreme temperatures, affecting vulnerable populations.",False
2025-03-09,Medical,38,Raipur,21.3107,81.6287,14.4,4.1,Healthcare,Gastroenteritis Outbreak,93,"Outbreak of gastroenteritis affecting multiple communities, likely from contaminated water.",False
2025-03-09,Disaster,94,Odisha,20.3518,84.6835,25.9,6.1,Natural,Drought,139,Prolonged dry period affecting agriculture and water availability.,False
2025-03-10,Medical,53,Ranchi,23.1457,85.1455,16.0,2.1,Healthcare,Gastroenteritis Outbreak,50,"Outbreak of gastroenteritis affecting multiple communities, likely from contaminated water.",False
2025-03-10,Medical,54,Ahmedabad,22.8269,72.4925,9.7,4.8,Healthcare,Gastroenteritis Outbreak,105,"Outbreak of gastroenteritis affecting multiple communities, likely from contaminated water.",False
2025-03-10,Disaster,79,Bhubaneswar,20.4641,85.88,35.0,6.7,Natural,Drought,189,Prolonged dry period affecting agriculture and water availability.,False
2025-03-10,Disaster,48,Bhopal,23.2745,77.4738,33.5,7.5,Natural,Heatwave,94,Prolonged period of extremely high temperatures affecting vulnerable populations.,False
2025-03-10,Medical,39,Allahabad,25.4997,81.998,12.6,5.0,Healthcare,Gastroenteritis Outbreak,31,"Outbreak of gastroenteritis affecting multiple communities, likely from contaminated water.",False
2025-03-10,Disaster,88,Vadodara,22.2987,73.3291,28.9,6.8,Natural,Drought,173,Prolonged dry period affecting agriculture and water availability.,False
2025-03-10,Fire,21,Guwahati,26.2763,91.8092,16.8,9.2,Natural,Forest Fire,148,Wildfire spreading through forest areas threatening nearby settlements.,True
2025-03-10,Medical,72,Hyderabad,17.4867,78.6813,10.7,3.5,Healthcare,Gastroenteritis Outbreak,143,"Outbreak of gastroenteritis affecting multiple communities, likely from contaminated water.",False
2025-03-10,Medical,66,Raipur,21.0673,81.6884,12.9,5.6,Healthcare,Heatstroke Wave,30,"Multiple cases of heatstroke amid extreme temperatures, affecting vulnerable populations.",False
2025-03-11,Medical,61,Gangtok,27.1821,88.7223,10.2,2.4,Healthcare,Heatstroke Wave,37,"Multiple cases of heatstroke amid extreme temperatures, affecting vulnerable populations.",False
2025-03-11,Fire,25,Bhopal,23.0648,77.3807,20.1,8.3,Natural,Forest Fire,29,Wildfire spreading through forest areas threatening nearby settlements.,True
2025-03-11,Disaster,57,Gwalior,26.1141,77.9904,28.0,7.1,Natural,Heatwave,129,Prolonged period of extremely high temperatures affecting vulnerable populations.,False
2025-03-11,Disaster,46,Chandigarh,30.6677,76.6003,22.9,4.4,Natural,Dust Storm,40,Severe dust storm reducing visibility and causing respiratory issues.,False
2025-03-11,Medical,76,Kohima,25.5565,94.1685,16.1,4.3,Healthcare,Gastroenteritis Outbreak,131,"Outbreak of gastroenteritis affecting multiple communities, likely from contaminated water.",False
2025-03-11,Medical,30,Raipur,21.4461,81.4302,13.9,6.7,Healthcare,Heatstroke Wave,23,"Multiple cases of heatstroke amid extreme temperatures, affecting vulnerable populations.",False
2025-03-11,Fire,21,Amritsar,31.6129,74.7713,15.9,6.3,Natural,Forest Fire,105,Wildfire spreading through forest areas threatening nearby settlements.,False
2025-03-11,Disaster,62,Kochi,10.0717,76.1441,31.7,4.9,Natural,Drought,171,Prolonged dry period affecting agriculture and water availability.,False
2025-03-12,Disaster,69,Agartala,23.6608,91.1721,29.4,9.5,Natural,Dust Storm,106,Severe dust storm reducing visibility and causing respiratory issues.,True
2025-03-12,Medical,127,Delhi,28.7124,77.3802,11.8,5.9,Healthcare,Gastroenteritis Outbreak,85,"Outbreak of gastroenteritis affecting multiple communities, likely from contaminated water.",False
2025-03-12,Fire,10,Udaipur,24.6538,73.6897,19.7,8.0,Natural,Forest Fire,49,Wildfire spreading through forest areas threatening nearby settlements.,False
2025-03-12,Fire,31,Shimla,30.9266,77.2308,18.3,9.4,Natural,Forest Fire,29,Wildfire spreading through forest areas threatening nearby settlements.,True
2025-03-12,Disaster,90,Jaipur,26.9209,75.8779,23.8,9.0,Natural,Dust Storm,119,Severe dust storm reducing visibility and causing respiratory issues.,True
2025-03-12,Disaster,45,Srinagar,34.2329,74.7512,23.3,7.1,Natural,Dust Storm,25,Severe dust storm reducing visibility and causing respiratory issues.,False
2025-03-12,Medical,33,Thiruvananthapuram,8.4487,77.0937,14.3,2.1,Healthcare,Heatstroke Wave,106,"Multiple cases of heatstroke amid extreme temperatures, affecting vulnerable populations.",False
2025-03-13,Medical,72,Surat,21.0463,72.7076,12.2,5.5,Healthcare,Gastroenteritis Outbreak,77,"Outbreak of gastroenteritis affecting multiple communities, likely from contaminated water.",False
2025-03-13,Disaster,55,Shillong,25.4538,91.7676,19.0,5.4,Natural,Dust Storm,109,Severe dust storm reducing visibility and causing respiratory issues.,False
2025-03-13,Fire,28,Bhubaneswar,20.1137,85.9843,15.0,6.0,Natural,Forest Fire,73,Wildfire spreading through forest areas threatening nearby settlements.,False
2025-03-13,Disaster,41,Leh,34.3141,77.5597,24.8,5.3,Natural,Dust Storm,145,Severe dust storm reducing visibility and causing respiratory issues.,False
2025-03-13,Disaster,92,Goa,15.3066,73.9685,29.5,4.7,Natural,Heatwave,106,Prolonged period of extremely high temperatures affecting vulnerable populations.,False
2025-03-13,Disaster,56,Jaipur,26.9142,75.8646,23.1,7.2,Natural,Heatwave,89,Prolonged period of extremely high temperatures affecting vulnerable populations.,False
2025-03-13,Disaster,96,Surat,21.2346,72.9305,20.6,6.4,Natural,Heatwave,119,Prolonged period of extremely high temperatures affecting vulnerable populations.,False
2025-03-14,Disaster,54,Varanasi,25.2695,83.007,35.1,7.6,Natural,Dust Storm,58,Severe dust storm reducing visibility and causing respiratory issues.,False
2025-03-14,Disaster,82,Agartala,23.7537,91.482,31.1,8.1,Natural,Heatwave,96,Prolonged period of extremely high temperatures affecting vulnerable populations.,True
2025-03-14,Medical,76,Gwalior,26.3111,78.2969,16.4,6.5,Healthcare,Gastroenteritis Outbreak,59,"Outbreak of gastroenteritis affecting multiple communities, likely from contaminated water.",False
2025-03-14,Medical,71,Agartala,23.7389,91.3461,11.5,2.1,Healthcare,Heatstroke Wave,116,"Multiple cases of heatstroke amid extreme temperatures, affecting vulnerable populations.",False
2025-03-14,Medical,79,Agra,27.3481,78.1756,13.4,6.7,Healthcare,Heatstroke Wave,78,"Multiple cases of heatstroke amid extreme temperatures, affecting vulnerable populations.",False
2025-03-14,Medical,51,Pune,18.4966,73.9185,9.5,5.5,Healthcare,Heatstroke Wave,27,"Multiple cases of heatstroke amid extreme temperatures, affecting vulnerable populations.",False
2025-03-14,Medical,54,Agra,27.3453,77.9512,11.9,3.4,Healthcare,Gastroenteritis Outbreak,96,"Outbreak of gastroenteritis affecting multiple communities, likely from contaminated water.",False
2025-03-14,Fire,85,Bengaluru,13.1703,77.4519,14.0,7.2,Natural,Forest Fire,11,Wildfire spreading through forest areas threatening nearby settlements.,False
2025-03-14,Medical,80,Odisha,20.5739,84.3923,11.8,5.6,Healthcare,Gastroenteritis Outbreak,89,"Outbreak of gastroenteritis affecting multiple communities, likely from contaminated water.",False
2025-03-14,Disaster,46,Hyderabad,17.5737,78.3349,19.1,8.7,Natural,Heatwave,56,Prolonged period of extremely high temperatures affecting vulnerable populations.,True
2025-03-14,Disaster,95,Jodhpur,26.1029,72.9978,28.9,7.9,Natural,Dust Storm,129,Severe dust storm reducing visibility and causing respiratory issues.,False
2025-03-14,Medical,51,Ranchi,23.4067,85.2074,12.0,6.1,Healthcare,Gastroenteritis Outbreak,37,"Outbreak of gastroenteritis affecting multiple communities, likely from contaminated water.",False
2025-03-14,Fire,37,Kochi,10.0609,76.3554,20.5,7.3,Natural,Forest Fire,50,Wildfire spreading through forest areas threatening nearby settlements.,False
2025-03-14,Medical,50,Surat,21.0285,72.6491,12.1,4.2,Healthcare,Gastroenteritis Outbreak,53,"Outbreak of gastroenteritis affecting multiple communities, likely from contaminated water.",False
2025-03-15,Medical,51,Bhubaneswar,20.3398,85.6523,12.2,4.8,Healthcare,Gastroenteritis Outbreak,26,"Outbreak of gastroenteritis affecting multiple communities, likely from contaminated water.",False
2025-03-15,Medical,56,Chandigarh,30.83,76.6771,13.2,2.9,Healthcare,Heatstroke Wave,129,"Multiple cases of heatstroke amid extreme temperatures, affecting vulnerable populations.",False
2025-03-15,Disaster,100,Imphal,24.9337,94.1275,28.1,6.0,Natural,Dust Storm,14,Severe dust storm reducing visibility and causing respiratory issues.,False
2025-03-16,Medical,49,Mysore,12.2929,76.4678,15.2,5.3,Healthcare,Gastroenteritis Outbreak,124,"Outbreak of gastroenteritis affecting multiple communities, likely from contaminated water.",False
2025-03-16,Disaster,47,Goa,15.2005,74.2441,24.5,4.1,Natural,Drought,188,Prolonged dry period affecting agriculture and water availability.,False
2025-03-16,Medical,63,Mysore,12.2559,76.6379,16.8,5.6,Healthcare,Heatstroke Wave,64,"Multiple cases of heatstroke amid extreme temperatures, affecting vulnerable populations.",False
2025-03-16,Disaster,76,Shimla,30.9787,77.1643,24.8,6.0,Natural,Dust Storm,9,Severe dust storm reducing visibility and causing respiratory issues.,False
2025-03-16,Disaster,52,Hyderabad,17.415,78.3157,23.5,4.4,Natural,Drought,102,Prolonged dry period affecting agriculture and water availability.,False
2025-03-16,Fire,11,Allahabad,25.5104,81.9786,20.6,5.7,Natural,Forest Fire,135,Wildfire spreading through forest areas threatening nearby settlements.,False
2025-03-16,Fire,10,Amritsar,31.7136,74.8234,20.0,7.3,Natural,Forest Fire,92,Wildfire spreading through forest areas threatening nearby settlements.,False
2025-03-17,Fire,11,Kohima,25.7963,94.1942,17.6,4.2,Natural,Forest Fire,135,Wildfire spreading through forest areas threatening nearby settlements.,False
2025-03-17,Disaster,188,Mumbai,19.1807,72.8863,22.0,5.3,Natural,Drought,162,Prolonged dry period affecting agriculture and water availability.,False
2025-03-17,Disaster,44,Gwalior,26.3224,78.2644,21.2,9.4,Natural,Dust Storm,129,Severe dust storm reducing visibility and causing respiratory issues.,True
2025-03-17,Disaster,97,Jodhpur,26.1559,72.9059,20.9,5.2,Natural,Drought,106,Prolonged dry period affecting agriculture and water availability.,False
2025-03-17,Medical,66,Hyderabad,17.4034,78.5847,9.4,4.4,Healthcare,Gastroenteritis Outbreak,21,"Outbreak of gastroenteritis affecting multiple communities, likely from contaminated water.",False
2025-03-17,Fire,33,Shillong,25.4509,91.8791,17.6,6.8,Natural,Forest Fire,144,Wildfire spreading through forest areas threatening nearby settlements.,False
2025-03-17,Medical,53,Kochi,10.1055,76.3776,15.4,6.8,Healthcare,Gastroenteritis Outbreak,136,"Outbreak of gastroenteritis affecting multiple communities, likely from contaminated water.",False
2025-03-17,Disaster,46,Jodhpur,26.2128,73.1476,30.7,4.2,Natural,Heatwave,82,Prolonged period of extremely high temperatures affecting vulnerable populations.,False
2025-03-18,Medical,76,Jodhpur,26.0716,72.8655,15.3,5.6,Healthcare,Heatstroke Wave,129,"Multiple cases of heatstroke amid extreme temperatures, affecting vulnerable populations.",False
2025-03-18,Disaster,83,Agra,27.2761,78.0688,29.1,6.2,Natural,Heatwave,108,Prolonged period of extremely high temperatures affecting vulnerable populations.,False
2025-03-18,Disaster,84,Goa,15.4528,74.2348,20.8,6.8,Natural,Drought,192,Prolonged dry period affecting agriculture and water availability.,False
2025-03-18,Medical,66,Goa,15.2426,74.2855,12.5,5.2,Healthcare,Heatstroke Wave,31,"Multiple cases of heatstroke amid extreme temperatures, affecting vulnerable populations.",False
2025-03-18,Medical,146,Bengaluru,12.8671,77.4046,9.4,6.4,Healthcare,Heatstroke Wave,9,"Multiple cases of heatstroke amid extreme temperatures, affecting vulnerable populations.",False
2025-03-18,Fire,35,Gwalior,26.0378,78.1338,17.7,7.3,Natural,Forest Fire,17,Wildfire spreading through forest areas threatening nearby settlements.,False
2025-03-19,Disaster,79,Goa,15.4452,74.0017,35.6,4.1,Natural,Drought,158,Prolonged dry period affecting agriculture and water availability.,False
2025-03-19,Disaster,44,Jaipur,26.7984,75.7076,34.8,9.4,Natural,Heatwave,102,Prolonged period of extremely high temperatures affecting vulnerable populations.,True
2025-03-19,Medical,60,Thiruvananthapuram,8.6218,76.7571,17.5,6.6,Healthcare,Heatstroke Wave,135,"Multiple cases of heatstroke amid extreme temperatures, affecting vulnerable populations.",False
2025-03-19,Fire,18,Patna,25.6251,85.1412,17.1,7.6,Natural,Forest Fire,107,Wildfire spreading through forest areas threatening nearby settlements.,False
2025-03-19,Disaster,44,Chandigarh,30.7519,76.6955,23.6,4.2,Natural,Heatwave,82,Prolonged period of extremely high temperatures affecting vulnerable populations.,False
2025-03-19,Medical,97,Kolkata,22.5433,88.5119,10.5,4.3,Healthcare,Gastroenteritis Outbreak,44,"Outbreak of gastroenteritis affecting multiple communities, likely from contaminated water.",False
2025-03-19,Fire,26,Mangalore,12.9952,74.6863,16.4,7.8,Natural,Forest Fire,118,Wildfire spreading through forest areas threatening nearby settlements.,False
2025-03-19,Disaster,58,Gwalior,26.1039,78.314,33.9,8.1,Natural,Dust Storm,93,Severe dust storm reducing visibility and causing respiratory issues.,True
2025-03-19,Disaster,54,Kohima,25.854,94.3024,28.6,6.0,Natural,Dust Storm,77,Severe dust storm reducing visibility and causing respiratory issues.,False
2025-03-19,Disaster,58,Bhopal,23.2783,77.2356,29.9,5.5,Natural,Dust Storm,130,Severe dust storm reducing visibility and causing respiratory issues.,False
2025-03-19,Fire,36,Nagpur,21.3141,78.9896,18.3,8.3,Natural,Forest Fire,133,Wildfire spreading through forest areas threatening nearby settlements.,True
2025-03-20,Medical,48,Nagpur,21.198,79.2554,12.9,5.4,Healthcare,Gastroenteritis Outbreak,79,"Outbreak of gastroenteritis affecting multiple communities, likely from contaminated water.",False
2025-03-20,Disaster,91,Shimla,31.2804,77.1618,21.9,5.2,Natural,Drought,137,Prolonged dry period affecting agriculture and water availability.,False
2025-03-20,Disaster,91,Agra,27.0936,78.0586,25.0,5.7,Natural,Dust Storm,69,Severe dust storm reducing visibility and causing respiratory issues.,False
2025-03-20,Fire,20,Kohima,25.6696,93.9951,15.1,9.5,Natural,Forest Fire,89,Wildfire spreading through forest areas threatening nearby settlements.,True
2025-03-20,Disaster,154,Delhi,28.5262,77.1697,24.7,8.9,Natural,Heatwave,59,Prolonged period of extremely high temperatures affecting vulnerable populations.,True
2025-03-20,Fire,24,Ranchi,23.2109,85.4528,16.4,9.2,Natural,Forest Fire,108,Wildfire spreading through forest areas threatening nearby settlements.,True
2025-03-21,Disaster,86,Shimla,31.2521,77.2795,29.8,9.2,Natural,Heatwave,117,Prolonged period of extremely high temperatures affecting vulnerable populations.,True
2025-03-21,Disaster,95,Bhopal,23.0616,77.4132,20.4,6.8,Natural,Dust Storm,145,Severe dust storm reducing visibility and causing respiratory issues.,False
2025-03-21,Disaster,56,Guwahati,26.2643,91.9166,30.1,4.1,Natural,Drought,153,Prolonged dry period affecting agriculture and water availability.,False
2025-03-22,Medical,69,Odisha,20.5534,84.3469,11.9,3.2,Healthcare,Heatstroke Wave,65,"Multiple cases of heatstroke amid extreme temperatures, affecting vulnerable populations.",False
2025-03-22,Fire,25,Mangalore,12.8962,74.7387,18.4,5.7,Natural,Forest Fire,93,Wildfire spreading through forest areas threatening nearby settlements.,False
2025-03-22,Fire,25,Allahabad,25.5988,81.9308,14.6,8.0,Natural,Forest Fire,141,Wildfire spreading through forest areas threatening nearby settlements.,False
2025-03-22,Disaster,98,Delhi,28.5434,77.3093,21.6,5.0,Natural,Heatwave,106,Prolonged period of extremely high temperatures affecting vulnerable populations.,False
2025-03-22,Disaster,70,Odisha,20.4311,84.3229,29.2,7.8,Natural,Heatwave,74,Prolonged period of extremely high temperatures affecting vulnerable populations.,False
2025-03-22,Medical,46,Nagpur,21.0357,78.8987,14.7,2.1,Healthcare,Gastroenteritis Outbreak,95,"Outbreak of gastroenteritis affecting multiple communities, likely from contaminated water.",False
2025-03-22,Fire,10,Jaipur,26.7735,75.6393,19.1,6.2,Natural,Forest Fire,105,Wildfire spreading through forest areas threatening nearby settlements.,False
2025-03-22,Medical,36,Bhubaneswar,20.4348,85.6537,16.0,2.6,Healthcare,Heatstroke Wave,65,"Multiple cases of heatstroke amid extreme temperatures, affecting vulnerable populations.",False
2025-03-22,Disaster,71,Agra,27.0297,77.9018,25.3,6.0,Natural,Heatwave,136,Prolonged period of extremely high temperatures affecting vulnerable populations.,False
2025-03-23,Disaster,99,Lucknow,27.0128,80.8778,27.9,9.1,Natural,Drought,141,Prolonged dry period affecting agriculture and water availability.,True
2025-03-23,Medical,40,Ranchi,23.3392,85.2407,13.6,5.3,Healthcare,Heatstroke Wave,146,"Multiple cases of heatstroke amid extreme temperatures, affecting vulnerable populations.",False
2025-03-23,Disaster,45,Chandigarh,30.6125,76.825,22.7,7.5,Natural,Heatwave,65,Prolonged period of extremely high temperatures affecting vulnerable populations.,False
2025-03-23,Medical,75,Udaipur,24.5166,73.7206,14.1,2.7,Healthcare,Gastroenteritis Outbreak,140,"Outbreak of gastroenteritis affecting multiple communities, likely from contaminated water.",False
2025-03-23,Medical,30,Shimla,31.1163,77.1279,13.8,5.4,Healthcare,Heatstroke Wave,91,"Multiple cases of heatstroke amid extreme temperatures, affecting vulnerable populations.",False
2025-03-23,Disaster,49,Thiruvananthapuram,8.7123,76.7422,33.3,7.0,Natural,Drought,150,Prolonged dry period affecting agriculture and water availability.,False
2025-03-23,Disaster,92,Vadodara,22.5062,73.3358,27.1,8.1,Natural,Drought,107,Prolonged dry period affecting agriculture and water availability.,True
2025-03-23,Fire,34,Jodhpur,26.1226,72.8869,15.0,4.0,Natural,Forest Fire,9,Wildfire spreading through forest areas threatening nearby settlements.,False
2025-03-24,Disaster,56,Patna,25.6383,85.2101,19.8,6.8,Natural,Dust Storm,93,Severe dust storm reducing visibility and causing respiratory issues.,False
2025-03-24,Medical,84,Mumbai,18.887,72.6976,9.4,2.5,Healthcare,Gastroenteritis Outbreak,119,"Outbreak of gastroenteritis affecting multiple communities, likely from contaminated water.",False
2025-03-25,Fire,21,Shillong,25.4735,91.7022,16.1,7.8,Natural,Forest Fire,98,Wildfire spreading through forest areas threatening nearby settlements.,False
2025-03-25,Fire,17,Varanasi,25.3611,82.9832,14.5,9.5,Natural,Forest Fire,28,Wildfire spreading through forest areas threatening nearby settlements.,True
2025-03-25,Medical,70,Mumbai,18.9218,73.0622,9.9,5.3,Healthcare,Gastroenteritis Outbreak,150,"Outbreak of gastroenteritis affecting multiple communities, likely from contaminated water.",False
2025-03-25,Disaster,163,Mumbai,19.1686,72.739,22.0,6.6,Natural,Drought,81,Prolonged dry period affecting agriculture and water availability.,False
2025-03-25,Disaster,72,Kohima,25.6255,93.9369,20.0,6.4,Natural,Heatwave,74,Prolonged period of extremely high temperatures affecting vulnerable populations.,False
2025-03-25,Disaster,83,Dehradun,30.2829,78.0514,30.3,7.9,Natural,Heatwave,50,Prolonged period of extremely high temperatures affecting vulnerable populations.,False
2025-03-26,Medical,65,Kolkata,22.5176,88.2876,10.8,5.3,Healthcare,Gastroenteritis Outbreak,90,"Outbreak of gastroenteritis affecting multiple communities, likely from contaminated water.",False
2025-03-26,Disaster,99,Gwalior,26.3229,78.2718,32.2,5.0,Natural,Drought,190,Prolonged dry period affecting agriculture and water availability.,False
2025-03-26,Fire,28,Srinagar,34.2416,74.9267,20.4,8.6,Natural,Forest Fire,35,Wildfire spreading through forest areas threatening nearby settlements.,True
2025-03-26,Disaster,79,Patna,25.4407,85.1594,27.0,6.5,Natural,Heatwave,113,Prolonged period of extremely high temperatures affecting vulnerable populations.,False
2025-03-26,Medical,36,Indore,22.6683,75.7237,14.1,4.9,Healthcare,Gastroenteritis Outbreak,71,"Outbreak of gastroenteritis affecting multiple communities, likely from contaminated water.",False
2025-03-26,Disaster,61,Gwalior,26.1348,78.1401,21.4,6.3,Natural,Heatwave,123,Prolonged period of extremely high temperatures affecting vulnerable populations.,False
2025-03-26,Medical,33,Visakhapatnam,17.6652,83.4094,16.3,6.5,Healthcare,Heatstroke Wave,21,"Multiple cases of heatstroke amid extreme temperatures, affecting vulnerable populations.",False
2025-03-26,Medical,62,Raipur,21.2257,81.7264,15.8,4.3,Healthcare,Heatstroke Wave,45,"Multiple cases of heatstroke amid extreme temperatures, affecting vulnerable populations.",False
2025-03-26,Fire,40,Coimbatore,11.101,77.0624,19.3,8.5,Natural,Forest Fire,59,Wildfire spreading through forest areas threatening nearby settlements.,True
2025-03-28,Disaster,78,Varanasi,25.4125,82.8891,31.8,7.2,Natural,Heatwave,107,Prolonged period of extremely high temperatures affecting vulnerable populations.,False
2025-03-28,Medical,35,Thiruvananthapuram,8.533,76.7377,11.3,4.8,Healthcare,Gastroenteritis Outbreak,74,"Outbreak of gastroenteritis affecting multiple communities, likely from contaminated water.",False
2025-03-28,Fire,20,Udaipur,24.6603,73.7414,15.3,9.3,Natural,Forest Fire,138,Wildfire spreading through forest areas threatening nearby settlements.,True
2025-03-28,Medical,116,Bengaluru,12.9266,77.6214,11.6,2.3,Healthcare,Heatstroke Wave,48,"Multiple cases of heatstroke amid extreme temperatures, affecting vulnerable populations.",False
2025-03-28,Disaster,53,Goa,15.4042,74.1715,30.9,4.9,Natural,Heatwave,113,Prolonged period of extremely high temperatures affecting vulnerable populations.,False
2025-03-28,Disaster,79,Varanasi,25.2454,82.7824,27.9,6.8,Natural,Dust Storm,20,Severe dust storm reducing visibility and causing respiratory issues.,False
2025-03-28,Fire,27,Agra,27.366,78.2042,15.8,7.4,Natural,Forest Fire,100,Wildfire spreading through forest areas threatening nearby settlements.,False
2025-03-28,Medical,53,Nagpur,21.0304,78.9792,12.1,6.2,Healthcare,Heatstroke Wave,21,"Multiple cases of heatstroke amid extreme temperatures, affecting vulnerable populations.",False
2025-03-28,Medical,33,Bhubaneswar,20.1171,85.8394,11.8,2.5,Healthcare,Heatstroke Wave,16,"Multiple cases of heatstroke amid extreme temperatures, affecting vulnerable populations.",False
2025-03-29,Medical,57,Goa,15.1655,73.9585,10.8,2.1,Healthcare,Heatstroke Wave,123,"Multiple cases of heatstroke amid extreme temperatures, affecting vulnerable populations.",False
2025-03-29,Medical,80,Chennai,13.1266,80.145,10.5,5.2,Healthcare,Gastroenteritis Outbreak,38,"Outbreak of gastroenteritis affecting multiple communities, likely from contaminated water.",False
2025-03-29,Disaster,67,Ranchi,23.4111,85.1774,34.2,9.1,Natural,Dust Storm,86,Severe dust storm reducing visibility and causing respiratory issues.,True
2025-03-29,Disaster,79,Varanasi,25.3836,82.8447,31.4,8.3,Natural,Dust Storm,55,Severe dust storm reducing visibility and causing respiratory issues.,True
2025-03-29,Disaster,53,Thiruvananthapuram,8.4484,77.0814,23.2,5.2,Natural,Drought,125,Prolonged dry period affecting agriculture and water availability.,False
2025-03-29,Medical,31,Leh,34.3295,77.3974,15.3,2.6,Healthcare,Gastroenteritis Outbreak,24,"Outbreak of gastroenteritis affecting multiple communities, likely from contaminated water.",False
2025-03-29,Disaster,130,Bengaluru,12.9414,77.5285,22.9,7.4,Natural,Drought,129,Prolonged dry period affecting agriculture and water availability.,False
2025-03-29,Medical,45,Dehradun,30.143,78.149,15.3,5.5,Healthcare,Gastroenteritis Outbreak,129,"Outbreak of gastroenteritis affecting multiple communities, likely from contaminated water.",False
2025-03-30,Disaster,76,Surat,21.0394,72.6533,19.5,6.6,Natural,Heatwave,150,Prolonged period of extremely high temperatures affecting vulnerable populations.,False
2025-03-30,Medical,80,Jodhpur,26.3455,72.8916,12.7,3.2,Healthcare,Heatstroke Wave,86,"Multiple cases of heatstroke amid extreme temperatures, affecting vulnerable populations.",False
2025-03-30,Disaster,64,Aizawl,23.6742,92.7839,26.1,4.8,Natural,Dust Storm,103,Severe dust storm reducing visibility and causing respiratory issues.,False
2025-03-30,Medical,45,Lucknow,26.9929,80.9796,14.2,3.1,Healthcare,Gastroenteritis Outbreak,129,"Outbreak of gastroenteritis affecting multiple communities, likely from contaminated water.",False
2025-03-30,Disaster,68,Ahmedabad,23.1164,72.5084,24.9,9.4,Natural,Drought,159,Prolonged dry period affecting agriculture and water availability.,True
2025-03-30,Medical,65,Surat,20.9854,72.9141,14.2,5.8,Healthcare,Heatstroke Wave,64,"Multiple cases of heatstroke amid extreme temperatures, affecting vulnerable populations.",False
2025-03-30,Disaster,54,Jaipur,26.8928,75.9792,31.7,7.7,Natural,Heatwave,145,Prolonged period of extremely high temperatures affecting vulnerable populations.,False
2025-03-31,Disaster,98,Varanasi,25.3294,82.9451,32.4,6.4,Natural,Heatwave,50,Prolonged period of extremely high temperatures affecting vulnerable populations.,False
2025-03-31,Medical,41,Bhubaneswar,20.4762,85.7135,14.8,6.6,Healthcare,Gastroenteritis Outbreak,100,"Outbreak of gastroenteritis affecting multiple communities, likely from contaminated water.",False
2025-03-31,Disaster,65,Mumbai,19.1941,73.0381,20.3,5.5,Natural,Heatwave,144,Prolonged period of extremely high temperatures affecting vulnerable populations.,False
2025-03-31,Medical,73,Nagpur,21.3085,78.9691,15.2,5.7,Healthcare,Gastroenteritis Outbreak,72,"Outbreak of gastroenteritis affecting multiple communities, likely from contaminated water.",False
2025-03-31,Disaster,73,Shillong,25.4135,91.7322,20.4,4.3,Natural,Dust Storm,72,Severe dust storm reducing visibility and causing respiratory issues.,False
2025-03-31,Fire,23,Dehradun,30.3058,77.8457,21.8,5.2,Natural,Forest Fire,128,Wildfire spreading through forest areas threatening nearby settlements.,False
2025-03-31,Disaster,46,Dehradun,30.4573,78.106,26.6,4.1,Natural,Heatwave,124,Prolonged period of extremely high temperatures affecting vulnerable populations.,False
2025-03-31,Medical,68,Kochi,9.7799,76.2291,11.2,2.3,Healthcare,Heatstroke Wave,44,"Multiple cases of heatstroke amid extreme temperatures, affecting vulnerable populations.",False
2025-03-31,Disaster,77,Imphal,24.7663,94.03,32.6,8.5,Natural,Heatwave,113,Prolonged period of extremely high temperatures affecting vulnerable populations.,True
2025-04-01,Disaster,51,Udaipur,24.4774,73.6796,27.4,9.2,Natural,Dust Storm,25,Severe dust storm reducing visibility and causing respiratory issues.,True
2025-04-01,Medical,78,Vadodara,22.3394,73.107,12.0,6.3,Healthcare,Heatstroke Wave,21,"Multiple cases of heatstroke amid extreme temperatures, affecting vulnerable populations.",False
2025-04-01,Disaster,166,Bengaluru,13.0925,77.7933,16.1,4.3,Natural,Drought,191,Prolonged dry period affecting agriculture and water availability.,False
2025-04-01,Disaster,75,Shimla,31.05,77.26,25.2,5.5,Natural,Dust Storm,59,Severe dust storm reducing visibility and causing respiratory issues.,False
2025-04-01,Disaster,69,Srinagar,34.0763,74.7082,20.2,4.1,Natural,Dust Storm,147,Severe dust storm reducing visibility and causing respiratory issues.,False
2025-04-01,Disaster,44,Visakhapatnam,17.5145,83.0372,26.6,5.4,Natural,Drought,190,Prolonged dry period affecting agriculture and water availability.,False
2025-04-01,Disaster,93,Vijayawada,16.628,80.6687,31.1,5.4,Natural,Drought,175,Prolonged dry period affecting agriculture and water availability.,False
2025-04-02,Disaster,100,Bhubaneswar,20.3406,85.9362,27.2,6.4,Natural,Heatwave,64,Prolonged period of extremely high temperatures affecting vulnerable populations.,False
2025-04-02,Medical,60,Vijayawada,16.467,80.7848,14.0,3.0,Healthcare,Gastroenteritis Outbreak,5,"Outbreak of gastroenteritis affecting multiple communities, likely from contaminated water.",False
2025-04-02,Disaster,73,Patna,25.4309,85.313,22.4,4.1,Natural,Heatwave,58,Prolonged period of extremely high temperatures affecting vulnerable populations.,False
2025-04-02,Fire,17,Srinagar,34.2743,74.9339,17.9,9.4,Natural,Forest Fire,107,Wildfire spreading through forest areas threatening nearby settlements.,True
2025-04-02,Medical,32,Imphal,24.7381,93.8199,13.4,2.7,Healthcare,Gastroenteritis Outbreak,50,"Outbreak of gastroenteritis affecting multiple communities, likely from contaminated water.",False
2025-04-02,Fire,33,Patna,25.3998,85.1513,14.5,5.0,Natural,Forest Fire,128,Wildfire spreading through forest areas threatening nearby settlements.,False
2025-04-02,Medical,53,Thiruvananthapuram,8.6538,76.7733,17.3,6.7,Healthcare,Gastroenteritis Outbreak,65,"Outbreak of gastroenteritis affecting multiple communities, likely from contaminated water.",False
2025-04-02,Disaster,80,Imphal,25.0157,93.7902,35.1,8.2,Natural,Dust Storm,125,Severe dust storm reducing visibility and causing respiratory issues.,True
2025-04-02,Disaster,134,Chennai,13.101,80.4179,18.6,4.1,Natural,Heatwave,124,Prolonged period of extremely high temperatures affecting vulnerable populations.,False
2025-04-02,Fire,37,Leh,34.0298,77.5312,18.6,8.1,Natural,Forest Fire,145,Wildfire spreading through forest areas threatening nearby settlements.,True
2025-04-03,Disaster,50,Aizawl,23.8633,92.7319,29.0,8.3,Natural,Dust Storm,133,Severe dust storm reducing visibility and causing respiratory issues.,True
2025-04-03,Medical,50,Shimla,30.9081,77.1566,16.0,5.7,Healthcare,Heatstroke Wave,83,"Multiple cases of heatstroke amid extreme temperatures, affecting vulnerable populations.",False
2025-04-03,Medical,75,Raipur,21.2966,81.4304,12.4,4.7,Healthcare,Heatstroke Wave,43,"Multiple cases of heatstroke amid extreme temperatures, affecting vulnerable populations.",False
2025-04-03,Disaster,51,Bhopal,23.0858,77.4697,24.5,9.2,Natural,Heatwave,52,Prolonged period of extremely high temperatures affecting vulnerable populations.,True
2025-04-03,Disaster,42,Lucknow,26.7465,80.7873,34.7,5.2,Natural,Dust Storm,146,Severe dust storm reducing visibility and causing respiratory issues.,False
2025-04-04,Disaster,65,Jaipur,27.0621,75.6873,34.3,9.4,Natural,Drought,85,Prolonged dry period affecting agriculture and water availability.,True
2025-04-04,Medical,53,Goa,15.331,74.2622,11.1,4.2,Healthcare,Heatstroke Wave,53,"Multiple cases of heatstroke amid extreme temperatures, affecting vulnerable populations.",False
2025-04-04,Fire,13,Guwahati,26.1227,91.6649,18.8,8.6,Natural,Forest Fire,76,Wildfire spreading through forest areas threatening nearby settlements.,True
2025-04-04,Fire,29,Kohima,25.6965,93.935,19.3,7.4,Natural,Forest Fire,115,Wildfire spreading through forest areas threatening nearby settlements.,False
2025-04-04,Fire,17,Vadodara,22.1155,73.3444,14.7,5.5,Natural,Forest Fire,57,Wildfire spreading through forest areas threatening nearby settlements.,False
2025-04-05,Medical,36,Indore,22.8148,75.7045,11.4,7.0,Healthcare,Gastroenteritis Outbreak,60,"Outbreak of gastroenteritis affecting multiple communities, likely from contaminated water.",False
2025-04-05,Disaster,59,Bhopal,23.3204,77.3247,29.2,9.0,Natural,Heatwave,80,Prolonged period of extremely high temperatures affecting vulnerable populations.,True
2025-04-05,Medical,94,Kolkata,22.7077,88.377,10.5,6.5,Healthcare,Gastroenteritis Outbreak,40,"Outbreak of gastroenteritis affecting multiple communities, likely from contaminated water.",False
2025-04-05,Medical,54,Mangalore,12.8724,74.7879,10.9,6.3,Healthcare,Gastroenteritis Outbreak,14,"Outbreak of gastroenteritis affecting multiple communities, likely from contaminated water.",False
2025-04-05,Medical,79,Agra,27.3662,77.8438,13.8,5.9,Healthcare,Gastroenteritis Outbreak,113,"Outbreak of gastroenteritis affecting multiple communities, likely from contaminated water.",False
2025-04-05,Medical,60,Nagpur,20.9578,78.9343,14.3,2.4,Healthcare,Heatstroke Wave,66,"Multiple cases of heatstroke amid extreme temperatures, affecting vulnerable populations.",False
2025-04-05,Medical,39,Gwalior,26.0548,78.2762,14.6,6.5,Healthcare,Heatstroke Wave,89,"Multiple cases of heatstroke amid extreme temperatures, affecting vulnerable populations.",False
2025-04-05,Medical,50,Thiruvananthapuram,8.5429,77.0845,11.3,5.8,Healthcare,Heatstroke Wave,144,"Multiple cases of heatstroke amid extreme temperatures, affecting vulnerable populations.",False
2025-04-06,Fire,24,Jodhpur,26.2556,73.1013,20.7,5.8,Natural,Forest Fire,48,Wildfire spreading through forest areas threatening nearby settlements.,False
2025-04-06,Disaster,84,Goa,15.4051,74.0658,32.7,5.6,Natural,Heatwave,100,Prolonged period of extremely high temperatures affecting vulnerable populations.,False
2025-04-06,Fire,32,Allahabad,25.2849,81.7502,14.0,7.4,Natural,Forest Fire,56,Wildfire spreading through forest areas threatening nearby settlements.,False
2025-04-06,Disaster,44,Kochi,9.8048,76.1313,30.1,5.5,Natural,Drought,167,Prolonged dry period affecting agriculture and water availability.,False
2025-04-06,Fire,34,Goa,15.3306,74.149,19.0,9.4,Natural,Forest Fire,14,Wildfire spreading through forest areas threatening nearby settlements.,True
2025-04-06,Fire,48,Mumbai,18.9843,72.841,12.1,8.1,Natural,Forest Fire,112,Wildfire spreading through forest areas threatening nearby settlements.,True
2025-04-06,Fire,13,Vijayawada,16.3403,80.6765,17.0,6.3,Natural,Forest Fire,128,Wildfire spreading through forest areas threatening nearby settlements.,False
2025-04-06,Disaster,87,Gwalior,26.0955,78.2604,28.1,5.5,Natural,Dust Storm,7,Severe dust storm reducing visibility and causing respiratory issues.,False
2025-04-07,Medical,70,Bhubaneswar,20.161,85.9661,13.0,4.2,Healthcare,Heatstroke Wave,130,"Multiple cases of heatstroke amid extreme temperatures, affecting vulnerable populations.",False
2025-04-07,Disaster,78,Shimla,31.1452,77.0064,27.8,8.6,Natural,Heatwave,117,Prolonged period of extremely high temperatures affecting vulnerable populations.,True
2025-04-07,Medical,60,Vadodara,22.2708,73.3477,13.1,3.3,Healthcare,Heatstroke Wave,34,"Multiple cases of heatstroke amid extreme temperatures, affecting vulnerable populations.",False
2025-04-07,Disaster,88,Ranchi,23.1949,85.5078,33.5,6.7,Natural,Dust Storm,77,Severe dust storm reducing visibility and causing respiratory issues.,False
2025-04-07,Disaster,58,Imphal,24.9815,93.7832,24.0,4.7,Natural,Heatwave,98,Prolonged period of extremely high temperatures affecting vulnerable populations.,False
2025-04-07,Disaster,106,Bengaluru,13.1459,77.4229,24.0,6.9,Natural,Drought,192,Prolonged dry period affecting agriculture and water availability.,False
2025-04-07,Disaster,82,Dehradun,30.3574,77.9186,26.1,9.3,Natural,Dust Storm,142,Severe dust storm reducing visibility and causing respiratory issues.,True
2025-04-07,Medical,59,Nagpur,21.0114,78.9211,14.8,3.9,Healthcare,Heatstroke Wave,95,"Multiple cases of heatstroke amid extreme temperatures, affecting vulnerable populations.",False
2025-04-07,Disaster,96,Chennai,12.9622,80.0723,17.7,9.1,Natural,Heatwave,129,Prolonged period of extremely high temperatures affecting vulnerable populations.,True
2025-04-08,Disaster,88,Shillong,25.6079,91.926,22.2,5.0,Natural,Drought,113,Prolonged dry period affecting agriculture and water availability.,False
2025-04-08,Disaster,94,Agartala,23.8428,91.1149,29.8,7.0,Natural,Heatwave,55,Prolonged period of extremely high temperatures affecting vulnerable populations.,False
2025-04-08,Medical,78,Indore,22.7133,75.6622,14.0,2.3,Healthcare,Heatstroke Wave,64,"Multiple cases of heatstroke amid extreme temperatures, affecting vulnerable populations.",False
2025-04-08,Medical,33,Visakhapatnam,17.5409,83.295,12.0,5.7,Healthcare,Heatstroke Wave,32,"Multiple cases of heatstroke amid extreme temperatures, affecting vulnerable populations.",False
2025-04-08,Fire,15,Gangtok,27.4846,88.6658,15.8,9.1,Natural,Forest Fire,126,Wildfire spreading through forest areas threatening nearby settlements.,True
2025-04-08,Medical,66,Mangalore,12.8524,74.7294,15.1,2.5,Healthcare,Heatstroke Wave,119,"Multiple cases of heatstroke amid extreme temperatures, affecting vulnerable populations.",False
2025-04-08,Fire,26,Lucknow,26.9993,81.1392,20.1,4.9,Natural,Forest Fire,88,Wildfire spreading through forest areas threatening nearby settlements.,False
2025-04-09,Fire,18,Lucknow,26.9487,80.9603,16.6,9.3,Natural,Forest Fire,58,Wildfire spreading through forest areas threatening nearby settlements.,True
2025-04-09,Fire,39,Jodhpur,26.1115,73.0484,12.8,4.1,Natural,Forest Fire,102,Wildfire spreading through forest areas threatening nearby settlements.,False
2025-04-09,Fire,23,Shillong,25.5687,92.046,19.3,8.8,Natural,Forest Fire,93,Wildfire spreading through forest areas threatening nearby settlements.,True
2025-04-09,Disaster,45,Chandigarh,30.8776,76.6368,32.3,7.4,Natural,Heatwave,99,Prolonged period of extremely high temperatures affecting vulnerable populations.,False
2025-04-09,Fire,10,Bhopal,23.3894,77.5253,16.4,8.0,Natural,Forest Fire,7,Wildfire spreading through forest areas threatening nearby settlements.,False
2025-04-09,Medical,96,Kolkata,22.7624,88.4498,8.7,2.1,Healthcare,Heatstroke Wave,19,"Multiple cases of heatstroke amid extreme temperatures, affecting vulnerable populations.",False
2025-04-09,Medical,64,Varanasi,25.3417,82.7744,11.4,2.9,Healthcare,Heatstroke Wave,90,"Multiple cases of heatstroke amid extreme temperatures, affecting vulnerable populations.",False
2025-04-10,Medical,78,Vadodara,22.4496,73.1717,16.9,5.7,Healthcare,Gastroenteritis Outbreak,26,"Outbreak of gastroenteritis affecting multiple communities, likely from contaminated water.",False
2025-04-10,Medical,31,Surat,21.0604,72.8014,16.1,3.8,Healthcare,Gastroenteritis Outbreak,147,"Outbreak of gastroenteritis affecting multiple communities, likely from contaminated water.",False
2025-04-10,Disaster,74,Srinagar,33.9208,74.818,24.4,5.6,Natural,Drought,192,Prolonged dry period affecting agriculture and water availability.,False
2025-04-11,Medical,53,Allahabad,25.39,81.8793,11.6,6.5,Healthcare,Gastroenteritis Outbreak,70,"Outbreak of gastroenteritis affecting multiple communities, likely from contaminated water.",False
2025-04-11,Medical,46,Raipur,21.3538,81.611,13.9,3.3,Healthcare,Heatstroke Wave,105,"Multiple cases of heatstroke amid extreme temperatures, affecting vulnerable populations.",False
2025-04-11,Disaster,59,Gangtok,27.1888,88.4248,31.8,5.0,Natural,Heatwave,130,Prolonged period of extremely high temperatures affecting vulnerable populations.,False
2025-04-12,Disaster,51,Gangtok,27.3581,88.6261,25.1,7.1,Natural,Drought,163,Prolonged dry period affecting agriculture and water availability.,False
2025-04-12,Medical,55,Visakhapatnam,17.7577,83.1179,14.8,3.3,Healthcare,Heatstroke Wave,133,"Multiple cases of heatstroke amid extreme temperatures, affecting vulnerable populations.",False
2025-04-12,Disaster,69,Lucknow,26.9331,80.9561,27.9,6.6,Natural,Heatwave,131,Prolonged period of extremely high temperatures affecting vulnerable populations.,False
2025-04-12,Fire,36,Jaipur,27.0345,75.6296,19.1,8.4,Natural,Forest Fire,8,Wildfire spreading through forest areas threatening nearby settlements.,True
2025-04-12,Medical,55,Bhubaneswar,20.3315,85.8911,13.3,2.3,Healthcare,Heatstroke Wave,73,"Multiple cases of heatstroke amid extreme temperatures, affecting vulnerable populations.",False
2025-04-12,Medical,78,Pune,18.5259,73.7364,10.4,5.3,Healthcare,Gastroenteritis Outbreak,44,"Outbreak of gastroenteritis affecting multiple communities, likely from contaminated water.",False
2025-04-12,Medical,74,Mysore,12.3387,76.5893,16.4,3.7,Healthcare,Gastroenteritis Outbreak,85,"Outbreak of gastroenteritis affecting multiple communities, likely from contaminated water.",False
2025-04-12,Disaster,70,Dehradun,30.1556,78.1028,26.3,9.3,Natural,Heatwave,139,Prolonged period of extremely high temperatures affecting vulnerable populations.,True
2025-04-12,Disaster,48,Varanasi,25.2202,83.135,27.4,4.5,Natural,Heatwave,63,Prolonged period of extremely high temperatures affecting vulnerable populations.,False
2025-04-12,Medical,38,Visakhapatnam,17.5947,83.3799,11.4,4.9,Healthcare,Gastroenteritis Outbreak,123,"Outbreak of gastroenteritis affecting multiple communities, likely from contaminated water.",False
2025-04-13,Medical,37,Chandigarh,30.8991,76.6711,12.1,3.1,Healthcare,Heatstroke Wave,103,"Multiple cases of heatstroke amid extreme temperatures, affecting vulnerable populations.",False
2025-04-13,Fire,30,Aizawl,23.7606,92.7727,18.0,6.0,Natural,Forest Fire,120,Wildfire spreading through forest areas threatening nearby settlements.,False
2025-04-13,Disaster,97,Vijayawada,16.6215,80.7088,24.6,7.0,Natural,Heatwave,94,Prolonged period of extremely high temperatures affecting vulnerable populations.,False
2025-04-13,Disaster,90,Mumbai,18.8873,72.9046,16.9,5.6,Natural,Drought,176,Prolonged dry period affecting agriculture and water availability.,False
2025-04-13,Disaster,41,Aizawl,23.5926,92.5454,26.9,5.3,Natural,Dust Storm,113,Severe dust storm reducing visibility and causing respiratory issues.,False
2025-04-13,Medical,36,Hyderabad,17.4322,78.3204,8.2,2.5,Healthcare,Gastroenteritis Outbreak,31,"Outbreak of gastroenteritis affecting multiple communities, likely from contaminated water.",False
2025-04-14,Disaster,62,Ahmedabad,22.9538,72.7171,15.2,5.1,Natural,Heatwave,78,Prolonged period of extremely high temperatures affecting vulnerable populations.,False
2025-04-14,Medical,64,Coimbatore,10.8429,77.1193,11.8,7.0,Healthcare,Heatstroke Wave,51,"Multiple cases of heatstroke amid extreme temperatures, affecting vulnerable populations.",False
2025-04-14,Disaster,79,Vijayawada,16.3773,80.665,23.1,9.4,Natural,Heatwave,130,Prolonged period of extremely high temperatures affecting vulnerable populations.,True
2025-04-14,Medical,68,Mysore,12.2236,76.6939,12.9,3.7,Healthcare,Heatstroke Wave,51,"Multiple cases of heatstroke amid extreme temperatures, affecting vulnerable populations.",False
2025-04-14,Disaster,99,Shillong,25.4915,91.6945,25.3,4.1,Natural,Drought,104,Prolonged dry period affecting agriculture and water availability.,False
2025-04-14,Medical,44,Bhubaneswar,20.3396,85.6957,12.6,4.9,Healthcare,Heatstroke Wave,13,"Multiple cases of heatstroke amid extreme temperatures, affecting vulnerable populations.",False
2025-04-14,Disaster,42,Hyderabad,17.463,78.5916,16.3,4.9,Natural,Drought,82,Prolonged dry period affecting agriculture and water availability.,False
2025-04-15,Medical,59,Shillong,25.4863,92.0813,14.5,3.1,Healthcare,Heatstroke Wave,140,"Multiple cases of heatstroke amid extreme temperatures, affecting vulnerable populations.",False
2025-04-15,Disaster,149,Kolkata,22.4337,88.4506,15.6,8.5,Natural,Drought,168,Prolonged dry period affecting agriculture and water availability.,True
2025-04-15,Disaster,53,Bhubaneswar,20.3747,85.732,28.0,7.1,Natural,Drought,112,Prolonged dry period affecting agriculture and water availability.,False
2025-04-15,Medical,67,Mysore,12.3702,76.4741,15.6,3.9,Healthcare,Heatstroke Wave,43,"Multiple cases of heatstroke amid extreme temperatures, affecting vulnerable populations.",False
2025-04-15,Disaster,117,Mumbai,19.0622,73.0471,22.8,5.3,Natural,Heatwave,73,Prolonged period of extremely high temperatures affecting vulnerable populations.,False
2025-04-15,Medical,36,Pune,18.3437,73.7471,9.9,6.1,Healthcare,Gastroenteritis Outbreak,129,"Outbreak of gastroenteritis affecting multiple communities, likely from contaminated water.",False
2025-04-16,Disaster,45,Aizawl,23.6691,92.8167,29.6,5.9,Natural,Dust Storm,61,Severe dust storm reducing visibility and causing respiratory issues.,False
2025-04-16,Disaster,49,Jodhpur,26.3368,73.1551,24.2,5.2,Natural,Dust Storm,108,Severe dust storm reducing visibility and causing respiratory issues.,False
2025-04-16,Medical,80,Mysore,12.2217,76.5123,15.7,4.2,Healthcare,Gastroenteritis Outbreak,88,"Outbreak of gastroenteritis affecting multiple communities, likely from contaminated water.",False
2025-04-16,Medical,63,Gangtok,27.2681,88.4834,15.2,3.5,Healthcare,Heatstroke Wave,57,"Multiple cases of heatstroke amid extreme temperatures, affecting vulnerable populations.",False
2025-04-16,Disaster,49,Ranchi,23.1613,85.1303,27.2,5.7,Natural,Heatwave,86,Prolonged period of extremely high temperatures affecting vulnerable populations.,False
2025-04-16,Fire,33,Ranchi,23.2198,85.4244,19.1,4.4,Natural,Forest Fire,32,Wildfire spreading through forest areas threatening nearby settlements.,False
2025-04-16,Medical,69,Aizawl,23.8711,92.6511,16.3,5.3,Healthcare,Heatstroke Wave,49,"Multiple cases of heatstroke amid extreme temperatures, affecting vulnerable populations.",False
2025-04-16,Fire,38,Udaipur,24.4779,73.6933,20.0,6.5,Natural,Forest Fire,27,Wildfire spreading through forest areas threatening nearby settlements.,False
2025-04-16,Disaster,67,Lucknow,26.7939,81.0157,22.6,9.5,Natural,Dust Storm,65,Severe dust storm reducing visibility and causing respiratory issues.,True
2025-04-16,Medical,43,Agartala,23.773,91.4663,13.7,3.0,Healthcare,Gastroenteritis Outbreak,106,"Outbreak of gastroenteritis affecting multiple communities, likely from contaminated water.",False
2025-04-16,Disaster,55,Odisha,20.3288,84.617,25.2,9.1,Natural,Heatwave,91,Prolonged period of extremely high temperatures affecting vulnerable populations.,True
2025-04-17,Medical,53,Kochi,10.0738,76.11,14.1,4.5,Healthcare,Gastroenteritis Outbreak,80,"Outbreak of gastroenteritis affecting multiple communities, likely from contaminated water.",False
2025-04-17,Disaster,63,Gangtok,27.32,88.6852,24.8,4.5,Natural,Heatwave,125,Prolonged period of extremely high temperatures affecting vulnerable populations.,False
2025-04-17,Medical,76,Agra,27.3181,78.1708,13.9,6.4,Healthcare,Gastroenteritis Outbreak,82,"Outbreak of gastroenteritis affecting multiple communities, likely from contaminated water.",False
2025-04-17,Medical,50,Gwalior,26.2359,78.2158,12.4,3.2,Healthcare,Heatstroke Wave,53,"Multiple cases of heatstroke amid extreme temperatures, affecting vulnerable populations.",False
2025-04-17,Disaster,76,Jodhpur,26.3525,72.9399,24.4,5.5,Natural,Dust Storm,34,Severe dust storm reducing visibility and causing respiratory issues.,False
2025-04-17,Disaster,53,Shimla,30.9914,77.0428,23.3,5.1,Natural,Dust Storm,14,Severe dust storm reducing visibility and causing respiratory issues.,False
2025-04-17,Disaster,76,Indore,22.6289,76.0238,26.6,4.5,Natural,Heatwave,112,Prolonged period of extremely high temperatures affecting vulnerable populations.,False
2025-04-18,Disaster,86,Allahabad,25.5625,81.7331,25.9,4.3,Natural,Dust Storm,93,Severe dust storm reducing visibility and causing respiratory issues.,False
2025-04-19,Disaster,40,Gangtok,27.3819,88.4159,33.4,7.1,Natural,Dust Storm,115,Severe dust storm reducing visibility and causing respiratory issues.,False
2025-04-19,Disaster,85,Chandigarh,30.5718,76.6347,25.1,7.5,Natural,Heatwave,129,Prolonged period of extremely high temperatures affecting vulnerable populations.,False
2025-04-19,Medical,41,Srinagar,34.1572,74.8025,11.5,3.3,Healthcare,Gastroenteritis Outbreak,32,"Outbreak of gastroenteritis affecting multiple communities, likely from contaminated water.",False
2025-04-19,Disaster,59,Udaipur,24.5252,73.8362,28.4,4.7,Natural,Heatwave,83,Prolonged period of extremely high temperatures affecting vulnerable populations.,False
2025-04-19,Disaster,71,Srinagar,34.2078,74.835,27.3,8.6,Natural,Drought,193,Prolonged dry period affecting agriculture and water availability.,True
2025-04-19,Disaster,65,Nagpur,21.2156,79.0598,28.0,9.4,Natural,Drought,91,Prolonged dry period affecting agriculture and water availability.,True
2025-04-19,Medical,68,Coimbatore,11.1072,76.8496,14.7,2.5,Healthcare,Heatstroke Wave,5,"Multiple cases of heatstroke amid extreme temperatures, affecting vulnerable populations.",False
2025-04-20,Disaster,67,Amritsar,31.5021,74.8747,27.5,4.4,Natural,Heatwave,82,Prolonged period of extremely high temperatures affecting vulnerable populations.,False
2025-04-20,Medical,67,Mangalore,12.8897,74.9355,12.4,2.1,Healthcare,Heatstroke Wave,74,"Multiple cases of heatstroke amid extreme temperatures, affecting vulnerable populations.",False
2025-04-20,Disaster,57,Leh,34.2664,77.7001,33.4,6.6,Natural,Heatwave,92,Prolonged period of extremely high temperatures affecting vulnerable populations.,False
2025-04-20,Medical,70,Bengaluru,13.0849,77.6063,10.4,6.6,Healthcare,Heatstroke Wave,15,"Multiple cases of heatstroke amid extreme temperatures, affecting vulnerable populations.",False
2025-04-20,Disaster,73,Pune,18.6658,73.7595,15.8,7.9,Natural,Heatwave,134,Prolonged period of extremely high temperatures affecting vulnerable populations.,False
2025-04-20,Disaster,66,Vadodara,22.3053,73.0923,19.2,6.8,Natural,Heatwave,50,Prolonged period of extremely high temperatures affecting vulnerable populations.,False
2025-04-21,Medical,36,Pune,18.563,73.7361,10.4,4.7,Healthcare,Heatstroke Wave,41,"Multiple cases of heatstroke amid extreme temperatures, affecting vulnerable populations.",False
2025-04-21,Medical,67,Mumbai,18.9012,73.0382,10.0,4.2,Healthcare,Gastroenteritis Outbreak,8,"Outbreak of gastroenteritis affecting multiple communities, likely from contaminated water.",False
2025-04-21,Medical,80,Indore,22.5492,76.054,14.1,5.9,Healthcare,Gastroenteritis Outbreak,22,"Outbreak of gastroenteritis affecting multiple communities, likely from contaminated water.",False
2025-04-21,Disaster,47,Surat,21.1635,72.7878,28.3,5.7,Natural,Drought,101,Prolonged dry period affecting agriculture and water availability.,False
2025-04-21,Medical,41,Nagpur,21.1262,78.9817,14.8,5.8,Healthcare,Gastroenteritis Outbreak,27,"Outbreak of gastroenteritis affecting multiple communities, likely from contaminated water.",False
2025-04-22,Fire,17,Jaipur,26.8661,75.9209,18.8,9.1,Natural,Forest Fire,89,Wildfire spreading through forest areas threatening nearby settlements.,True
2025-04-22,Disaster,47,Kochi,10.0214,76.3673,31.1,7.4,Natural,Heatwave,77,Prolonged period of extremely high temperatures affecting vulnerable populations.,False
2025-04-22,Fire,33,Agartala,23.9348,91.2702,16.4,7.3,Natural,Forest Fire,69,Wildfire spreading through forest areas threatening nearby settlements.,False
2025-04-22,Medical,46,Pune,18.621,73.8471,9.5,6.9,Healthcare,Heatstroke Wave,95,"Multiple cases of heatstroke amid extreme temperatures, affecting vulnerable populations.",False
2025-04-22,Disaster,68,Vadodara,22.2364,73.3475,18.9,4.9,Natural,Drought,99,Prolonged dry period affecting agriculture and water availability.,False
2025-04-22,Medical,108,Mumbai,19.1926,72.8142,10.5,5.2,Healthcare,Gastroenteritis Outbreak,42,"Outbreak of gastroenteritis affecting multiple communities, likely from contaminated water.",False
2025-04-23,Disaster,76,Patna,25.7551,85.2851,30.2,7.5,Natural,Dust Storm,73,Severe dust storm reducing visibility and causing respiratory issues.,False
2025-04-23,Fire,19,Pune,18.325,73.683,14.3,4.1,Natural,Forest Fire,51,Wildfire spreading through forest areas threatening nearby settlements.,False
2025-04-23,Fire,27,Patna,25.5278,84.9755,15.4,5.3,Natural,Forest Fire,128,Wildfire spreading through forest areas threatening nearby settlements.,False
2025-04-23,Medical,53,Odisha,20.6024,84.3858,12.1,2.4,Healthcare,Gastroenteritis Outbreak,78,"Outbreak of gastroenteritis affecting multiple communities, likely from contaminated water.",False
2025-04-23,Medical,85,Chennai,13.0968,80.2964,9.0,6.6,Healthcare,Heatstroke Wave,137,"Multiple cases of heatstroke amid extreme temperatures, affecting vulnerable populations.",False
2025-04-23,Fire,32,Leh,33.9568,77.6541,17.0,5.4,Natural,Forest Fire,74,Wildfire spreading through forest areas threatening nearby settlements.,False
2025-04-23,Disaster,97,Gangtok,27.1477,88.7273,24.1,8.8,Natural,Heatwave,101,Prolonged period of extremely high temperatures affecting vulnerable populations.,True
2025-04-23,Medical,83,Delhi,28.6545,77.3422,11.7,6.1,Healthcare,Gastroenteritis Outbreak,23,"Outbreak of gastroenteritis affecting multiple communities, likely from contaminated water.",False
2025-04-23,Fire,40,Amritsar,31.639,74.7911,16.5,5.7,Natural,Forest Fire,148,Wildfire spreading through forest areas threatening nearby settlements.,False
2025-04-23,Medical,165,Chennai,13.2604,80.2772,11.4,4.9,Healthcare,Gastroenteritis Outbreak,54,"Outbreak of gastroenteritis affecting multiple communities, likely from contaminated water.",False
2025-04-24,Medical,58,Leh,34.0429,77.6437,13.5,3.5,Healthcare,Heatstroke Wave,95,"Multiple cases of heatstroke amid extreme temperatures, affecting vulnerable populations.",False
2025-04-24,Medical,78,Bengaluru,12.8472,77.6088,10.4,5.1,Healthcare,Heatstroke Wave,53,"Multiple cases of heatstroke amid extreme temperatures, affecting vulnerable populations.",False
2025-04-24,Disaster,57,Dehradun,30.4164,78.1101,32.8,6.2,Natural,Heatwave,112,Prolonged period of extremely high temperatures affecting vulnerable populations.,False
2025-04-24,Fire,20,Dehradun,30.2962,77.8684,21.5,5.7,Natural,Forest Fire,12,Wildfire spreading through forest areas threatening nearby settlements.,False
2025-04-24,Disaster,49,Bhubaneswar,20.4501,85.8215,26.2,4.7,Natural,Drought,104,Prolonged dry period affecting agriculture and water availability.,False
2025-04-24,Fire,35,Raipur,21.2352,81.4558,15.1,7.6,Natural,Forest Fire,119,Wildfire spreading through forest areas threatening nearby settlements.,False
2025-04-24,Disaster,67,Vadodara,22.3797,73.1908,23.1,7.4,Natural,Heatwave,63,Prolonged period of extremely high temperatures affecting vulnerable populations.,False
2025-04-24,Disaster,66,Odisha,20.4292,84.5878,32.1,6.2,Natural,Heatwave,68,Prolonged period of extremely high temperatures affecting vulnerable populations.,False
2025-04-24,Fire,32,Odisha,20.4515,84.4522,17.1,9.2,Natural,Forest Fire,28,Wildfire spreading through forest areas threatening nearby settlements.,True
2025-04-25,Fire,39,Vijayawada,16.6621,80.6871,19.1,8.5,Natural,Forest Fire,111,Wildfire spreading through forest areas threatening nearby settlements.,True
2025-04-25,Disaster,55,Odisha,20.5311,84.5727,35.7,5.2,Natural,Heatwave,57,Prolonged period of extremely high temperatures affecting vulnerable populations.,False
2025-04-25,Medical,56,Agra,27.2951,78.1416,13.9,2.5,Healthcare,Heatstroke Wave,37,"Multiple cases of heatstroke amid extreme temperatures, affecting vulnerable populations.",False
2025-04-25,Disaster,56,Ahmedabad,23.0795,72.5502,18.9,8.4,Natural,Heatwave,50,Prolonged period of extremely high temperatures affecting vulnerable populations.,True
2025-04-25,Fire,24,Dehradun,30.4627,78.0042,20.4,7.0,Natural,Forest Fire,140,Wildfire spreading through forest areas threatening nearby settlements.,False
2025-04-25,Disaster,65,Patna,25.7172,85.1124,21.6,5.9,Natural,Heatwave,138,Prolonged period of extremely high temperatures affecting vulnerable populations.,False
2025-04-25,Medical,97,Bengaluru,13.0916,77.7504,9.0,3.9,Healthcare,Gastroenteritis Outbreak,130,"Outbreak of gastroenteritis affecting multiple communities, likely from contaminated water.",False
2025-04-25,Medical,34,Mysore,12.3291,76.4837,10.6,5.1,Healthcare,Gastroenteritis Outbreak,69,"Outbreak of gastroenteritis affecting multiple communities, likely from contaminated water.",False
2025-04-26,Fire,23,Dehradun,30.43,78.0727,16.1,6.0,Natural,Forest Fire,70,Wildfire spreading through forest areas threatening nearby settlements.,False
2025-04-26,Disaster,98,Agartala,23.6791,91.3547,23.7,6.0,Natural,Dust Storm,39,Severe dust storm reducing visibility and causing respiratory issues.,False
2025-04-26,Disaster,64,Srinagar,34.2072,74.786,22.1,5.5,Natural,Dust Storm,93,Severe dust storm reducing visibility and causing respiratory issues.,False
2025-04-26,Disaster,82,Odisha,20.4281,84.485,33.7,4.6,Natural,Heatwave,134,Prolonged period of extremely high temperatures affecting vulnerable populations.,False
2025-04-26,Disaster,61,Bhopal,23.1219,77.5417,28.2,6.2,Natural,Dust Storm,96,Severe dust storm reducing visibility and causing respiratory issues.,False
